job_url,job_name,job_company,job_technologies_stack,job_description,job_other_info
https://www.tecnoempleo.com/programador-business-central-crm-alquiler-maquinar/dynamics-365-business-c/rf-475812cc1270c379c843,Programador/a Business Central y CRM,Alquiler de Maquinaria Rentaire,"['Dynamics 365', 'Business Central', 'Powers Apps']","Programador/a Business Central y Microsoft CRM – Presencial
Puesto 100 % presencial. No se ofrece teletrabajo.

Buscamos una persona con experiencia en programación y ...",19/06/2026Madrid (Presencial)Analista Programador24.000€ - 30.000€ b/a
https://www.tecnoempleo.com/doctor-desarrollador-para-i-d-con-agentes-ia-singu/c-uml/rf-24131e844238f34ba24b,Doctor Desarrollador para I+D con Agentes IA,Singular Things,"['C', 'C++', 'UML']","Necesaria experiencia en programación en C/C++, Programación Orientado a Objetos y Comunicaciones (capas OSI).

Se valoran muy positivamente conocimientos de programación ...",19/06/2026Madrid (Híbrido)Electrónica54.000€ - 60.000€ b/a
https://www.tecnoempleo.com/tecnico-soporte-con-ingles-nextret/microinformatica-microsoft/rf-e78c16ec820f839e2a4b,Técnico/a de Soporte con inglés,Nextret,"['microinformatica', 'microsoft']","Buscamos un/a Técnico/a de Soporte con inglés conversacional para incorporarse a un proyecto de ampliación de servicio en cliente del sector movilidad, ubicado en Barcelona...","20/06/2026									Nueva
Barcelona (Híbrido)Soporte Técnico21.000€ - 21.000€ b/a"
https://www.tecnoempleo.com/analista-cyberark-remoto-grupo-ns/pam-psmp/rf-05791028e20d13566641,Analista CyberArk. Remoto,Grupo NS,"['cyberark', 'PAM', 'PSMP']","En Grupo NS buscamos un/a Analista CyberArk con experiencia en administración, evolución y soporte de plataformas PAM (Privileged Access Management) para participar en ...","20/06/2026									Nueva
100% remotoAnalista36.000€ - 39.000€ b/a"
https://www.tecnoempleo.com/teach-lead-ingeniero-software-super-proyectazo-aur/javascript-typescript/rf-ab491da4c288235ce740,Teach Lead Ingeniero de Software. Super proyectazo,aurora,"['JavaScript', 'TypeScript', 'Node.js.']","En Findnido estamos construyendo la plataforma tecnológica que está transformando el sector de las viviendas industrializadas mediante software e Inteligencia Artificial.

...","20/06/2026									Nueva
MadridArquitecto TIC54.000€ - 60.000€ b/a"
https://www.tecnoempleo.com/arquitecto-bmc-helix-itsm-remoto-grupo-ns/itil-remedy/rf-d3151d7332698319ee4f,Arquitecto/a BMC Helix ITSM - Remoto,Grupo NS,"['ITIL', 'HELIX', 'REMEDY']",En Grupo NS estamos seleccionando un/a Arquitecto/a BMC Helix ITSM para incorporarse a un importante proyecto del sector Telco. Buscamos un perfil técnico con experiencia en ...,"20/06/2026									Actualizada
100% remotoArquitecto TIC27.000€ - 36.000€ b/a"
https://www.tecnoempleo.com/electromecanico-retoques-sedecal/electromecanica/rf-0953154c9258c396da43,Electromecánico/a de retoques,Sedecal,['electromecanica'],"SEDECAL Empresa española de dispositivos electromédicos de diagnóstico por imagen
Retoques estéticos de Pintura en montajes electromecánicos de equipos, el candidato ...","20/06/2026									Actualizada
Madrid (Presencial)Ingenieros/Industria21.000€ - 24.000€ b/aJornada intensiva mañanaContrato temporal"
https://www.tecnoempleo.com/product-owner-voicebot-copilot-speech-digital-tale/speech-analytics-inteli/rf-49631fda12a5f38bb84c,"Product Owner (Voicebot, Copilot & Speech)",Digital Talent Agency,"['voicebot', 'copilot', 'speech analytics']","Descripción
Product Owner (Voicebot, Copilot & Speech Analytics) 100% Remoto 🇪🇸
¡Únete a nuestro equipo global y redefine el futuro de la experiencia del cliente!

En...","20/06/2026									Actualizada
100% remotoResponsable de Producto"
https://www.tecnoempleo.com/engineer-communications-and-network-n3-serem/redes-cisco/rf-adf0161be23313e6c447,Engineer Communications and Network N3,Serem,"['Redes', 'Cisco', 'VoIP']","En Serem queremos incorporar un/a Engineer Communications and Network N3 para importante cliente ubicado en Barcelona.

Se requiere:

experiencia en diseño, despliegue, ...","20/06/2026									Actualizada
Barcelona (Híbrido)Administrador"
https://www.tecnoempleo.com/cloud-engineers-aws-digital-talent-agency/terraform-gitlab/rf-a47915058223139e8044,Cloud Engineers (AWS),Digital Talent Agency,"['AWS', 'Terraform', 'GitLab']","Ubicación
Barcelona (Poblenou)

2 días presenciales por semana (obligatorio)
Residencia en Barcelona o alrededores imprescindible


Proyecto
Incorporación a un hub tecnoló...","20/06/2026									Actualizada
Barcelona (Híbrido)Administrador"
https://www.tecnoempleo.com/ingeniero-procesos-junior-page-personnel/industrial/rf-c0dc1b7e32ea03c8a348,Ingeniero/a de Procesos Junior,Page Personnel,['Industrial'],"Las principales funciones que realizarás como Ingeniero/a de procesos son:

• Analizarás y optimizarás procesos productivos para mejorar la eficiencia y la calidad...","20/06/2026									Actualizada
ValenciaIngenieros/Industria"
https://www.tecnoempleo.com/embedded-hw-sw-engineer-page-personnel/python-c/rf-0a5313f8625453f84c46,Embedded HW & SW Engineer,Page Personnel,"['Python', 'C++', 'Go']","• Definir la arquitectura de hardware y software, asegurando escalabilidad, fiabilidad y seguridad.
• Alinear las prioridades de ingeniería con los objetivos del negocio...","20/06/2026									Actualizada
Barcelona (Híbrido)Electrónica"
https://www.tecnoempleo.com/flight-on-board-sw-senior-engineer-gmv/c-c/rf-4d2010de2207f3aa724a,Flight on-board SW Senior Engineer,GMV,"['C++', 'C', 'RTOS']","¿Buscas un sitio innovador y consolidado en el que desarrollarte profesionalmente? GMV somos un grupo tecnológico con amplia experiencia.
Estamos ampliando nuestros equipos...","20/06/2026									Actualizada
Madrid (Híbrido)Electrónica"
https://www.tecnoempleo.com/computer-vision-engineer-ia-page-personnel/python-pytorch/rf-69e3149c62d083dd914d,Computer Vision Engineer (IA),Page Personnel,"['Python', 'PyTorch', 'C++']","• Participar en el desarrollo de soluciones basadas en modelos avanzados de IA, como transformers y arquitecturas multimodales de visión y lenguaje, aplicadas a retos ...","20/06/2026									Actualizada
BarcelonaInteligencia Artificial/Machine Learning"
https://www.tecnoempleo.com/gestor-servicio-comunicaciones-serem/redes-networking/rf-3d6810901269d313cb46,Gestor servicio comunicaciones,Serem,"['Redes', 'networking', 'infraestructura']","En serem estamos comprometidos con diversos proyectos y queremos contar con los mejores profesionales del sector.

Actualmente, nos encontramos en la búsqueda de un/a Gestor ...","20/06/2026									Actualizada
Barcelona (Híbrido)Jefe de Proyecto"
https://www.tecnoempleo.com/consultor-gobierno-del-dato-microsoft-purview-digi/microsoft-purview-dama-/rf-7aea1ac50238f3a96449,Consultor/a Gobierno del Dato (Microsoft Purview),Digital Talent Agency,"['Microsoft Purview', 'DAMA DMBOK']","Ubicación y modalidad
España
Trabajo 100% remoto
Tipo de contratación
Selección directa
Contratación indefinida
Incorporación a proyecto estable
Descripción del puesto...","20/06/2026									Actualizada
100% remotoBig Data"
https://www.tecnoempleo.com/analista-programador-datos-l-berit/power-bi-fabric/rf-243e1e6fd2f99314a34b,Analista Programador/a de Datos,LÃBERIT,"['Power BI', 'Fabric', 'BI']","En Lãberit buscamos incorporar un/a Especialista en Analítica de Datos y Business Intelligence (AD-BI).

¡Nos presentamos!

Estamos especializados en el desarrollo de ...","20/06/2026									Actualizada
Murcia (Híbrido)Analista Programador"
https://www.tecnoempleo.com/consultor-sap-is-u-facturacion-grupo-digital/hana/rf-2494133452314389404a,Consultor SAP IS U Facturacion,Grupo Digital,"['sap', 'hana']","Descripción
En GRUPO DIGITAL buscamos cubrir vacante en cliente del sector energia

Consultant senior  SAP IS-U Facturacion *** remoto

¿Te gustaría participar en ...","20/06/2026									Actualizada
100% remotoConsultor"
https://www.tecnoempleo.com/arquitecto-oracle-service-bus-osb-panel-sistemas-i/weblogic-soa/rf-c5401f31623f33181b44,Arquitecto/a Oracle Service Bus (OSB),PANEL Sistemas Informáticos,"['oracle', 'OSB', 'Weblogic']","🚀 Nueva oportunidad: Arquitecto Oracle OSB – Proyecto en importante entidad financiera (100% Remoto)
Buscamos un/a Arquitecto/a Oracle Service Bus (OSB) con sólida ...","20/06/2026									Actualizada
100% remotoBase de Datos/DBA"
https://www.tecnoempleo.com/ingeniero-software-perfil-devsecops-invoin/aws-docker/rf-3cc21c3e923583f2ac43,Ingeniero/a de Software - Perfil DevSecOps,Invoin,"['AWS', 'Docker', 'pipelines CI/CD']","En Grupo INVOIN, buscamos un/a Ingeniero/a de Software con perfil DevSecOps para incorporarse a un proyecto tecnológico innovador orientado al desarrollo y despliegue de ...","20/06/2026									Actualizada
MadridCiberseguridad"
https://www.tecnoempleo.com/arquitecto-cloud-junior-grupo-digital/cloud/rf-1467102d426d530aa645,Arquitecto/a Cloud Junior,Grupo Digital,['cloud'],"Descripción
¿Te interesa evolucionar hacia un rol de arquitectura tecnológica participando en decisiones que impactan en plataformas cloud modernas y entornos complejos?
...","20/06/2026									Actualizada
Barcelona (Híbrido)Arquitecto TIC"
https://www.tecnoempleo.com/devops-engineer-azure-azure-devops-ingl-s-cas-trai/azure-devops-ci-cd/rf-9c3419c6f201c37ce146,DevOps Engineer Azure/Azure DevOps (INGLÉS),CAS TRAINING,"['AZURE', 'AZURE DEVOPS', 'CI/CD']","DevOps Engineer senior/confirmed con fuerte experiencia en entornos Azure y Azure DevOps. 

La posición requiere capacidad para diseñar, construir y mantener pipelines CI/CD...","20/06/2026									Actualizada
Barcelona (Híbrido)DevOps39.000€ - 42.000€ b/a"
https://www.tecnoempleo.com/senior-devops-engineer-digital-talent-agency/terraform-aws/rf-52781dc4923f43ef1940,Senior DevOps Engineer,Digital Talent Agency,"['terraform', 'aws', 'python']","Descripción
Senior DevOps Engineer | AWS • Terraform • Python • GitLab CI/CD | Híbrido Barcelona

🎯 Requisitos mínimosExperiencia
Mínimo 4 años de experiencia en...","20/06/2026									Actualizada
Barcelona (Híbrido)DevOps"
https://www.tecnoempleo.com/desarrollador-software-front-office-murex-digital-/trading/rf-9a6e1390823fc39a6e45,Desarrollador/a Software Front Office Murex,Digital Talent Agency,"['Murex', 'trading']","En colaboración con Zemsania, buscamos un/a profesional con experiencia sólida en entornos de mercados de capitales, especializado/a en plataformas de trading (especialmente...","20/06/2026									Actualizada
100% remotoAnalista36.000€ - 42.000€ b/a"
https://www.tecnoempleo.com/programador-senior-springboot-con-ingles-digital-t/java-kafka/rf-605315ba32f593aeb947,Programador/a Senior Springboot con Ingles,Digital Talent Agency,"['ingles', 'java', 'springboot']","Descripción
Zemsania busca incorporar un/a Programador/a Senior Springboot con Inglés para unirse a nuestro equipo en remoto dentro de España. Si cuentas con más de 6 añ...","20/06/2026									Actualizada
100% remotoOtros"
https://www.tecnoempleo.com/administrador-sistemas-linux-serem/scripting-cisco/rf-31f41791f29ca3ffd542,Administrador/a de sistemas Linux,Serem,"['linux', 'scripting', 'cisco']","En Serem nos encontramos en búsqueda activa de un/a Administrador/a de sistemas Linux para trabajar en modo híbrido en Valencia.

Formación imprescindible:

Titulación ...","20/06/2026									Actualizada
Valencia (Híbrido)Administrador"
https://www.tecnoempleo.com/analista-cobol-dli-ims-cas-training/mainframe/rf-11dd1cf2e2e8a375514d,Analista Cobol DLI/IMS,CAS TRAINING,"['cobol', 'mainframe']","Cas Training, empresa de referencia con más de 20 años de experiencia en consultoría tecnológica, outsourcing y formación especializada, selecciona a un/a Analista Cobol ...","20/06/2026									Actualizada
Madrid (Híbrido)Analista36.000€ - 39.000€ b/a"
https://www.tecnoempleo.com/programador-net-escritorio-digital-talent-agency/net-c/rf-fea213b8723103047a4d,Programador/a .Net (Escritorio),Digital Talent Agency,"['.net', 'C#']","Descripción
Programador/a .Net (Escritorio) en A CoruñaUbicación: A Coruña
Compañía: Zemsania
Experiencia requerida: Mínimo 3 años

Descripción del puestoZemsania, ...","20/06/2026									Actualizada
A Coruña (Presencial)Programador"
https://www.tecnoempleo.com/ingeniero-procesos-page-personnel/lean-six-sigma/rf-12fb1d21524dd369f04e,Ingeniero de Procesos,Page Personnel,"['Lean', 'Six Sigma']","• Analizar y optimizar los procesos de producción para mejorar la eficiencia y reducir costos.
• Implementar y supervisar mejoras en las líneas de producción.
• ...","20/06/2026									Actualizada
SevillaIngenieros/Industria27.000€ - 33.000€ b/a"
https://www.tecnoempleo.com/tecnico-mantenimiento-industrial-page-personnel/electricidad-mecanica/rf-68911628a263739a2d48,Técnico/a de mantenimiento industrial,Page Personnel,"['mantenimiento', 'industrial', 'electricidad']","• Realizar el mantenimiento preventivo y correctivo de maquinaria industrial
• Diagnosticar y resolver averías eléctricas y mecánicas
• Asegurar el correcto ...","20/06/2026									Actualizada
MálagaTécnico de Mantenimiento21.000€ - 27.000€ b/a"
https://www.tecnoempleo.com/ingeniero-proyectos-senior-page-personnel/revit-cype/rf-aaa81c9b92e20341d84d,Ingeniero/a de proyectos senior,Page Personnel,"['Revit', 'CYPE', 'HAP']","• Diseño y dirección de proyectos completos en materia de instalaciones integrales.
• Liderazgo técnico en diseño y cálculo de instalaciones (HVAC, PCI, fontanería...","20/06/2026									Actualizada
Valencia (Presencial)Ingenieros/Industria"
https://www.tecnoempleo.com/data-engineer-etl-pentaho-grupo-digital/data-engineer-sql/rf-5c3a1ce5c2bc9399f84e,Data Engineer ETL (PENTAHO),Grupo Digital,"['pentaho', 'data engineer', 'ETL']","Descripción
en GRUPO DIGITAL Buscamos para cliente del sector PUBLICO

Data Engineer / Business Intelligence - ETL  ""Pentaho""

¿Te gustaría participar en un entorno donde ...","20/06/2026									Actualizada
Barcelona (Híbrido)Big Data"
https://www.tecnoempleo.com/sr-visual-ui-designer-zooplus-se/ux-ui-figma/rf-eabe10688209732b7646,Sr Visual / UI Designer,zooplus SE,"['UX/UI', 'Figma', 'Mural']","Company Description

With over 25 years´ experience, plus the same enormous passion and ambition we had on day-one, we´re trailblazers in the pet e-commerce industry. Our ...","20/06/2026									Actualizada
Madrid (Híbrido)Diseño gráfico"
https://www.tecnoempleo.com/full-stack-engineer-zooplus-se/java-spring/rf-e4ad1fbde2f0d343b949,Full-stack Engineer,zooplus SE,"['java', 'spring', 'kotlin']","Company Description

With over 25 years´ experience, plus the same enormous passion and ambition we had on day-one, we´re trailblazers in the pet e-commerce industry. Our ...","20/06/2026									Actualizada
Madrid (Híbrido)Analista Programador"
https://www.tecnoempleo.com/applied-ai-engineer-revolut-ltd/python-sql/rf-e4ad15f2b20033196b45,Applied AI Engineer,Revolut Ltd,"['Python', 'SQL', 'TensorFlow']","About Revolut

People deserve more from their money. More visibility, more control, and more freedom. Since 2015, Revolut has been on a mission to deliver just that. Our ...","20/06/2026									Actualizada
BarcelonaInteligencia Artificial/Machine Learning"
https://www.tecnoempleo.com/infrastructure-operations-manager-revolut-ltd/aws-azure/rf-931d1feec27d43482640,Infrastructure Operations Manager,Revolut Ltd,"['AWS', 'Azure', 'GCP']","About Revolut

People deserve more from their money. More visibility, more control, and more freedom. Since 2015, Revolut has been on a mission to deliver just that. Our ...","20/06/2026									Actualizada
BarcelonaDevOps"
https://www.tecnoempleo.com/internship-2027-software-engineer-android-revolut-/sdk/rf-c2221eadd26633c65548,Internship 2027: Software Engineer (Android),Revolut Ltd,"['Android', 'SDK']","About Revolut

People deserve more from their money. More visibility, more control, and more freedom. Since 2015, Revolut has been on a mission to deliver just that. Our ...","20/06/2026									Actualizada
BarcelonaDesarrollador Móvil"
https://www.tecnoempleo.com/it-solution-architect-oracle-criteo/otbi-fbdi/rf-75281df912b443d6e849,IT Solution Architect - Oracle,Criteo,"['Oracle', 'OTBI', 'FBDI']","What You´ll Do:

As our Oracle Fusion Solution Architect, you will be the hands-on functional expert for the Finance domain throughout our ERP transformation.

You ...","20/06/2026									Actualizada
BarcelonaArquitecto TIC"
https://www.tecnoempleo.com/data-governance-office-intern-criteo/power-bi-sql/rf-01c81fbfe28333f22c48,Data Governance Office Intern,Criteo,"['Power BI', 'SQL', 'Python']","What You´ll Do:

Within Finance Transformation you will join the Data Governance team composed of highly motivated data specialists and focused on following main missions...","20/06/2026									Actualizada
BarcelonaAnalista"
https://www.tecnoempleo.com/ai-bi-analyst-criteo/power-bi-sql/rf-f6fa128002d9c3dfbb45,AI/BI Analyst,Criteo,"['Power BI', 'SQL', 'Python']","What You´ll Do:

- Proactively identify and collect analytical, tooling and reporting needs from different stakeholders - Finance, Revenue Operations, FP&A,...
- Support, ...","20/06/2026									Actualizada
BarcelonaAnalista"
https://www.tecnoempleo.com/consultor-sap-sd-devoteam/sap/rf-aafd1ee5021973f13440,Consultor SAP SD,Devoteam,['SAP'],"Company Description

Devoteam es una consultora europea líder enfocada en estrategia digital, plataformas tecnológicas, ciberseguridad y transformación empresarial a trav...","20/06/2026									Actualizada
Madrid (Híbrido)Consultor"
https://www.tecnoempleo.com/aws-platform-engineer-devoteam/ci-cd-github-actions/rf-3d15163a42ba73a1cd4a,AWS Platform Engineer,Devoteam,"['AWS', 'CI/CD', 'GitHub Actions']","Descripción de la empresa

Devoteam es una consultora europea líder especializada en estrategia digital, plataformas tecnológicas, ciberseguridad y transformación ...","20/06/2026									Actualizada
MadridDevOps"
https://www.tecnoempleo.com/developpeur-sap-full-stack-abap-fiori-btp-talan/hana/rf-ac2015e2322d53b55147,Développeur SAP Full Stack (ABAP / Fiori / BTP),Talan,"['sap', 'hana', 'abap']","Description de l´entreprise

Talan est un groupe international de conseil et d´expertises technologiques, qui accompagne et accélère la transformation digitale de ses ...","20/06/2026									Actualizada
BarcelonaProgramador"
https://www.tecnoempleo.com/tecnico-laboratorio-electronico-singular-things/smd-tht/rf-133d13760233936a5744,Técnico de Laboratorio Electrónico,Singular Things,"['SMD', 'THT', 'SMT']",":: QUÉ HARÁS ::
Formarás parte del equipo técnico participando en:
fabricación y montaje de prototipos electrónicos
reparación y diagnóstico de equipos
gestión de ...","20/06/2026									Actualizada
Madrid (Presencial)Electrónica18.000€ - 24.000€ b/aJornada intensiva mañana"
https://www.tecnoempleo.com/powerplant-integration-engineer-airbus/powerplant/rf-dba01593f261336f1b40,Powerplant Integration Engineer,Airbus,['Powerplant'],"Job Description:

An opportunity for a Powerplant Integration Engineer has arisen within Airbus Defence and Space, Getafe (Madrid).

The selected candidate will join a ...","20/06/2026									Actualizada
MadridIngenieros/Industria"
https://www.tecnoempleo.com/administrador-sistemas-linux-serem/red-hat-aix/rf-e3b813456251935b8348,Administrador/a Sistemas Linux,Serem,"['Linux', 'Red Hat', 'AIX']","En serem estamos comprometidos con diversos proyectos y queremos contar con los mejores profesionales del sector.

Actualmente, nos encontramos en la búsqueda de un/a ...",19/06/2026Madrid (Híbrido) y otrasAdministrador
https://www.tecnoempleo.com/fullstack-developer-angular-java-serem/spring-boot-kafka/rf-bfbd147362cec33d774a,FullStack Developer (Angular / Java),Serem,"['Java', 'Angular', 'Spring Boot']","En serem estamos comprometidos con diversos proyectos y queremos contar con los mejores profesionales del sector.

Actualmente, nos encontramos en la búsqueda de un/a ...",19/06/2026Barcelona (Híbrido)Analista Programador27.000€ - 30.000€ b/a
https://www.tecnoempleo.com/desarrollador-azure-serem/microservicios-azure-functions/rf-307619e9b220d396814d,Desarrollador/a Azure,Serem,"['Azure', 'microservicios', 'Azure Functions']","En serem estamos comprometidos con diversos proyectos y queremos contar con los mejores profesionales del sector.

Actualmente, nos encontramos en la búsqueda de un/a ...",19/06/2026100% remotoAnalista Programador
https://www.tecnoempleo.com/project-manager-serem/pmp-ciberseguridad/rf-555b198902fe03c39045,Project Manager,Serem,"['pmp', 'ciberseguridad', 'Prince2']","En serem estamos comprometidos con diversos proyectos y queremos contar con los mejores profesionales del sector.

Actualmente, nos encontramos en la búsqueda de un/a Project...",19/06/2026Barcelona (Híbrido)Jefe de Proyecto
https://www.tecnoempleo.com/tecnico-instalador-telecomunicaciones-sosmatic/fibra-optica-redes/rf-4503147c32e70361ba48,Técnico/a Instalador/a Telecomunicaciones,Sosmatic,"['fibra optica', 'redes']","Somos una compañía líder en soluciones integrales de telecomunicaciones, especializada en el diseño, despliegue y mantenimiento de infraestructuras críticas en entornos ...",19/06/2026Barcelona (Presencial)Redes24.000€ - 30.000€ b/a
https://www.tecnoempleo.com/arquitecto-bases-datos-serem/oracle-sql/rf-17611af9b27db3dac742,Arquitecto/a Bases de datos,Serem,"['oracle', 'sql', 'postgresql']","En Serem nos encontramos en búsqueda activa de un/a Arquitecto/a de bases de datos para trabajar en modo híbrido con una presencialidad de uno o dos días en Madrid.

...",19/06/2026Madrid (Híbrido)Arquitecto TIC
https://www.tecnoempleo.com/consultor-etl-ibm-datastage-serem/unix-linux/rf-05441d26a23ef3db1c42,Consultor/a ETL IBM DataStage,Serem,"['IBM', 'DataStage', 'ETL']","En Serem, nos encontramos en búsqueda activa de un/a Consultor/a ETL IBM DataStage para trabajar en modo remoto 100%.

Requisitos
•	Experiencia demostrable en IBM ...",19/06/2026100% remotoConsultor
https://www.tecnoempleo.com/software-engineer-page-personnel/java-jdk/rf-95b51c31d2f2631d6848,Software Engineer,Page Personnel,"['Java', 'JDK', 'Microservicios']","• Desarrollar y mantener aplicaciones JAVA para el sector industrial y de fabricación, asegurando un alto rendimiento y calidad del código.
• Colaborar con equipos ...",19/06/2026Madrid (Híbrido)Programador48.000€ - 60.000€ b/a
https://www.tecnoempleo.com/automic-automation-engineer-ust/bash-powershell/rf-c82717b8a20f03b71947,Automic Automation Engineer,UST,"['Automation', 'Bash', 'PowerShell']","We are looking for the very Top Talent…and we would be delighted if you were to join our team!

More in details, UST is a multinational company based in North America, ...",19/06/2026Madrid (Híbrido)Programador
https://www.tecnoempleo.com/consultor-devops-nextret/openshift-spring-boot/rf-a7f714b302f853f57a47,Consultor/a Devops,Nextret,"['OpenShift', 'Spring Boot', 'Java']","¿Tienes experiencia trabajando con OpenShift, desarrollo de microservicios y entornos Java enterprise? ¿Te interesa participar en un proyecto internacional dentro del sector...",19/06/2026Barcelona (Híbrido)Administrador
https://www.tecnoempleo.com/tecnico-microinformatico-media-jornada-zaidan-it-c/hardware-microinformati/rf-b2a316396262e3185847,"Técnico/a Microinformático, Media Jornada",Zaidan IT Consulting,"['hardware', 'microinformatica']","Para importante cliente en la prvincia de Baleares, isla de Ibiza, desde Zaidan IT Solutions, empresa consultora en el sector IT, nos encontramos en búsqueda de:

01 TÉCNICO...",19/06/2026Baleares (Presencial)Helpdesk16.000€ - 18.000€ b/aJornada media jornadaContrato obra o servicio
https://www.tecnoempleo.com/tecnico-microinformatico-media-jornada-zaidan-it-c/hardware-microinformati/rf-127e120f226b53ddce4e,"Técnico/a Microinformático, Media Jornada",Zaidan IT Consulting,"['hardware', 'microinformatica']","Para importante cliente en la prvincia de Baleares, isla de Menorca, desde Zaidan IT Solutions, empresa consultora en el sector IT, nos encontramos en búsqueda de:

01 TÉ...",19/06/2026Baleares (Presencial)Helpdesk16.000€ - 18.000€ b/aJornada media jornadaContrato obra o servicio
https://www.tecnoempleo.com/modelador-bim-revit-mep-page-personnel/revit-mep/rf-67861007f27f234e6840,Modelador/a BIM (Revit MEP),Page Personnel,"['BIM', 'Revit MEP']","• Modelado de proyectos en entorno BIM, principalmente disciplina de instalaciones y, en menor medida de arquitectura y estructuras.
• Generación y actualización de ...",19/06/2026Madrid (Híbrido)Ingenieros/Industria30.000€ - 42.000€ b/a
https://www.tecnoempleo.com/desarrollador-android-senior-kotlin-sdk-arelance/android-studio-git/rf-7f081f23826d93fd2e42,Desarrollador/a Android Senior - Kotlin (SDK),Arelance,"['Android', 'Kotlin', 'SDK']",En Arelance sabemos que las personas son el activo más importante dentro de una empresa y por tanto invertimos muchos esfuerzos en buscar los mejores profesionales para ...,19/06/2026Málaga (Híbrido)Desarrollador Móvil39.000€ - 45.000€ b/a
https://www.tecnoempleo.com/ingeniero-instalaciones-page-personnel/autocad-excel/rf-3f8e1e4f92df03df984c,Ingeniero/a de Instalaciones,Page Personnel,"['AutoCAD', 'Excel', 'Presto']","FUNCIONES:

• Diseño de instalaciones de climatización y ventilación.
• Realización de cálculos técnicos para el dimensionamiento de instalaciones.
• Elaboraci...",19/06/2026Madrid (Presencial)Ingenieros/Industria39.000€ - 54.000€ b/a
https://www.tecnoempleo.com/programador-plc-senior-page-personnel/rockwell-siemens/rf-1dae1c78025e13ec0c46,Programador PLC Senior,Page Personnel,"['Rockwell', 'Siemens', 'TIA Portal']","• Diseñar, programar y mantener sistemas PLC para proyectos de automatización industrial.
• Realizar pruebas y diagnósticos de los sistemas para garantizar su correcto...",19/06/2026ValenciaIngenieros/Industria39.000€ - 45.000€ b/a
https://www.tecnoempleo.com/beca-ahe-web-mobile-engineering-airbus/react-angular/rf-ac7b10862206e38db545,BECA AHE - Web & Mobile Engineering,Airbus,"['React', 'Angular', 'NestJS']","Job Description:

Ready to join one of our Graduate Programs in Spain?

We are looking for recent graduates from different disciplines interested in developing their ...",19/06/2026AlbaceteDesarrollador MóvilContrato prácticas
https://www.tecnoempleo.com/analista-programador-mainframe-cobol-db2-aubay/cobol/rf-12561c3202d21382b746,Analista Programador/a Mainframe COBOL DB2,Aubay,"['COBOL', 'DB2', 'Mainframe']","Funciones

¿Quiénes somos Aubay?

Somos una multinacional europea creada en 1997 con presencia en España desde hace más de 20 años, cotizamos en bolsa con el índice...",19/06/2026BizkaiaAnalista Programador
https://www.tecnoempleo.com/analytics-data-engineer-dbt-sql-aubay/etl-elt/rf-d3ca11f13239f31b7a48,Analytics Data Engineer (dbt & SQL),Aubay,"['dbt', 'ETL', 'ELT']","Funciones

- Desarrollo de modelos de datos analíticos utilizando dbt.
- Diseño e implementación de procesos ETL/ELT.
- Optimización de consultas con SQL avanzado.
- ...",19/06/2026Barcelona (Híbrido)Analista
https://www.tecnoempleo.com/devops-engineer-aws-con-ingles-aubay/terraform-iac/rf-34a61d66b244e3985b4b,DevOps Engineer AWS (con Inglés),Aubay,"['AWS', 'Terraform', 'IaC']","Funciones
 
 Funciones:
-Nivel de Inglés Avanzado (para proyecto internacional
- Gestionar infraestructura en AWS mediante Terraform (IaC)
- Mantener y optimizar ...",19/06/2026Barcelona (Híbrido)DevOps
https://www.tecnoempleo.com/tech-prog-mgr-ev-charging-sw-data-amazon/ocpp-iso15118/rf-ee1c1493f264c381cf43,Tech Prog Mgr EV charging SW & data,Amazon,"['OCPP', 'ISO15118']",Are you passionate about driving complex technical initiatives in an ambiguous and innovative environment? We are seeking a Technical Program Manager to lead our software and ...,19/06/2026MadridIngenieros/Industria
https://www.tecnoempleo.com/data-center-program-manager-amazon/aws/rf-1d931fde52afc37df143,Data Center Program Manager,Amazon,['AWS'],"Amazon Web Services (AWS) is one of Amazon´s fastest growing businesses, serving millions of customers in more than 190 countries, reshaping the way global enterprises ...",19/06/2026ZaragozaJefe de Proyecto
https://www.tecnoempleo.com/analista-datos-segula-technologies/excel-word/rf-2584179ef2ff6361b640,Analista de Datos,Segula Technologies,"['Excel', 'Word', 'PowerPoint']","Descripción

¿Quieres formar parte de una empresa innovadora, presente en sectores tan importantes como automoción, rail, energético o aeroespacial entre otros?
Desde ...",19/06/2026BizkaiaSoporte Técnico
https://www.tecnoempleo.com/embedded-engineer-segula-technologies/c-rtos/rf-38e5170e725f8316f54d,EMBEDDED ENGINEER,Segula Technologies,"['C++', 'RTOS', 'Zephyr']","Descripción

¿Quieres formar parte de una empresa innovadora, presente en sectores tan importantes como automoción, rail, energético o aeroespacial entre otros?
Desde ...",19/06/2026Barcelona (Híbrido)Electrónica36.000€ - 42.000€ b/a
https://www.tecnoempleo.com/cloud-engineer-aws-cas-training/aws-glue-ci-cd/rf-84421f1a92d4d304d949,Cloud Engineer AWS,CAS TRAINING,"['AWS', 'AWS Glue', 'CI/CD']","Ubicación: Madrid (100% Teletrabajo SPAIN ONLY)

Sector: Seguros

Inglés: B2/C1 A nivel conversaciónal.

Experiencia: 3–5 años

Área: Cloud / Data Engineering / ...",19/06/2026100% remotoAnalista Programador36.000€ - 39.000€ b/a
https://www.tecnoempleo.com/engineer-senior-genesys-cloud-grupo-ns/contact-center-api-rest/rf-f4fd1b0a327fc39b0c46,Engineer Senior Genesys Cloud,Grupo NS,"['contact center', 'api rest', 'genesys cloud']","En Grupo NS buscamos un/a Engineer Senior especializado/a en Genesys Cloud para incorporarse a proyectos internacionales de implantación, evolución y migración de ...",19/06/2026100% remotoAnalista Programador42.000€ - 54.000€ b/a
https://www.tecnoempleo.com/cloud-operations-sre-engineer-cmv-consultores/aws-kubernetes/rf-70a4190282ae53e85d48,Cloud Operations & SRE Engineer,CMV Consultores,"['AWS', 'kubernetes', 'Terraform']",¿Te apasiona trabajar con entornos cloud complejos y asegurar la estabilidad de infraestructuras críticas en AWS? Buscamos un/a Senior Cloud Operations & SRE Engineer para ...,19/06/2026100% remotoDevOps
https://www.tecnoempleo.com/desarrollador-frontend-angular-cas-training/ia-native-ci-cd/rf-be6e1354b2ed13e1794a,Desarrollador/a Frontend Angular,CAS TRAINING,"['Angular', 'IA Native', 'CI/CD']",Buscamos un/a Frontend Developer especializado en Angular para incorporarse a un proyecto internacional de larga duración. La persona seleccionada participará en el ...,19/06/2026100% remotoAnalista Programador36.000€ - 39.000€ b/a
https://www.tecnoempleo.com/desarrolladores-alfresco-digital-talent-agency/java-spring/rf-02be10b2f227136a754b,Desarrolladores/as ALFRESCO,Digital Talent Agency,"['alfresco', 'java', 'spring']",¡Únete a este proyecto y da el siguiente paso en tu carrera profesional como DESARROLLADORES/as con experiencia en ALFRESCO! Estamos en la búsqueda de talento apasionado y ...,19/06/2026100% remotoAnalista Programador
https://www.tecnoempleo.com/ingeniero-software-net-lead-cas-training/net-asp-net-mvc/rf-c1511e22020bb3e57041,Ingeniero Software .Net Lead,CAS TRAINING,"['.Net ASP', '.Net MVC', 'WebForms']","Ubicación: Madrid (28046, Av. del Llano Castellano)
Modalidad: Presencial (1 día remoto/semana)
Sector: Público
Experiencia requerida: 7-10 años
Condiciónes salariales 45...",19/06/2026Madrid (Híbrido)Analista Programador45.000€ - 54.000€ b/a
https://www.tecnoempleo.com/site-reliability-engineer-sre-computacion-cajamar-/sre/rf-27891d0572c06344584f,Site Reliability Engineer (SRE) - Computación,Cajamar Tecnología,['SRE'],"¿Quiénes somos?  
En Cajamar Tecnología A.I.E., empresa del Grupo Cajamar, somos más de 300 profesionales dedicados a impulsar la transformación digital del grupo. ...",19/06/2026Almería y otrasInteligencia Artificial/Machine Learning
https://www.tecnoempleo.com/consultor-pega-customer-decision-hub-serem/pega/rf-d79510ab32bf73a7224a,Consultor/a Pega Customer Decision Hub,Serem,['PEGA'],"Buscamos un/a profesional con experiencia en Pega Customer Decision Hub (CDH) para diseñar, implementar y optimizar estrategias de toma de decisiones en tiempo real y ...",19/06/2026100% remotoConsultor
https://www.tecnoempleo.com/project-manager-aml-compliance-serem/kyc-cdd/rf-a7761f1702da03f5de42,Project Manager AML & Compliance,Serem,"['KYC', 'AML', 'CDD']",Estamos buscando un Senior Project Manager proactivo para liderar proyectos complejos a nivel regional y global dentro de un programa estratégico de cumplimiento regulatorio...,19/06/2026Barcelona (Híbrido)Jefe de Proyecto
https://www.tecnoempleo.com/consultor-funcional-banca-serem/jira-confluence/rf-e5c717af0216d3db1643,Consultor/a Funcional Banca,Serem,"['jira', 'confluence', 'office']","Buscamos un/a Consultor/a Senior Funcional con amplia experiencia en implantación en el sector bancario (mínimo 8 años), capaz de actuar como nexo entre negocio y tecnolog...",19/06/2026Madrid (Híbrido)Consultor
https://www.tecnoempleo.com/senior-developer-nodejs-grupo-ns/angular-kubernete/rf-bfc41e19426003ef8249,Senior Developer Nodejs,Grupo NS,"['angular', 'kubernete', 'NODEJS']","Desde Grupo NS estamos seleccionando Senior Developer para un importante proyecto, dentro del sector seguros, con experiencia en Node, Typescript, Angular, Nestjs y Kubernete...",19/06/2026Barcelona (Híbrido)Analista Programador
https://www.tecnoempleo.com/angular-software-engineer-ingles-b2-serem/visual-studio-ide-git-flow/rf-18ba1195423eb3528746,Angular Software Engineer (Inglés B2+),Serem,"['Angular', 'visual Studio IDE', 'Git Flow']","En serem buscamos un/a Angular Software Engineer para incorporarse a un equipo internacional de desarrollo dentro del área IT, participando en proyectos europeos en ...",19/06/2026Madrid (Híbrido)Analista Programador33.000€ - 36.000€ b/a
https://www.tecnoempleo.com/tecnico-soporte-la-casa-del-pc/hardware-software/rf-a6101b39825203d78745,Tecnico de soporte,La Casa del PC,"['hardware', 'software']","Tiene que prestar un soporte de IT/HelpDesk on-site y remoto (pero siempre desde nuestra oficina ) .
Formación: ASIR o equivalente (mínimo). servidores, redes, seguridad, ...",19/06/2026Asturias (Presencial)Helpdesk1.200€ - 1.800€ b/m
https://www.tecnoempleo.com/project-manager-sector-transporte-logistica-grupo-/agile-scrum/rf-0211175b328773344d43,Project Manager (sector Transporte/Logistica),Grupo NS,"['Agile', 'Scrum', 'PMI']","Desde Grupo NS estamos buscando un Project Manager con al menos 5 años liderando proyectos tecnológicos complejos, idealmente relacionados con logística, transporte o ...",19/06/2026Madrid (Híbrido)Jefe de Proyecto45.000€ - 48.000€ b/a
https://www.tecnoempleo.com/consultor-data-python-spark-pyspark-grupo-ns/sql-apache-airflow/rf-67b01bcbf272138b384c,Consultor/a Data (Python/Spark/Pyspark),Grupo NS,"['SQL', 'SPARK', 'python']","Desde Grupo NS estamos seleccionando Consultores Data con experiencia mínima de 5 años en Python, Spark, PySpark, SQK, Airflow (u orquestadores similares) con experiencia en...",19/06/2026Málaga (Híbrido)Big Data
https://www.tecnoempleo.com/tecnico-informatico-con-ingles-25h-sosmatic/soporte-hardware/rf-f1ca115eb27d036c2c4a,Técnico/a informático/a con inglés (25h),Sosmatic,"['soporte', 'hardware']","Buscamos un perfil técnico de soporte a usuarios para importante empresa ubicada en Plaza España (Madrid)

Objetivo del puesto
Dar soporte técnico de primer  nivel en el ...",19/06/2026Madrid (Presencial)Helpdesk12.000€ - 15.000€ b/a
https://www.tecnoempleo.com/tecnicos-sistemas-wintel-seltime/windows-server-scom/rf-fa491a5e822c83d32d44,Técnicos de Sistemas WINTEL,Seltime,"['WINTEL', 'Windows Server', 'SCOM']","SELTIME compañía española en proceso de expansión, líder en dar soluciones tecnológicas específicas a cada cliente y un trato personalizado a nuestros profesionales, ...",19/06/2026Bizkaia (Presencial) y otrasTécnico de Sistemas
https://www.tecnoempleo.com/desarrolladores-bi-seltime/amazon-quicksight-sql/rf-385b1d3f725013d27e42,Desarrolladores BI,Seltime,"['Amazon Quicksight', 'SQL', 'Dashboards']","SELTIME compañía española en proceso de expansión, líder en dar soluciones tecnológicas específicas a cada cliente y un trato personalizado a nuestros profesionales, ...",19/06/2026100% remotoAnalista Programador36.000€ - 45.000€ b/a
https://www.tecnoempleo.com/programador-terraform-grafana-golang-grupo-ns/terraform/rf-5219150582ec73c2e94b,Programador/a Terraform/Grafana/Golang,Grupo NS,"['terraform', 'grafana', 'golang']",Desde Grupo NS estamos buscando candidatos/as  con experiencia en Terraform/Golang/Grafana para un proyecto en modalidad híbrida en Málaga (2-3 días presencial cada 15 dí...,19/06/2026Málaga (Híbrido)Analista Programador48.000€ - 54.000€ b/a
https://www.tecnoempleo.com/arquitecto-iot-java-y-o-python-grupo-ns/java/rf-39f4159502427323614f,Arquitecto IoT Java y/o Python,Grupo NS,"['java', 'python']","Desde Grupo Ns estamos seleccionando perfiles para un proyecto de larga duración en modalidad presencial en Arteixo (La Coruña)

Skills

Desarrollo e implantación en ...",19/06/2026A Coruña (Presencial)Arquitecto TIC45.000€ - 54.000€ b/a
https://www.tecnoempleo.com/devops-github-actions-cloud-azure-kubernetes-grupo/devops/rf-09291102721173c2c446,DevOps (Github actions/Cloud Azure/Kubernetes),Grupo NS,"['devops', 'azure', 'kubernetes']","Desde Grupo NS precisamos incorporar para un proyecto en modalidad de teletrabajo y de larga duración un perfil senior Devops con al menos 4 años de experiencia en:

Skills ...",19/06/2026100% remotoDevOps36.000€ - 42.000€ b/a
https://www.tecnoempleo.com/tecnico-microinformatica-pulsia-technology/hardware-software/rf-413c134c528b13f80b4c,Técnico Microinformática,Pulsia Technology,"['hardware', 'software', 'Windows']","Pulsia ITECH, consolidada empresa en el reacondicionamiento de equipos informáticos, ubicada en Sanlúcar de Barrameda, busca 2 técnicos de montaje y reparación de equipos ...",19/06/2026Cádiz (Presencial)Soporte Técnico16.000€ - 18.000€ b/a
https://www.tecnoempleo.com/tecnico-net-especializado-rendimiento-serem/net-angular/rf-e7c71cbd62917383324b,Técnico/a .NET especializado rendimiento,Serem,"['.NET', 'Angular', 'C#']","En SEREM estamos comprometidos con diversos proyectos y queremos contar con los mejores profesionales del sector.

Actualmente estamos buscando un/a Técnico .Net ...",19/06/2026Madrid (Híbrido) y otrasAnalista Programador
https://www.tecnoempleo.com/ingeniero-software-net-sedecal/net-c-azure-windows-git/rf-887b1c74325a33706142,Ingeniero de Software .NET,Sedecal,"['.net', 'C#', 'azure']","OPORTUNIDAD:
En el equipo de desarrollo de Software .NET en Sedecal, diseñarás, desarrollarás y harás test del SW de los equipos de las salas de rayos X que contribuyen al...",19/06/2026Madrid (Híbrido) y otrasProgramador48.000€ - 54.000€ b/a
https://www.tecnoempleo.com/desarrollador-java-angular-kotlin-grupo-ns/kafka-mongodb/rf-5a7f1c1442139338db41,"Desarrollador/a Java, Angular, Kotlin",Grupo NS,"['java', 'angular', 'kafka']","Desde Grupo NS estamos seleccionando Desarrolladores Senior con experiencia en Java, Kotlin, Kafka, MongoDB y Angular para un importante proyecto dentro del sector seguros


...",19/06/2026100% remotoDesarrollador Móvil
https://www.tecnoempleo.com/programador-abap-grupo-ns/sap-hana/rf-e8e716c9c2f343dc3c48,Programador/a ABAP,Grupo NS,"['ABAP', 'SAP', 'HANA']","Desde Grupo NS estamos seleccionando Programadores con al menos 5 años de experiencia en ABAP en el módulo de Logística y Finanzas


NS, es una empresa donde se valora ...",19/06/2026100% remotoAnalista Programador
https://www.tecnoempleo.com/programador-java-cloud-aws-o-gcp-grupo-ns/spring/rf-3ad71238f29033fe2142,Programador/a Java / Cloud (AWS o GCP),Grupo NS,"['java', 'AWS', 'spring']","Desde Grupo NS necesitamos incorporar un programador/a Java con inglés avanzado,  con experiencia de al menos 3 años en las siguientes tecnologías:

- Java

- Spring

- ...",19/06/2026Málaga (Híbrido)Analista Programador39.000€ - 48.000€ b/a
https://www.tecnoempleo.com/programador-java-senior-serem/spring-sql/rf-3a761f8af2f953607a4a,Programador Java Senior,Serem,"['Java', 'Spring', 'SQL']",En serem seguimos creciendo y buscamos incorporar un PROGRAMADOR JAVA SENIOR para formar parte de un equipo internacional de cliente del sector logístico. Buscamos ...,19/06/2026Madrid y otrasAnalista
https://www.tecnoempleo.com/ingeniero-electronica-potencia-sedecal/altium/rf-826012de226ab3b22340,Ingeniero de Electrónica de Potencia,Sedecal,['Altium'],"En SEDECAL, referente mundial en equipos de rayos x médicos, trabajarás diseñando en la parte de electrónica de potencia de los proyectos de I + D de nuevos desarrollos de...",19/06/2026Madrid (Híbrido)Ingenieros/Industria
https://www.tecnoempleo.com/ingeniero-software-embebido-sedecal/c-c/rf-d7b8103fa2a57300a84b,Ingeniero de software Embebido,Sedecal,"['C', 'C++', 'microcontroladores']","💙 ¿Eres ingeniero/a de software embebido y buscas un proyecto con propósito?

En nuestra compañía, cada línea de código se convierte en tecnología que ayuda a ...",19/06/2026Madrid (Híbrido)Electrónica42.000€ - 54.000€ b/a
https://www.tecnoempleo.com/inspector-calidad-proveedores-suministros-sedecal/metrologia-osciloscopio/rf-ef811be1920e13f2b649,Inspector de calidad de proveedores y suministros,Sedecal,"['metrologia', 'osciloscopio']","SEDECAL, empresa española líder en dispositivos médicos de diagnóstico por imagen, busca para el control de los materiales entrantes un inspector con los siguientes ...",19/06/2026Madrid (Presencial) y otrasSistemas de Calidad24.000€ - 30.000€ b/aJornada intensiva mañana
https://www.tecnoempleo.com/tecnico-sat-sedecal-molecular-imaging-sedecal/electromecanica-tac/rf-fcde1827925703de1043,Técnico SAT SEDECAL Molecular Imaging,Sedecal,"['electromecánica', 'TAC']","Para nuestra base instalada internacionalmente buscamos técnicos de Servicio para instalar y reparar en centros de investigación preclínica TAC; PET, etc, para ello se ...",19/06/2026Madrid y otrasIngenieros/Industria30.000€ - 42.000€ b/a
https://www.tecnoempleo.com/tecnico-reparacion-placas-sedecal/smd-thru-hole-pcb/rf-fb9b110072de8399164e,Técnico de reparación de placas,Sedecal,"['SMD', 'THRU HOLE PCB', 'OSCILOCOPIO DIGITAL']","Buscamos un Técnico Electrónico  cualificado y motivado, con sólida experiencia en la detección de fallos en PCBs, que se sienta cómodo trabajando en un entorno dinámico...",19/06/2026Madrid (Presencial) y otrasElectrónica24.000€ - 27.000€ b/aContrato temporal
https://www.tecnoempleo.com/ingeniero-desarrollo-data-grupo-ns/java-sql/rf-bdec151dd2daf3b0094d,Ingeniero de Desarrollo Data,Grupo NS,"['java', 'SQL', 'SCALA']","Desde Grupo NS estamos seleccionando Ingeniero con experiencia en Python o Scala y/o Java  y AWS para un importante proyecto internacional ubicado en Málaga


NS, es una ...",19/06/2026Málaga (Híbrido)Big Data
https://www.tecnoempleo.com/ingeniero-pruebas-para-sistemas-atm-arelance/pruebas/rf-c78b1cdb5225d36ded46,Ingeniero/a de Pruebas para Sistemas ATM,Arelance,"['pruebas', 'ATM']",En Arelance sabemos que las personas son el activo más importante dentro de una empresa y por tanto invertimos muchos esfuerzos en buscar los mejores profesionales para ...,19/06/2026Asturias (Híbrido)Tester/QA24.000€ - 27.000€ b/a
https://www.tecnoempleo.com/administrador-nutanix-senior-serem/prism-cloud/rf-51d2138b72a5037acd43,Administrador/a Nutanix Senior,Serem,"['nutanix', 'prism', 'cloud']","En Serem buscamos un Administrador/a Nutanix Senior para importante cliente.

Se requiere experiencia en:

-Diseñar, implementar y gestionar infraestructuras basadas en ...",19/06/2026Madrid (Híbrido)Administrador
https://www.tecnoempleo.com/administrador-sistemas-linux-deister-consulting/shell-vmware/rf-102e189462f943249046,Administrador/a Sistemas Linux,Deister Consulting,"['linux', 'shell', 'VMware']","OFERTA LABORAL MADRID

¿Quiénes somos?

Deister es una empresa especializada en el desarrollo de aplicaciones empresariales e implantación de nuestro propio ERP Axional, ...",19/06/2026Madrid (Híbrido)Administrador
https://www.tecnoempleo.com/programadores-consultores-as-deister-consulting/java-sql/rf-2604103a328593b0d347,Programadores/as y Consultores/as,Deister Consulting,"['java', 'sql', 'javascript']","OFERTA LABORAL MADRID Y SEVILLA

¿Quiénes somos?

Deister es una empresa especializada en el desarrollo de aplicaciones empresariales e implantación de nuestro propio ERP ...",19/06/2026Madrid y otrasConsultor
https://www.tecnoempleo.com/disenador-cad-arelance/3d-siemens-nx/rf-8e96142d12e2f3c85b46,Diseñador/a CAD,Arelance,"['cad', '3d', 'siemens nx']",En Arelance sabemos que las personas son el activo más importante dentro de una empresa y por tanto invertimos muchos esfuerzos en buscar los mejores profesionales para ...,19/06/2026Madrid (Híbrido)Ingenieros/Industria27.000€ - 33.000€ b/a
https://www.tecnoempleo.com/perfiles-outsystems-serem/scrum/rf-6eac1b9a0286e3739d4a,Perfiles OutSystems,Serem,"['OutSystems', 'Scrum']","Desde Serem, nos encontramos en la búsqueda de perfiles con experiencia en OutSystems para importante cliente internacional.

Perfiles buscado:
GESTOR DE PROYECTOS OUTSYSTEMS...",19/06/2026100% remotoAnalista
https://www.tecnoempleo.com/administrador-sistemas-bbdd-arelance/active-directory-rabbitmq/rf-31f81b8f228b7359894b,Administrador/a de sistemas & BBDD,Arelance,"['active directory', 'rabbitMQ', 'ActiveMQ']",En Arelance sabemos que las personas son el activo más importante dentro de una empresa y por tanto invertimos muchos esfuerzos en buscar los mejores profesionales para ...,19/06/2026Málaga (Presencial)Administrador18.000€ - 24.000€ b/a
https://www.tecnoempleo.com/senior-genai-engineer-remote-social-you/llm-pydantic/rf-24141606727753341542,Senior GenAI Engineer (Remote),Social You,"['AI', 'LLM', 'Pydantic']",We are looking for a Senior GenAI Engineer to design and build advanced generative AI workflows that power our next-generation coverage analysis platform. You will architect ...,19/06/2026100% remotoInteligencia Artificial/Machine Learning48.000€ - 72.000€ b/a
https://www.tecnoempleo.com/sem-performance-marketing-specialist-social-you/google-ads-ga4/rf-c3461f6af27733174f4b,SEM & Performance Marketing Specialist,Social You,"['Google Ads', 'SEM', 'GA4']","AGENCIA DIGITAL 360º  •  FULL REMOTE 

SEM & Performance Marketing Specialist 

Buscamos a alguien que entienda los datos como un idioma, domine Google Ads como un oficio y...",19/06/2026100% remotoMarketing27.000€ - 33.000€ b/a
https://www.tecnoempleo.com/tecnico-sistemas-linux-baoss/aix-rhel-red-hat/rf-0dd113af52653351384e,Técnico/a Sistemas Linux,Baoss,"['Linux', 'AIX', 'RHEL. Red Hat']","Buscamos Técnico/a de Sistemas con experiencia en administración de entornos Linux para incorporarse a un proyecto de alta criticidad tecnológica, participando tanto en la ...",19/06/2026Bizkaia y otrasAdministrador
https://www.tecnoempleo.com/consultor-senior-dynamics-365-ce-serem/dynamics-365-power-automate/rf-d7371316824753c17244,Consultor Senior Dynamics 365 CE,Serem,"['Dynamics 365', 'Power Automate', 'Power Apps']","Desde Serem, nos encontramos en la búsqueda de un consultor funcional con más de 5 años de experiencia en Dynamics 365 CE para unirse a nuestro equipo y trabajar en la ...",19/06/2026100% remotoConsultor
https://www.tecnoempleo.com/seo-specialist-social-you/google-analytics-google-data-studio/rf-716a11d09210531d1a4c,SEO Specialist,Social You,"['seo', 'Google Analytics', 'Google Data Studio']",Nuestro cliente es una  agencia de diseño web y marketing digital con más de 15 años de experiencia en proyectos tecnológicos y digitales. Crean plataformas online para la...,19/06/2026100% remotoSEO/Posicionamiento Web24.000€ - 33.000€ b/a
https://www.tecnoempleo.com/tecnico-helpdesk-temporal-sustitucion-it-sosmatic/sql-mongodb/rf-a66d1abad29ee37a3541,Técnico/a Helpdesk (Temporal - Sustitución IT),Sosmatic,"['SQL', 'mongoDB']",En SOSMATIC buscamos incorporar un/a Técnico/a Helpdesk de Aplicaciones para dar soporte a las plataformas desarrolladas internamente por una importante institución ...,19/06/2026Barcelona (Híbrido)Base de Datos/DBA18.000€ - 18.000€ b/aContrato temporal
https://www.tecnoempleo.com/project-manager-si-erp-mrp-crm-social-you/sql-power-bi/rf-ad18167ac20ae3b80745,"Project manager SI (ERP, MRP, CRM)",Social You,"['ERP', 'CRM', 'MRP']","🏭 Sobre la compañía
Nuestro cliente es una organización industrial con más de un siglo de historia, referente en su sector por su capacidad de innovación, precisión t...",19/06/2026Barcelona (Presencial)Consultor45.000€ - 54.000€ b/a
https://www.tecnoempleo.com/analista-programador-java-serem/spring-spring-boot/rf-f7261bd7028ce3b01e46,Analista Programador/a Java,Serem,"['java', 'Spring', 'Spring boot']","En Serem nos encontramos en búsqueda activa de un/a analista programador/a para trabajar en modo remoto con asistencia a la oficina en Madrid una vez por semana/quincena.

...",19/06/2026Madrid (Híbrido)Analista Programador
https://www.tecnoempleo.com/desarrollador-java-spark-serem/apache-docker/rf-37e01da9e23663eab647,Desarrollador/a Java - Spark,Serem,"['Java', 'Spark', 'Apache']","En Serem nos encontramos en búsqueda activa de un/a Desarrollador/a Java con Spark para trabajar en modo remoto al 90%, con una presencialidad estimada de 2 días al mes en ...",19/06/2026100% remotoBig Data
https://www.tecnoempleo.com/desarrollador-java-serem/sql-javascript/rf-8e221aa012ff93e20942,Desarrollador Java,Serem,"['java', 'sql', 'javascript']","Desde Serem, nos encontramos en la búsqueda de DESARROLLADOR JAVA con al menos 2 años de experiencia para distintos proyectos en modalidad remota.

Requisitos:
Desarrollo, ...",19/06/2026Sevilla y otrasAnalista Programador
https://www.tecnoempleo.com/analista-funcional-seguros-mainframe-gravity-panel/cobol-cics/rf-74101f9852af232d3f4f,Analista Funcional Seguros Mainframe / Gravity,PANEL Sistemas Informáticos,"['Mainframe', 'COBOL', 'CICS']","🚀 Analista Funcional Seguros Mainframe / Gravity
📍 100% Remoto
💼 Proyecto estable
👨‍💻 Experiencia requerida: +6 años
¿Tienes experiencia como Analista ...",19/06/2026100% remotoAnalista
https://www.tecnoempleo.com/software-engineer-go-aws-cmv-consultores/mysql-cloud/rf-eef41939225c93e5f04f,Software Engineer (Go / AWS),CMV Consultores,"['Go', 'AWS', 'MySQL']",En CMV Consultores buscamos un/a Senior Software Engineer con experiencia en desarrollo con Go para incorporarse a un proyecto estable y de larga duración dentro de un ...,19/06/2026Málaga (Híbrido) y otrasProgramador
https://www.tecnoempleo.com/devops-engineer-azure-ci-cd-devsecops-cmv-consulto/cloud-azure-ci-cd/rf-e0851decd2ff53b68340,DevOps Engineer (Azure / CI-CD / DevSecOps),CMV Consultores,"['devops', 'cloud azure', 'CI/CD']","Buscamos un/a DevOps Engineer para incorporarse a un entorno enterprise, participando en la automatización, despliegue y mantenimiento de soluciones en cloud Azure. Formarás...",19/06/2026Barcelona (Híbrido) y otrasDevOps
https://www.tecnoempleo.com/arquitecto-tecnico-integracion-apis-serem/cloud-api-rest/rf-5c7f11f0428e63495f42,Arquitecto/a Técnico/a - Integración & APIs,Serem,"['api', 'cloud', 'API REST']","Buscamos un/a Arquitecto/a Técnico/a con experiencia en entornos bancarios y Core Banking, especializado/a en integración y APIs. Participarás en proyectos de transformaci...",19/06/2026Madrid (Híbrido)Arquitecto TIC54.000€ - 76.000€ b/a
https://www.tecnoempleo.com/consultor-java-serem/spring-svn/rf-58a71e743230d360464b,Consultor Java,Serem,"['java', 'spring', 'svn']",Buscamos un Consultor Java con experiencia sólida y pasión por el desarrollo de soluciones eficientes y seguras para el sector público. Si te interesa trabajar en proyectos...,19/06/2026Madrid (Híbrido)Consultor
https://www.tecnoempleo.com/ingeniero-soporte-java-n2-serem/api-rest-spring-boot/rf-4f81124942a203190b4a,Ingeniero de Soporte Java N2,Serem,"['java', 'api rest', 'spring boot']","Buscamos un ingeniero de soporte especializado en arquitectura para aplicaciones backend, con experiencia en entornos Java y microservicios. Esta posición combina análisis, ...",19/06/2026Madrid (Híbrido)Programador
https://www.tecnoempleo.com/analista-tecnico-a-arelance/net-framework-aspnet-mvc/rf-562417169263437b6946,Analista técnico/a,Arelance,"['.NET Framework', 'ASP.NET MVC', 'WebForms']","En Arelance sabemos que las personas son el activo más importante dentro de una empresa. Por ello, invertimos nuestros esfuerzos en seleccionar a los mejores profesionales y ...",19/06/2026Madrid (Híbrido) y otrasAnalista
https://www.tecnoempleo.com/ai-engineer-full-stack-senior-serem/llm-ai-native/rf-b8821b7582e283595845,AI Engineer (Full-Stack Senior),Serem,"['AI', 'LLM', 'AI NATIVE']","Estamos buscando un AI Engineer con perfil Full-Stack Senior, especializado en la integración de agentes de inteligencia artificial en el ciclo de desarrollo de software. El ...",19/06/2026Barcelona (Híbrido)Inteligencia Artificial/Machine Learning
https://www.tecnoempleo.com/desarrollador-backend-apx-java-serem/aso-ether/rf-72c71868f2db93359345,Desarrollador/A Backend APX (Java),Serem,"['APX', 'ASO', 'Java']",Desde serem buscamos un perfil Business Analyst con experiencia previa en desarrollo de servicios ASO (valorable certificación interna del entorno) y/o experiencia en ...,19/06/2026Madrid y otrasAnalista Programador27.000€ - 30.000€ b/a
https://www.tecnoempleo.com/desarrollador-backend-java-serem/javascript-poo/rf-253911f0f28c23184540,Desarrollador/a Backend Java,Serem,"['Java', 'JavaScript', 'POO']","Buscamos un/a Desarrollador/a Backend con experiencia en Java y entornos de datos, para incorporarse a un equipo técnico que trabaja en el desarrollo de soluciones basadas en...",19/06/2026100% remotoBig Data30.000€ - 42.000€ b/a
https://www.tecnoempleo.com/programador-rpg-serem/mainframe/rf-89fc15d8b25a33b30d48,Programador/a RPG,Serem,"['RPG', 'Mainframe']","Desde Serem, estamos buscando a un especialista Programador/a de Mainframe con pasión por la tecnología y experiencia en entornos modernos de trabajo digital.

Requisitos...",19/06/2026100% remotoProgramador27.000€ - 36.000€ b/a
https://www.tecnoempleo.com/programador-java-c1-ingles-second-window/springboot-microservicios/rf-48201e48926b33084e40,Programador Java (C1 Inglés),Second Window,"['Java', 'Springboot', 'microservicios']","¡Te ofrecemos crecer con nosotros en una de nuestras unidades tecnológicas como Java Software Engineer, participando en proyectos de desarrollo de aplicaciones empresariales...",19/06/2026100% remotoAnalista Programador
https://www.tecnoempleo.com/programador-java-second-window/sonar-jenkins/rf-18e81d88427793004e48,Programador Java,Second Window,"['Java', 'Sonar', 'Jenkins']","Desde Second Window estamos en búsqueda de un perfil de Programador Java con 2 año y medio de experiencia laboral, para incorporar a un puesto para un proyecto de la ...",19/06/2026Madrid (Híbrido)Programador
https://www.tecnoempleo.com/a-programador-webfocus-sql-remoto-serem/webfocus/rf-d43d1d8fd230f332a84b,A. Programador/a WebFOCUS + SQL (Remoto),Serem,"['WebFocus', 'SQL']",Desde serem buscamos un/a Analista Programador/A con experiencia en WebFOCUS y SQL para incorporarse a un proyecto estable. La persona seleccionada participará en el ...,19/06/2026100% remotoAnalista Programador33.000€ - 36.000€ b/a
https://www.tecnoempleo.com/desarrollador-salesforce-serem/apex-triggers/rf-e7a719f0923503e29541,Desarrollador Salesforce,Serem,"['Salesforce', 'Apex', 'Triggers']","En serem seguimos creciendo y buscamos incorporar un Desarrollador Salesforce para participar en proyectos de evolución y desarrollo sobre la plataforma Salesforce, formando ...",19/06/2026100% remotoAnalista Programador
https://www.tecnoempleo.com/consultor-sap-is-u-serem/sap-is-u-s-4hana/rf-19721626e2e3b3a7214f,Consultor SAP IS-U,Serem,"['SAP IS U', 'SAP', 'S/4HANA']","Desde Serem, nos encontramos en al búsqueda de un CONSULTOR SAP IS-U senior, con al menos 2 año de experiencia para importante cliente.

Conocimiento funcional de los ...",19/06/2026Madrid y otrasConsultor
https://www.tecnoempleo.com/desarrollador-golang-serem/api-rest-git/rf-a3dd1c76f255e32c8d44,Desarrollador GoLang,Serem,"['Go', 'Golang', 'Api Rest']",Buscamos un desarrollador Go con al menos 2 años de experiencia para incorporarse a un equipo de desarrollo backend. Participarás en la construcción y mantenimiento de ...,19/06/2026100% remotoAnalista Programador
https://www.tecnoempleo.com/desarrollador-java-backend-arelance/spring-spring-boot/rf-2d841e1402ea13985544,Desarrollador/a Java Backend,Arelance,"['Java', 'Spring', 'Spring Boot']","En Arelance sabemos que las personas son el activo más importante dentro de una empresa y, por tanto, invertimos muchos esfuerzos en buscar los mejores profesionales para ...",19/06/2026Madrid y otrasProgramador
https://www.tecnoempleo.com/cloud-aws-engineer-serem/amazon-gitlab/rf-beba12ccb2b3e348cc4a,Cloud AWS Engineer,Serem,"['AWS', 'AMAZON', 'GitLab']",Buscamos un AWS Cloud Security Engineer con experiencia en arquitectura y desarrollo de soluciones seguras en la nube. Si dominas AWS y te apasiona trabajar con ...,19/06/2026Barcelona (Híbrido)Consultor
https://www.tecnoempleo.com/data-strategy-consultant-banking-digital-talent-ag/ia-genai/rf-e48f15d3626163a5c04a,Data Strategy Consultant - Banking,Digital Talent Agency,"['IA', 'GenAI', 'workflows']","Buscamos un/a profesional especializado/a en Market Data Strategy para un proyecto en el sector bancario, en un entorno internacional de servicios tecnológicos.

El rol se ...",19/06/2026100% remotoAnalista42.000€ - 42.000€ b/a
https://www.tecnoempleo.com/desarrollador-ibm-i-400-rpg-iv-serem/sql-as-400/rf-825619921208c382a64c,Desarrollador IBM i / AS-400 RPG IV,Serem,"['SQL', 'AS/400', 'RPG IV']","Buscamos desarrolladores especializados en IBM i / AS-400 RPG IV para unirse a proyectos de mantenimiento y evolución de aplicaciones en el sector Insurance.

Perfil ...",19/06/2026100% remotoAnalista Programador
https://www.tecnoempleo.com/analista-webfocus-cas-training/sql/rf-4e231dc0222453197245,Analista WebFOCUS,CAS TRAINING,"['WEBFOCUS', 'SQL']",Buscamos un/a Analista WebFOCUS con sólida experiencia en desarrollo y análisis de procesos para incorporarse a un proyecto de larga duración. La persona seleccionada ...,19/06/2026100% remotoAnalista Programador30.000€ - 33.000€ b/a
https://www.tecnoempleo.com/desarrollador-ruby-on-rails-react-second-window/ruby-on-rails/rf-8e041bc9f2b703c6fd48,Desarrollador Ruby on Rails / React,Second Window,"['RUBY ON RAILS', 'REACT']",Desde Second Window estamos en búsqueda de un perfil de Programador/a Ruby on Rails con conocimientos de React para incorporar a un proyecto muy estable y a largo plazo en ...,19/06/2026Madrid (Híbrido)Programador
https://www.tecnoempleo.com/full-stack-senior-developer-ai-native-talan/java-spring-boot/rf-95d512cc321ad37a6d4b,Full Stack Senior Developer (AI‑Native),Talan,"['Java', 'Spring Boot', 'Hibernate']","Company Description

Talan - Positive Innovation

Talan is an international consulting group specializing in innovation and business transformation through technology. ...",19/06/2026Málaga (Híbrido)Programador
https://www.tecnoempleo.com/senior-it-data-audit-assurance-deloitte/python-databricks/rf-21d61e5d124e33d3ed4b,Senior IT & Data Audit & Assurance,Deloitte,"['Python', 'Databricks', 'PowerApps']","Te imaginas participando en la transformación de las principales organizaciones nacionales e internacionales?

En Deloitte estamos comprometidos con generar un impacto en ...",19/06/2026BarcelonaBig Data
https://www.tecnoempleo.com/manager-it-threat-and-vulnerability-deloitte/qualys-nessus/rf-2d571017c29823dbe342,Manager IT Threat and Vulnerability,Deloitte,"['Qualys', 'Nessus', 'Nexpose']","Can you imagine taking part in the transformation of leading national and international organizations?

At Deloitte, we are committed to making an impact on society, our ...",19/06/2026MadridCiberseguridad
https://www.tecnoempleo.com/arquitecto-python-deloitte/django-fastapi/rf-53db104b32c633a67640,Arquitecto/a Python,Deloitte,"['Python', 'Django', 'FastAPI']","Te imaginas participando en la transformación de las principales organizaciones nacionales e internacionales?

En Deloitte estamos comprometidos con generar un impacto en ...",19/06/2026Madrid (Híbrido)Arquitecto TIC
https://www.tecnoempleo.com/deloitte-sw-engineer-deloitte/spark-pyspark/rf-c1ec12d0b2d90319e040,Deloitte SW Engineer,Deloitte,"['Spark', 'PySpark', 'Scala']","Te imaginas participando en la transformación de las principales organizaciones nacionales e internacionales?

En Deloitte estamos comprometidos con generar un impacto en ...",19/06/2026Barcelona (Híbrido)Analista Programador
https://www.tecnoempleo.com/experto-en-business-intelligence-panel-sistemas-in/bi-business-intelligenc/rf-114010f122c1c3f06345,Experto/a en Business Intelligence,PANEL Sistemas Informáticos,"['BI', 'Business Intelligence', 'Power BI']","🚀 Nueva oportunidad en BI – Proyecto con Santander (100% Remoto)

✅ Buscamos perfiles con experiencia sólida en BI (a partir de 5 años de experiencia) y capacidad ...",19/06/2026Madrid (Híbrido)Big Data
https://www.tecnoempleo.com/it-business-partner-para-finance-sg-tech/sap-hana/rf-e09512e122b8e3d0b24f,IT Business Partner para Finance,sg tech,"['SAP', 'HANA']","Descripción

Sobre la posición

Buscamos un/a IT Business Partner para el área de Finance & Controlling Services que actúe como enlace entre las áreas de negocio y ...",19/06/2026Madrid (Híbrido)Consultor
https://www.tecnoempleo.com/arquitecto-datos-sg-tech/sql-er-studio/rf-82361873929bc346d94a,Arquitecto/a de Datos,sg tech,"['SQL', 'ER Studio', 'PowerDesigner']","Descripción

Precisamos incorporar un/a Ingeniero/a de Datos con un mínimo de 2 años de experiencia en modelado y estructuras de información para participar en proyectos...",19/06/2026MadridArquitecto TIC
https://www.tecnoempleo.com/junior-big-data-spark-developer-sg-tech/java/rf-aec5116af20933dfdb42,Junior Big Data / Spark Developer,sg tech,"['Spark', 'java']","Descripción

Precisamos incorporar un/a Junior Big Data / Spark Developer con al menos 1 año de experiencia para participar en un proyecto tecnológico dentro del sector ...",19/06/2026MadridBig Data
https://www.tecnoempleo.com/programador-ruby-on-rails-react-sg-tech/ruby-on-rails-dom/rf-22241aa34266f386804e,Programador/a Ruby on Rails React,sg tech,"['Ruby on Rails', 'React', 'DOM']","Descripción

Precisamos incorporar un/a Desarrollador/a Ruby on Rails + React con al menos 3 años de experiencia para participar en un proyecto de mantenimiento correctivo...",19/06/2026100% remotoProgramador
https://www.tecnoempleo.com/data-engineer-aws-big-data-accenture/python-sql/rf-ac211810a2d633c8bb40,Data Engineer / AWS & Big Data,Accenture,"['Python', 'SQL', 'AWS']","Accenture, reconocida como Great Place To Work®, una compañía líder mundial en servicios profesionales que ayuda a las principales empresas, administraciones públicas y ...",19/06/2026SevillaBig Data
https://www.tecnoempleo.com/desarrollador-senior-ia-generativa-accenture/inteligencia-artificial-machi/rf-fab816afa26413d3fa4d,Desarrollador senior IA Generativa,Accenture,"['Inteligencia Artificial', 'Machine Learning', 'NLP']","Accenture, reconocida como Great Place To Work®, una compañía líder mundial en servicios profesionales que ayuda a las principales empresas, administraciones públicas y ...",19/06/2026MálagaInteligencia Artificial/Machine Learning
https://www.tecnoempleo.com/data-engineer-aws-big-data-accenture/python-sql/rf-389d13b97207f3de774b,Data Engineer / AWS & Big Data,Accenture,"['Python', 'SQL', 'AWS']","Accenture, reconocida como Great Place To Work®, una compañía líder mundial en servicios profesionales que ayuda a las principales empresas, administraciones públicas y ...",19/06/2026BarcelonaBig Data
https://www.tecnoempleo.com/ios-developer-accenture/ui-tests-unit-tests/rf-017b11d662c81309ba4f,iOS Developer,Accenture,"['iOS', 'UI tests', 'unit tests']","Accenture Song accelerates growth and value for our clients. It is where professionals reimagine industries, products, and services-covering everything from ideation to ...",19/06/2026A CoruñaDesarrollador Móvil
https://www.tecnoempleo.com/senior-java-backend-developer-accenture/microservices-event-architectures/rf-5c721a16f27a13f9e349,Senior Java Backend Developer,Accenture,"['Java', 'Microservices', 'Event Architectures']","At Accenture, we believe in technology as the engine for the total reinvention of the company. We work with the leading platforms and partners in the market to drive our ...",19/06/2026AlicanteProgramador
https://www.tecnoempleo.com/work-based-learning-program-amazon/amazon-web-services-aws/rf-70151efa82ae53bdac4b,Work Based Learning Program,Amazon,"['Amazon Web Services', 'AWS', 'SLA']",Amazon Web Services (AWS) is seeking Data Center Technicians as part of our Work Based Learning Program (WBLP). This trainee position requires the successful candidate report ...,19/06/2026ZaragozaSoporte Técnico
https://www.tecnoempleo.com/senior-data-developer-gfr-technologies-se/spark-python/rf-63e3178c92403352a540,Senior Data Developer,GFR Technologies SE,"['Spark', 'Python', 'SQL']","GFT es una compañía pionera en transformación digital. Diseñamos soluciones de negocio centradas en la inteligencia artificial (AI-Centric), modernizamos infraestructuras ...",19/06/2026MadridBig Data
https://www.tecnoempleo.com/it-solution-architect-basf/agile/rf-dc121f123248732dd441,IT Solution Architect,BASF,['agile'],"ABOUT US

At BASF Digital Hub Madrid we develop innovative digital solutions for BASF, create new exciting customer experiences and business growth, and drive efficiencies in ...",19/06/2026Madrid (Híbrido)Arquitecto TIC
https://www.tecnoempleo.com/contabilidad-operativa-tesoreria-arelance/excel-sap/rf-28e218578272335e9942,"Contabilidad, Operativa y Tesorería",Arelance,"['Excel', 'SAP']",En Arelance sabemos que las personas son el activo más importante dentro de una empresa y por tanto invertimos muchos esfuerzos en buscar los mejores profesionales para ...,19/06/2026100% remotoAdministrativo36.000€ - 42.000€ b/a
https://www.tecnoempleo.com/sap-treasury-consultant-accenture/sap-hana/rf-634516fa9292c382504f,SAP Treasury Consultant,Accenture,"['SAP', 'HANA']","Looking for a career with global impact? 

If you are looking for a career with unparalleled global impact, then Accenture invites you to learn more about our rapidly ...",19/06/2026BarcelonaConsultor
https://www.tecnoempleo.com/appian-senior-developer-accenture/appian-bpm/rf-63f11edd523303eeff4f,APPIAN Senior Developer,Accenture,"['Appian', 'BPM']","At Accenture, we believe in technology as the engine for the total reinvention of the company. We work with the leading platforms and partners in the market to drive our ...",19/06/2026MadridProgramador
https://www.tecnoempleo.com/technology-cloud-architect-accenture/aws-azure-google-cloud-platform/rf-e086188832529358b847,Technology Cloud Architect,Accenture,"['AWS', 'Azure', 'Google Cloud Platform']","At Accenture, we believe in technology as the engine for the total reinvention of the company. We work with the leading platforms and partners in the market to drive our ...",19/06/2026MadridArquitecto TIC
https://www.tecnoempleo.com/ios-developer-accenture/swift/rf-f03511323223e31c6645,iOS Developer,Accenture,"['Swift', 'iOS']","Accenture Song accelerates growth and value for our clients. It is where professionals reimagine industries, products, and services-covering everything from ideation to ...",19/06/2026100% remotoDesarrollador Móvil
https://www.tecnoempleo.com/enterprise-architect-data-barcelona/data/rf-2be910c8b2f9232aea42,Enterprise Architect Data,Accenture,['data'],"ACCENTURE STRATEGY & CONSULTING

Join Accenture Strategy & Consulting and you´ll work alongside fellow industry experts to lead transformational projects, and define ...",19/06/2026BarcelonaArquitecto TIC
https://www.tecnoempleo.com/devops-platform-engineer-accenture/java-javascript-jenkins-azure-devops-do/rf-80901828c297039b2540,DevOps Platform Engineer,Accenture,"['java', 'JavaScript', 'Jenkins']","At Accenture, we believe in technology as the engine for the total reinvention of the company. We work with the leading platforms and partners in the market to drive our ...",19/06/2026SevillaDevOps
https://www.tecnoempleo.com/sap-analytics-consultant-accenture/sap-sap-bw/rf-f5911340f22d734df942,SAP Analytics Consultant,Accenture,"['SAP', 'SAP BW']","We are looking for passionate, curious, and driven team players who are ready to ignite ideas, push boundaries and drive innovation. At Accenture you´ll work on innovative ...",19/06/2026MadridConsultor
https://www.tecnoempleo.com/senior-it-auditor-data-analytics-ey/etl-sap/rf-52ee1da4a2b223c06647,Senior IT Auditor - Data Analytics,EY,"['ETL', 'SAP']","Senior IT Auditor - Data Analytics

Our Risk Consulting - Technology Risk team support to the Financial Audit in account analysis of applications, systems and IT solutions, ...",19/06/2026MálagaAuditor
https://www.tecnoempleo.com/senior-consultant-data-analytics-deloitte/power-bi-excel/rf-66eb14d7d28943dc934c,Senior Consultant - Data Analytics,Deloitte,"['Power BI', 'Excel', 'ETL']","Te imaginas participando en la transformación de las principales organizaciones nacionales e internacionales?

En Deloitte estamos comprometidos con generar un impacto en ...",19/06/2026Madrid (Híbrido)Analista
https://www.tecnoempleo.com/soporte-murex-arelance/murex/rf-b6a71aede20b130c1744,Soporte Murex,Arelance,"['Murex', 'Soporte']",En Arelance sabemos que las personas son el activo más importante dentro de una empresa y por tanto invertimos muchos esfuerzos en buscar los mejores profesionales para ...,19/06/2026100% remotoProgramador24.000€ - 30.000€ b/a
https://www.tecnoempleo.com/php-developer-michael-page/laravel-react/rf-bcfa133ea27c13a7d741,PHP Developer,Michael Page,"['PHP', 'Laravel', 'React']","• Desarrollar y mantener aplicaciones web utilizando PHP (Laravel) como principal lenguaje de programación.
• Participar en el diseño y la implementación de nuevas ...",19/06/2026Madrid (Híbrido)Programador27.000€ - 36.000€ b/a
https://www.tecnoempleo.com/nodejs-vuejs-developer-michael-page/nodejs-javascript/rf-3eba14af623093b4c44f,NodeJS & VueJs Developer,Michael Page,"['Node.js', 'JavaScript', 'Vue.js']","• Diseñar, desarrollar y mantener aplicaciones escalables con Node.js y JavaScript
• Participar en el desarrollo del frontend con Vue.js
• Colaborar en decisiones té...",19/06/2026Valencia (Presencial)Programador45.000€ - 54.000€ b/a
https://www.tecnoempleo.com/backend-developer-data-processing-michael-page/python-rabbitmq/rf-0f6b141b329d23d3a941,Backend Developer - Data Processing,Michael Page,"['Python', 'RabbitMQ', 'Flink']","• Implement data ingestion and processing pipelines
• Work with streaming and messaging technologies (RabbitMQ, Apache Flink, AWS Kinesis, SNS, SQS)
• Ensure data ...",19/06/2026Madrid (Híbrido)DevOps
https://www.tecnoempleo.com/ai-technical-product-owner-michael-page/ml-virtual-power-platform/rf-008d1fab22cd53d98149,AI Technical Product Owner,Michael Page,"['AI', 'ML', 'Virtual Power Platform']","The AI Technical Product Owner will have genuine authority over what the AI models do and genuine credibility with the engineering team that builds them.

You will work with...",19/06/2026100% remotoConsultor
https://www.tecnoempleo.com/devops-engineer-michael-page/aws-linux/rf-67ab11d8627d43254045,DevOps Engineer,Michael Page,"['AWS', 'Linux', 'Windows']","• Diseñar, implementar y mantener infraestructuras de automatización y despliegue continuo.
• Supervisar y optimizar los entornos de desarrollo, pruebas y producción...",19/06/2026100% remotoDevOps
https://www.tecnoempleo.com/desarrollador-adobe-experience-manager-michael-pag/adobe-experience-manage/rf-5b3a1674a2e58330ca43,Desarrollador/a de Adobe Experience Manager,Michael Page,"['Adobe Experience Manager', 'App Builder']","• Desarrollar y evolucionar soluciones sobre Adobe Experience Manager Assets as a Cloud Service, siguiendo un enfoque cloud-native.
• Implementar y configurar flujos de ...",19/06/2026Barcelona (Híbrido)Programador
https://www.tecnoempleo.com/ingeniero-hardware-hays/altium-orcad/rf-1f0613b9c2dab349d44e,Ingeniero Hardware,HAYS,"['Altium', 'Orcad', 'Mentor']","Desde HAYS estamos trabajando con una empresa que investiga, diseña y produce sistemas electrónicos innovadores para la industria aeroespacial.

Estamos en la búsqueda de...",19/06/2026MadridElectrónica
https://www.tecnoempleo.com/qa-tester-manual-hays/ranorex-coded-ui/rf-b2f719d072ab83a7b44e,QA Tester Manual,HAYS,"['QA', 'Ranorex', 'Coded UI']","Tu nueva empresa
Compañía tecnológica internacional que desarrolla soluciones de software avanzadas basadas en inteligencia artificial, orientadas a entornos críticos y ...",19/06/2026BarcelonaTester/QA
https://www.tecnoempleo.com/programador-senior-kafka-cas-training/java-spring/rf-015716ad22f95366c44e,Programador/a Senior Kafka,CAS TRAINING,"['java', 'kafka', 'spring']","Cas Training, empresa de referencia con más de 20 años de experiencia en consultoría tecnológica, outsourcing y formación especializada, selecciona a un/a Programador/a ...",19/06/2026100% remotoAnalista Programador42.000€ - 45.000€ b/a
https://www.tecnoempleo.com/pmo-hays/asana-jira/rf-8eca1ebf320943f01c4a,PMO,HAYS,"['PMO', 'Asana', 'Jira']","At HAYS, we are partnering with a fast-growing international company operating in the sourcing and logistics of bulk raw materials for the cement and gypsum industries. ...",19/06/2026Madrid (Híbrido)Jefe de Proyecto
https://www.tecnoempleo.com/photonics-engineer-hays/labview-python/rf-88e71216d271e3203749,Photonics Engineer,HAYS,"['LabVIEW', 'Python', 'Inventor']","Tu nueva empresa
Empresa líder en el diseño y fabricación de láseres en el sector de la fotónica avanzada.

Tu nuevo puesto
Como Photonics Engineer, reportando al ...",19/06/2026Barcelona (Presencial)Ingenieros/Industria39.000€ - 45.000€ b/a
https://www.tecnoempleo.com/ingeniero-rams-hays/fmeca-fta/rf-71ff1b3a52db43721f4b,Ingeniero RAMS,HAYS,"['FMECA', 'FTA', 'MTTR']","Desde HAYS estamos colaborando con una empresa del sector electrónica en Alcobendas.

Actualmente, buscamos un perfil de un/a Ingeniero RAMS que se incorpore al proyecto y ...",19/06/2026Madrid (Presencial)Ingenieros/Industria
https://www.tecnoempleo.com/ingenierio-fw-hays/linux-rtos/rf-e4bd1f7662a9d341474d,Ingenierio FW,HAYS,"['Linux', 'RTOS', 'C']","Desde HAYS estamos trabajando con una empresa que investiga, diseña y produce sistemas electrónicos innovadores para la industria aeroespacial.

Estamos en la búsqueda de...",19/06/2026Madrid (Presencial)Programador
https://www.tecnoempleo.com/interim-grc-lead-4-months-michael-page/nis2-gdpr/rf-ff7d1982b200f38ca04c,Interim GRC Lead - 4 months,Michael Page,"['NIS2', 'GDPR', 'ISO 27001']","Reporting to the Head of this team, your main responsibilities will be:

	- Coordinate marketplace risk-led self-assessment activities against the updated Minimum Control ...",19/06/2026Barcelona (Híbrido)CiberseguridadContrato temporal
https://www.tecnoempleo.com/ingeniero-seguridad-redes-firewalls-grupo-sermicro/cisco-check-point/rf-c21c1ff7121893e0354f,Ingeniero/a de Seguridad de Redes (Firewalls),Grupo Sermicro,"['CISCO', 'CHECK POINT', 'VPN']","Ingeniero/a de Seguridad de Redes (Firewalls)

📍 Flexible | Proyecto estable

En Grupo Sermicro, empresa líder en soluciones y servicios TIC, seleccionamos un/a Ingeniero/...",19/06/2026MadridCiberseguridad
https://www.tecnoempleo.com/responsable-calidad-michael-page/iso-9001-iso-3834/rf-9b4e1e47024fb397164c,Responsable de Calidad,Michael Page,"['ISO 9001', 'ISO 3834']","Liderar el área de calidad, asegurando el cumplimiento normativo y la excelencia en producción, combinando una visión estratégica (ISO) con un enfoque operativo en planta...",19/06/2026BizkaiaSistemas de Calidad
https://www.tecnoempleo.com/programador-plc-senior-michael-page/hmi/rf-a16617abe28023bb8141,Programador PLC senior,Michael Page,"['PLC', 'HMI']","En tu día a día te encargarás de la programación y ajuste de PLCs, la integración de sensores y actuadores, el desarrollo de HMI sencillas, la puesta en marcha y la ...",19/06/2026Valladolid (Híbrido)Ingenieros/Industria
https://www.tecnoempleo.com/head-of-ecommerce-michael-page/amazon-vendor-amazon-seller/rf-32c411ae52b363499a46,Head of Ecommerce,Michael Page,"['Amazon Vendor', 'Amazon Seller', 'Marketplaces']","• Definir y liderar la estrategia global de Ecommerce y Marketplaces.
• Gestionar el P&L del canal (ventas, margen y rentabilidad).
• Liderar y desarrollar un equipo ...",19/06/2026Madrid (Híbrido)Marketing
https://www.tecnoempleo.com/director-sap-consultora-it-internacional-michael-p/sap/rf-5bd11ccb82e4639a254e,Director/a SAP - Consultora IT Internacional,Michael Page,['SAP'],"Como Director/a SAP, serás responsable de liderar y hacer crecer la práctica SAP, asegurando la calidad en la entrega, el desarrollo del equipo y el posicionamiento estraté...",19/06/2026Barcelona (Híbrido)Jefe de Proyecto
https://www.tecnoempleo.com/digital-marketing-manager-michael-page/google-ads-linkedin/rf-95921079424b73b2ec4d,Digital Marketing Manager,Michael Page,"['Google Ads', 'LinkedIn', 'Google Analytics']","• Diseñar y ejecutar estrategias de marketing digital enfocadas en la generación de leads cualificados.
• Definir y ejecutar la estrategia de demand generation B2B...",19/06/2026Madrid (Híbrido)Marketing
https://www.tecnoempleo.com/fullstack-java-angular-second-window/spring-microservicios/rf-66aa1d40226cf3efdf48,Fullstack (Java/Angular),Second Window,"['Java', 'Spring', 'microservicios']","Desde Second Window buscamos un/a desarrollador Fullstack especializado en Java y Angular, con a partir de 4 años de experiencia en el rol, para incorporarse a una compañía...",19/06/2026100% remotoProgramador
https://www.tecnoempleo.com/desarrollador-backend-java-con-ingles-digital-tale/spring-boot-microservic/rf-f26518b93266a3f51841,Desarrollador/a Backend Java con Inglés,Digital Talent Agency,"['java', 'ingles', 'spring boot']","Ubicación: Boadilla del Monte, Madrid (Modelo Híbrido: 2-3 días en oficina)

En Zemsania, buscamos talento excepcional para fortalecer nuestro equipo de desarrollo backend ...",19/06/2026Madrid (Híbrido) y otrasAnalista Programador
https://www.tecnoempleo.com/ingeniero-software-gisgal/javascript-nodejs/rf-b0d717aa328ca3a24844,Ingeniero de software,Gisgal,"['JavaScript', 'Node.js', 'React']",Gisgal es una consultora tecnológica especializada en el desarrollo y explotación de Sistemas de Información Geográfica. Creamos aplicaciones web basadas en mapas y datos ...,19/06/2026A Coruña (Híbrido)Analista Programador30.000€ - 36.000€ b/a
https://www.tecnoempleo.com/administrador-servidores-junior-broser-catalunya/linux-windows-server/rf-3e321559b2c943d7aa4d,Administrador de Servidores Junior,Broser Catalunya,"['Linux', 'Windows Server', 'PowerShell']","SOLO SE VALORARÁN CANDIDATURAS DE CANDIDATOS RESIDENTES EN LA PROVINCIA DE BARCELONA

¿Tienes al menos un año de experiencia trabajando con servidores y te apasiona la ...",19/06/2026Barcelona (Presencial)Administrador24.000€ - 27.000€ b/a
https://www.tecnoempleo.com/administrador-sistemas-informaticos-bitar-informat/windows-ios/rf-99421c9bf28083670b42,Administrador de Sistemas Informáticos,BITAR Informática,"['Windows', 'iOS', 'Office 365']","El servicio objeto de contratación consiste en el servicio de soporte microinformático (CAU) de primer nivel, consistente en la recepción, registro y gestión de todas las ...",19/06/2026BizkaiaTécnico de Sistemas
https://www.tecnoempleo.com/full-stack-developer-alenta-equipo/aws-node/rf-3fab1b3352e1433d4443,Full Stack Developer,ALENTA EQUIPO,"['AWS', 'Node', 'Typescript']",Seleccionamos un/a FULL STACK DEVELOPER para MALCO RENT A CAR en sus oficinas centrales de Castellón de la Plana. MALCO es una compañía especializada en el alquiler y ...,19/06/2026CastellónProgramador
https://www.tecnoempleo.com/junior-data-analyst-ingles-c1-second-window/power-automate-powerbi/rf-8f0e1ae2c20323e08c49,Junior Data Analyst. Inglés C1,Second Window,"['Power Automate', 'PowerBI', 'SQL']","En Second Window estamos ampliando nuestro equipo y buscamos a un/a Data Analyst Junior (Analista de Datos / BI Analyst) para unirse a un proyecto sólido y a largo plazo.
Si ...",19/06/2026100% remotoAnalista24.000€ - 27.000€ b/a
https://www.tecnoempleo.com/programador-net-con-blazor-sopra-steria/net-c/rf-7e60163f12c91367fb4c,Programador/a .NET con Blazor,Sopra Steria,"['.net', 'C#', 'Blazor']","Descripción de la empresa

Porque trabajar en Sopra Steria, también es sentir Sopra Steria.

Somos un reconocido líder europeo en consultoría, servicios digitales y ...",19/06/2026MadridProgramador
https://www.tecnoempleo.com/java-backend-developer-staff-ey/spring/rf-722a194c72fe03cdcd49,Java Backend Developer - Staff,EY,"['java', 'spring']","Desarrollador Backend Java (Springboot) - EY GDS Spain - Hybrid

Dentro del área de Digital Engineering de Sector Financiero y de Seguros, ayudamos a nuestros clientes en ...",19/06/2026MálagaProgramador
https://www.tecnoempleo.com/snowflake-developer-cognizant-technology-solutions/etl-sql/rf-db4b1377f2f7235a4644,Snowflake Developer,Cognizant Technology Solutions,"['SnowFlake', 'ETL', 'SQL']","We are seeking a Snowflake Engineer to design, build and maintain ETL/ELT pipelines and Snowflake objects as part of a strategic Teradata-to-Snowflake migration programme for ...",19/06/2026MadridBig Data
https://www.tecnoempleo.com/manager-data-technology-risk-financial-sector-ey/power-bi-python/rf-76f3114802b5d33bc845,Manager - Data Technology Risk (Financial Sector),EY,"['Power BI', 'Python', 'SQL']","En EY, tendrás la oportunidad de construir una carrera tan única como tú. Con el apoyo de un entorno global y una cultura inclusiva y tecnológica, conseguirás ser la ...",19/06/2026Madrid (Híbrido)Jefe de Proyecto
https://www.tecnoempleo.com/ux-designer-eu-intech-amazon/figma-adobe-creative-cloud/rf-2a78138492e3d3de5948,"UX Designer, EU INTech",Amazon,"['Figma', 'Adobe Creative Cloud']",Amazon´s global presence continues to grow quickly - offering millions of products to customers across the world. Our vision is to enable customers from anywhere in the world...,19/06/2026MadridDiseño gráfico
https://www.tecnoempleo.com/senior-software-engineer-fincore-ebury/python-jenkins/rf-c09a1555921b93feff4f,Senior Software Engineer (FinCore),Ebury,"['Python', 'Jenkins', 'Terraform']","Ebury helps ambitious businesses unlock global growth, and we take the same approach with our people. We encourage innovation and movement, collaboration and problem-solving, ...",19/06/2026Madrid (Híbrido)Programador
https://www.tecnoempleo.com/analista-datos-junior-sg-tech/microstrategy-oracle-discoverer/rf-030515dd9283b3feda41,Analista de datos Junior,sg tech,"['Microstrategy', 'Oracle Discoverer']","¡Hola! 

En SgTech, líderes en soluciones tecnológicas y transformación digital, estamos en búsqueda de un/a Analista de Datos Junior para prestar asistencia técnica ...",19/06/2026MadridAnalista
https://www.tecnoempleo.com/data-engineer-ebury/python-sql/rf-ccc11b2092edc3880045,Data Engineer,Ebury,"['Python', 'SQL', 'Airflow']","Ebury helps ambitious businesses unlock global growth, and we take the same approach with our people. We encourage innovation and movement, collaboration and problem-solving, ...",19/06/2026Madrid (Híbrido)Big Data
https://www.tecnoempleo.com/software-engineer-clientops-ebury/nodejs-typescript/rf-79ab1ff0c2d05339ae44,Software Engineer - ClientOps,Ebury,"['Node.js', 'TypeScript', 'Deno']","Ebury helps ambitious businesses unlock global growth, and we take the same approach with our people. We encourage innovation and movement, collaboration and problem-solving, ...",19/06/2026Málaga (Híbrido)Analista Programador
https://www.tecnoempleo.com/desarrollador-angular-ust/rest-api-jira/rf-ca1c163e32d3d3107b44,Desarrollador Angular,UST,"['Angular', 'REST API', 'Jira']","¡Seguimos buscando talento…y nos encantaría que te unieras a nuestro equipo!

Para que nos conozcas algo mejor, UST es una multinacional norteamericana certificada como ...",19/06/2026100% remotoProgramador
https://www.tecnoempleo.com/sap-successfactors-employee-central-integration-ey/sap/rf-e4981dbee28c735f284f,SAP SuccessFactors Employee Central Integration,EY,"['SAP', 'SuccessFactors']",We are looking for a SAP Success Factors Senior Consultant to join our EY GDS Consulting Services team focused on providing cutting - edge IT solutions dedicated to the ...,19/06/2026MálagaConsultor
https://www.tecnoempleo.com/application-operations-2nd-level-support-ust/linux-windows/rf-168d165c4287230f5748,Application Operations 2nd Level Support,UST,"['Linux', 'Windows', 'Java']","We are still looking for the very Top Talent…and we would be delighted if you were to join our team!

More in details, UST is a multinational company based in North ...",19/06/2026MadridSoporte Técnico
https://www.tecnoempleo.com/data-analyst-power-bi-ust/sql-power-bi/rf-52e41c5ca22093b05042,Data Analyst Power BI,UST,"['SQL', 'Power BI', 'Power Automate']","We are still looking for the very Top Talent…and we would be delighted if you were to join our team!

More in details, UST is a multinational company based in North ...",19/06/2026100% remotoAnalista Programador
https://www.tecnoempleo.com/frontend-developer-angular-ai-experience-ust/git-github-copilot/rf-e6461bd4021693fab64b,Frontend Developer Angular (AI Experience),UST,"['Angular', 'Git', 'GitHub Copilot']","We are looking for the very Top Talent…and we would be delighted if you were to join our team!

More in details, UST is a multinational company based in North America, ...",19/06/2026100% remotoProgramador
https://www.tecnoempleo.com/data-engineer-data-modelling-specialist-ebury/dbt-sql/rf-8b891933724c635f054a,Data Engineer - Data Modelling Specialist,Ebury,"['dbt', 'SQL', 'Airflow']","Ebury helps ambitious businesses unlock global growth, and we take the same approach with our people. We encourage innovation and movement, collaboration and problem-solving, ...",19/06/2026Madrid (Híbrido)Arquitecto TIC
https://www.tecnoempleo.com/project-manager-assisted-channels-ust/kpis-raid/rf-54d01c0d02faa326134d,Project Manager Assisted Channels,UST,"['KPIs', 'RAID', 'Data Analysis']","¡Seguimos buscando talento…y nos encantaría que te unieras a nuestro equipo!

Para que nos conozcas algo mejor, UST es una multinacional norteamericana certificada como ...",19/06/2026Madrid (Híbrido)Jefe de Proyecto
https://www.tecnoempleo.com/front-end-software-developer-ey/typescript-html/rf-2ec9187072bb83012a46,Front-End Software Developer,EY,"['TypeScript', 'HTML', 'CSS']","Senior Front-End Software Developer - EY GDS Spain - Hybrid 

The opportunity

As a member of our team in the EY GDS Spain office in Malaga, you´ll have a chance to ...",19/06/2026Málaga (Híbrido)Desarrollador Web
https://www.tecnoempleo.com/sap-ewm-extended-warehouse-management-ey/hana/rf-11be1df582de838f024d,SAP EWM Extended Warehouse Management,EY,"['sap', 'hana']","SAP EWM - Extended Warehouse Management Senior Consultant

We are seeking a highly skilled SAP Extended Warehouse Management (EWM) Senior Consultant with a minimum of 5 ...",19/06/2026MálagaConsultor
https://www.tecnoempleo.com/helpdesk-con-ingles-aubay/helpdesk/rf-92a51e4722bb4368fa46,Helpdesk con inglés,Aubay,['Helpdesk'],"Funciones
 
 Gestión y soporte de peticiones e incidencias de usuarios finales para una compañía internacional del sector alimentario, a través de distintos canales de ...",19/06/2026Barcelona (Híbrido)Helpdesk
https://www.tecnoempleo.com/senior-servicenow-solution-architect-cognizant-tec/itsm-javascript/rf-bf841655f2e243f6b042,Senior ServiceNow Solution Architect,Cognizant Technology Solutions,"['ServiceNow', 'ITSM', 'JavaScript']","Senior ServiceNow Technical Architect
 Remote • Spain 

About the role

We´re looking for a Senior ServiceNow Technical Architect to own the end-to-end technical ...",19/06/2026100% remotoArquitecto TIC
https://www.tecnoempleo.com/java-software-engineer-ust/api-aws/rf-095a1c0212c6233a1442,Java software engineer,UST,"['Java', 'API', 'AWS']","We are looking for the very Top Talent…and we would be delighted if you were to join our team!

More in details, UST is a multinational company based in North America, ...",19/06/2026100% remotoProgramador
https://www.tecnoempleo.com/senior-full-stack-developer-ust/java-spring-boot/rf-a4991f2872c6139e124f,Senior Full Stack Developer,UST,"['Java', 'Spring Boot', 'Hibernate']","We are looking for the very Top Talent…and we would be delighted if you were to join our team!

More in details, UST is a multinational company based in North America, ...",19/06/2026100% remotoProgramador
https://www.tecnoempleo.com/software-developer-java-python-kubernetes-knowmad-/spring-boot-microservic/rf-eddf10a5a28f23447041,Software Developer Java | Python | Kubernetes,knowmad mood,"['Java', 'Spring Boot', 'Microservicios']","We are knowmad mood!

Somos una compañía líder en transformación digital, en constante evolución y a la vanguardia de la tecnología. Nacimos para provocar un cambio ...",19/06/2026Murcia y otrasProgramador
https://www.tecnoempleo.com/data-engineering-specialist-power-bi-ust/power-bi-excel/rf-40fc1e6192ee333bff42,Data Engineering Specialist Power BI,UST,"['Power BI', 'Excel']","We are still looking for the very Top Talent…and we would be delighted if you were to join our team!

More in details, UST is a multinational company based in North ...",19/06/2026100% remotoBig Data
https://www.tecnoempleo.com/senior-product-owner-banca-internacional-ust/agile-jira/rf-33821126c2c6e3f49544,Senior Product Owner - Banca Internacional,UST,"['Agile', 'Jira', 'Confluence']","¡Seguimos buscando talento…y nos encantaría que te unieras a nuestro equipo!

Para que nos conozcas algo mejor, UST es una multinacional norteamericana certificada como ...",19/06/2026100% remotoJefe de Proyecto
https://www.tecnoempleo.com/backend-spark-developer-ust/scala-python/rf-f0761ee13285f31bce44,Backend Spark developer,UST,"['Spark', 'Scala', 'Python']","¡Seguimos buscando talento…y nos encantaría que te unieras a nuestro equipo!

Para que nos conozcas algo mejor, UST es una multinacional norteamericana certificada como ...",19/06/2026100% remotoProgramador
https://www.tecnoempleo.com/senior-fullstack-engineer-lending-team-ebury/python-django/rf-90811edfe22df324dd45,Senior Fullstack Engineer - Lending Team,Ebury,"['Python', 'Django', 'Node.js']","Ebury helps ambitious businesses unlock global growth, and we take the same approach with our people. We encourage innovation and movement, collaboration and problem-solving, ...",19/06/2026Madrid (Híbrido) y otrasProgramador
https://www.tecnoempleo.com/senior-ai-engineer-data-document-ai-ust/python-sql/rf-59971f7c926953727344,Senior AI Engineer / Data (Document AI),UST,"['Python', 'SQL', 'Kubernetes']","We are still looking for the very Top Talent…and we would be delighted if you were to join our team!

More in details, UST is a multinational company based in North ...",19/06/2026MadridDevOps
https://www.tecnoempleo.com/business-analyst-banca-data-ai-ust/agile-jira/rf-7bef1a0a926b9368e242,"Business Analyst Banca, Data & AI",UST,"['agile', 'Jira', 'Confluence']","¡Seguimos buscando talento…y nos encantaría que te unieras a nuestro equipo!

Para que nos conozcas algo mejor, UST es una multinacional norteamericana certificada como ...",19/06/2026100% remotoAnalista
https://www.tecnoempleo.com/data-analyst-financial-crime-ebury/sql-dbt/rf-f7b41220621ca3164e46,Data Analyst - Financial Crime,Ebury,"['SQL', 'dbt', 'Google Cloud BigQuery']","Ebury helps ambitious businesses unlock global growth, and we take the same approach with our people. We encourage innovation and movement, collaboration and problem-solving, ...",19/06/2026Madrid (Híbrido) y otrasAnalista
https://www.tecnoempleo.com/coordinador-servicios-ciberseguridad-aubay/isms-iso-27001/rf-39da1bc7f221631fa74f,Coordinador/a de Servicios (Ciberseguridad),Aubay,"['Ciberseguridad', 'ISMS', 'ISO 27001']","Funciones

Buscamos un/a Coordinador/a de Servicio especializado/a en Ciberseguridad, con experiencia en la gestión técnico-administrativa de proyectos IT y capacidad para...",19/06/2026BarcelonaJefe de Proyecto
https://www.tecnoempleo.com/it-compliance-audit-technology-risk-ey/sox-iso-27001/rf-0ca21269e209e31b1845,IT Compliance & Audit - Technology Risk,EY,"['SOX', 'ISO 27001', 'NIS2']",Se busca un/a consultor/a con experiencia en cumplimiento IT y auditoría para incorporarse a proyectos del ámbito de IT Compliance & Audit. El rol estará enfocado en la ...,19/06/2026MálagaAuditor
https://www.tecnoempleo.com/mid-senior-java-engineer-actico-ust/rest-actico-platform/rf-5bdb1db202efa3565d4f,Mid-Senior Java Engineer (Actico),UST,"['Java', 'REST', 'Actico Platform']","We are still looking for the very Top Talent…and we would be delighted if you were to join our team!

More in details, UST is a multinational company based in North ...",19/06/2026Madrid (Híbrido)Analista Programador
https://www.tecnoempleo.com/powercenter-data-support-analyst-cognizant-technol/itil/rf-a91e1378523d13cce048,Powercenter Data Support Analyst,Cognizant Technology Solutions,"['PowerCenter', 'ITIL']","Job Summary

We are seeking Data Support Analyst with 7 to 9 years of experience in Informatica/Powercenter/Oracle/MangoDB to join our team. The ideal candidate will have ...",19/06/2026MadridAnalista
https://www.tecnoempleo.com/qa-banca-canales-asistidos-ust/jira-agile/rf-49e61c7522dea3b65745,QA (Banca y Canales Asistidos),UST,"['JIRA', 'Agile', 'Confluence']","¡Seguimos buscando talento…y nos encantaría que te unieras a nuestro equipo!

Para que nos conozcas algo mejor, UST es una multinacional norteamericana certificada como ...",19/06/2026100% remotoTester/QA
https://www.tecnoempleo.com/senior-java-engineer-ust/junit-mockito/rf-c67512c4e26933b7c24d,Senior Java Engineer,UST,"['Java', 'JUnit', 'Mockito']","We are looking for the very Top Talent…and we would be delighted if you were to join our team!

More in details, UST is a multinational company based in North America, ...",19/06/2026Madrid (Híbrido)Programador
https://www.tecnoempleo.com/analista-programador-full-stack-aubay/angular-java/rf-033c1b67c2ef43c44844,Analista Programador/a Full-stack,Aubay,"['Angular', 'Java', 'GitHub Copilot']","Funciones

Creación e implementación de una solución de evolución y migración para el nuevo sistema departamental de gestión de material vegetal del Departamento de ...",19/06/2026Barcelona (Híbrido)Analista Programador
https://www.tecnoempleo.com/senior-application-support-engineer-ust/pl-sql-sql/rf-572a1e4c825f0383f24a,Senior Application Support Engineer,UST,"['PL/SQL', 'SQL', 'Java']","We are still looking for the very Top Talent…and we would be delighted if you were to join our team!

More in details, UST is a multinational company based in North ...",19/06/2026Madrid (Híbrido)Soporte Técnico
https://www.tecnoempleo.com/full-stack-developer-net-angular-react-ust/net-entity-framework/rf-1fe719c372acb377fb4b,"Full stack developer .NET, Angular, React",UST,"['.NET', 'React', 'Angular']","We are still looking for the very Top Talent…and we would be delighted if you were to join our team!

More in details, UST is a multinational company based in North ...",19/06/2026Madrid (Híbrido)Analista Programador
https://www.tecnoempleo.com/desarrollador-java-wso2-sopra-steria/mulesoft-apigee/rf-11411a05f25493de1547,Desarrollador/a Java + WSO2,Sopra Steria,"['Java', 'WSO2', 'MuleSoft']","Descripción de la empresa

Porque trabajar en Sopra Steria, también es sentir Sopra Steria.

Somos un reconocido líder europeo en consultoría, servicios digitales y ...",19/06/2026MadridProgramador
https://www.tecnoempleo.com/soporte-tecnico-it-randstad-es/microinformatica/rf-872017b3d24f03bb104d,Soporte Técnico It,Randstad ES,"['soporte', 'microinformatica']","¿Tienes experiencia en el departamento de IT? ¿Tienes disponibilidad para trabajar en Chiloeches? Si es así te estamos buscando. 
 
nuestro cliente
 
Reconocida empresa...",19/06/2026GuadalajaraSoporte Técnico
https://www.tecnoempleo.com/desarrollador-java-angular-ia-native-cas-training/springboot-microservicio/rf-01a218ed12882397cc4e,Desarrollador/a Java Angular IA-NATIVE,CAS TRAINING,"['java', 'springboot', 'ia']","Buscamos un/a Senior Full Stack Developer (AI-Native) para incorporarse a un proyecto innovador, participando en el diseño, desarrollo e implementación de soluciones ...",19/06/2026100% remotoAnalista Programador30.000€ - 42.000€ b/a
https://www.tecnoempleo.com/data-engineer-bella-aurora-labs/sql-python/rf-80a112fdb26083dff64a,Data Engineer,Bella Aurora Labs,"['SQL', 'Python', '.NET']","En Bella Aurora Labs apostamos por los datos como una herramienta clave para mejorar la toma de decisiones e impulsar el crecimiento del negocio. Para ello, buscamos ...",19/06/2026Barcelona (Híbrido)Base de Datos/DBA36.000€ - 42.000€ b/a
https://www.tecnoempleo.com/desarrolladores-fullstack-node-angular-digital-tal/jest-javascript/rf-06601e15d2b8435eb34c,Desarrolladores/as Fullstack Node - Angular,Digital Talent Agency,"['node', 'angular', 'jest']","Desde Zemsania estamos seleccionando, para importante multinacional tecnológica especializada en desarrollo de software, cloud, arquitectura, datos, DevOps, ciberseguridad e ...",19/06/2026Barcelona (Híbrido) y otrasAnalista Programador48.000€ - 72.000€ b/a
https://www.tecnoempleo.com/consultor-sap-trm-green-code-s-s-it/sap-fi-debugging-abap/rf-976915b372eb73185945,Consultor/a SAP TRM,Green Code S&S IT,"['SAP FI', 'DEBUGGING ABAP', 'SAP TRM']","¿Eres consultor/a SAP con especialización en el módulo de Tesorería y Gestión de Riesgos? ¿Quieres trabajar en un proyecto estable, en remoto y con un cliente de primer ...",19/06/2026100% remotoAnalista30.000€ - 42.000€ b/a
https://www.tecnoempleo.com/project-manager-tecnico-freelance-baoss/wan-tcp-ip/rf-63af1de702e9331dd745,Project Manager Técnico (Freelance),Baoss,"['LAN', 'WAN', 'TCP/IP']","Project Manager Técnico (Freelance) – Conectividad & Hardware (Sector Telco)

Estamos en la búsqueda de un Jefe de Proyecto Freelance con un perfil altamente técnico para...",19/06/2026100% remotoJefe de Proyecto
https://www.tecnoempleo.com/programador-cobol-arelance/jcl-db2/rf-fd8f195172d9d332d24e,Programador Cobol,Arelance,"['Cobol', 'JCL', 'DB2']",En Arelance sabemos que las personas son el activo más importante dentro de una empresa y por tanto invertimos muchos esfuerzos en buscar los mejores profesionales para ...,19/06/2026100% remotoProgramador
https://www.tecnoempleo.com/java-developer-sr-ingles-b2-second-window/sql-spring/rf-06831c7e42a7939cb34c,Java Developer Sr. Inglés B2,Second Window,"['java', 'SQL', 'spring']",Estamos seleccionando un/a Backend Developer Senior para incorporarse de forma indefinida a un proyecto de larga duración dentro del sector asegurador. Te unirás a un equipo...,19/06/2026MadridProgramador
https://www.tecnoempleo.com/ingeniero-diseno-electronico-fpga-sedecal/linux-git/rf-c7481018629363b2ea4e,Ingeniero de Diseño Electrónico (FPGA),Sedecal,"['linux', 'git', 'fpga']","Los TAC, PET y PET/TAC son una conjunto multimodalidad de dispositivos de imagen molecular medica para pequeños animales que integran un PET y un TAC, una gran revolución ...",19/06/2026Madrid (Híbrido) y otrasElectrónica33.000€ - 39.000€ b/a
https://www.tecnoempleo.com/devops-engineer-cdmon/linux-python/rf-b4f81ed1d2d953d26e43,DevOps Engineer,cdmon,"['linux', 'python', 'go']","SOBRE NOSOTROS

En cdmon llevamos más de dos décadas construyendo una internet más accesible, segura y eficiente para miles de usuarios en España y el mundo. Somos mucho m...",19/06/2026Barcelona (Híbrido) y otrasDevOps27.000€ - 42.000€ b/a
https://www.tecnoempleo.com/senior-software-engineer-java-kotlin-arelance/mongodb-kafka/rf-8edf137702ff737e454c,Senior Software Engineer - Java/Kotlin,Arelance,"['Java', 'Kotlin', 'MongoDB']",En Arelance sabemos que las personas son el activo más importante dentro de una empresa y por tanto invertimos muchos esfuerzos en buscar los mejores profesionales para ...,19/06/2026100% remotoDesarrollador Móvil
https://www.tecnoempleo.com/consultor-funcional-dynamics-365-ce-baoss/dynamics-365/rf-85ab15b1a21d63867f41,Consultor/a Funcional - Dynamics 365 CE,Baoss,['Dynamics 365'],"Buscamos un/a Consultor/ora Funcional Dynamics 365 CE  con sólida experiencia en los módulos de Sales, Customer Service y Customer Insights. La persona seleccionada formar...",19/06/2026Madrid y otrasAnalista
https://www.tecnoempleo.com/tecnicos-software-configuradores-hibrido/sql-python-php-jenkins-base-datos/rf-baf713c9a27893e58349,Técnicos de Software Configuradores,Invoin,"['SQL', 'Python', 'php']",En Grupo INVOIN necesitamos incorporar a nuestra plantilla 2 Técnicos de Software para participar en un proyecto estable de ingeniería de tráfico y transporte en Madrid con...,19/06/2026Madrid (Híbrido)Técnico Software
https://www.tecnoempleo.com/t-cnico-onsite-grupo-sermicro/ticketing-soporte/rf-ce811efce21ec3806649,TÉCNICO/A ONSITE,Grupo Sermicro,"['ticketing', 'soporte', 'microinformatica']",En Sermicro buscamos un/a Técnico/a On site con al menos dos años de experiencia proporcionando soporte presencial en entornos corporativos. La persona seleccionada realizar...,19/06/2026BarcelonaSoporte TécnicoContrato temporal
https://www.tecnoempleo.com/especialista-mainframe-baoss/db2-sql/rf-358f1fd6a20c438ccb48,Especialista Mainframe,Baoss,"['Mainframe', 'DB2', 'SQL']","🚀 Descripción

Buscamos un/a Especialista en en Mainframe con experiencia en análisis de rendimiento y entornos tecnológicos Mainframe, para participar en proyectos ...",19/06/2026Madrid (Híbrido)Técnico de Sistemas
https://www.tecnoempleo.com/manager-gravity-micro-focus-panel-sistemas-informa/microfocus-partenon/rf-b2a3102fa26e436b1a48,Manager Gravity (Micro Focus),PANEL Sistemas Informáticos,"['Gravity', 'Microfocus', 'Partenon']","🚀 ¡Estamos contratando! Manager Gravity (Micro Focus) 🚀
📍 Modalidad: 100% remoto
🏢 Proyecto en entorno bancario / host
¿Tienes experiencia en Gravity (Microfocus...",19/06/2026Madrid (Híbrido)Soporte Técnico
https://www.tecnoempleo.com/ingeniero-its-invoin/its-ms-project-primavera-autocad-bim-snmp-cisco-work-/rf-915213d402d403f33147,Ingeniero de ITS,Invoin,"['ITS', 'MS Project', 'Primavera']","En Grupo INVOIN necesitamos incorporar a nuestra plantilla un Ingeniero de ITS para participar en un proyecto europeo de ingeniería de tráfico y transporte en Madrid.

...",19/06/2026Madrid (Híbrido)Ingenieros/Industria
https://www.tecnoempleo.com/ingeniero-back-end-python-novanotio/django-git/rf-144912aa02e7c30bc545,Ingeniero/a Back End Python,Novanotio,"['Python', 'Django', 'Git']","REQUISITOS PRINCIPALES:
Grado en Ingeniería Informática o similar.
+3 años de experiencia en backend con Python.
Frameworks: FastAPI, Flask o Django.
Experiencia con ORM, ...",19/06/2026Barcelona y otrasProgramador36.000€ - 39.000€ b/a
https://www.tecnoempleo.com/tech-lead-analista-integracion-chakray/wso2-api/rf-5b2b142ff226031fa647,Tech Lead - Analista de Integración,Chakray,"['WSO2', 'API', 'Gravitee']","Como Tech Lead – Analista de integración, te unirás a un equipo dinámico y en crecimiento de personas apasionadas por la integración y la tecnología. Trabajarás con ...",19/06/2026Alicante (Híbrido)Analista
https://www.tecnoempleo.com/network-dc-engineer-satelital-serem/vmware-kvm/rf-9b21183de2af23df864b,Network & DC Engineer Satelital,Serem,"['VMware', 'KVM', 'Hyper V']","Desde serem buscamos incorporar un perfil senior de Network & Datacenter Engineer para participar en un proyecto estratégico dentro del ámbito aeroespacial, enfocado en el ...",19/06/2026Madrid (Híbrido)Redes
https://www.tecnoempleo.com/programadores-java-seltime/springboot-angular/rf-aa92113762d593926a4d,Programadores Java,Seltime,"['Java', 'SpringBoot', 'Angular']","SELTIME compañía española en proceso de expansión, líder en dar soluciones tecnológicas específicas a cada cliente y un trato personalizado a nuestros técnicos.

...",19/06/2026100% remotoAnalista
https://www.tecnoempleo.com/tecnico-helpdesk-n1-serem/remedy-jira/rf-c1e51909726bf3d5a343,Técnico Helpdesk N1,Serem,"['Remedy', 'Jira', 'ServiceNow']","Desde serem buscamos perfiles Helpdesk N1, encargado de soporte y resolución de incidencias técnicas de primer nivel para un nuevo servicio en Sevilla y Málaga. Se ofrecen ...",19/06/2026Sevilla y otrasHelpdeskJornada turno rotatorio
https://www.tecnoempleo.com/tecnico-informatico-con-ingles-20h-sosmatic/active-directory-azure/rf-946a10a1f2ba83c24449,Técnico/a informático/a con inglés (20h),Sosmatic,"['active directory', 'azure', 'VPN']","Buscamos un perfil técnico de soporte a usuarios para importante empresa ubicada en Hospitalet

Objetivo del puesto
Dar soporte técnico de primer  nivel en el entorno ...",19/06/2026Barcelona (Presencial)Helpdesk10.000€ - 10.000€ b/a
https://www.tecnoempleo.com/tecnico-helpdesk-n1-serem/remedy-jira/rf-ec841388b2b7435f1847,Técnico Helpdesk N1,Serem,"['Remedy', 'Jira', 'ServiceNow']","Desde serem buscamos perfiles Helpdesk N1, encargado de soporte y resolución de incidencias técnicas de primer nivel para un nuevo servicio en Madrid y Barcelona. Se ofrecen...",19/06/2026Madrid y otrasHelpdeskJornada turno rotatorio
https://www.tecnoempleo.com/modelador-bim-senior-invoin/revit-mep/rf-87921215a2c943926144,Modelador BIM Senior,Invoin,"['Revit', 'MEP', 'BIM']","En Grupo Invoin necesitamos incorporar a nuestra plantilla Modeladores BIM para participar en importantes proyectos de Sistemas Inteligentes de Transporte en Alcobendas.

...",19/06/2026Madrid (Híbrido)Ingenieros/Industria
https://www.tecnoempleo.com/senior-sdet-web-typescript-panel-sistemas-informat/selenium-playwright/rf-495d112fb2a273b7de41,Senior SDET Web (TypeScript),PANEL Sistemas Informáticos,"['Typescript', 'Selenium', 'Playwright']","🚀 ¡Estamos contratando! Senior SDET Web (TypeScript) 🚀
En Panel Sistemas Informáticos seguimos creciendo y buscamos un/a Senior SDET especializado/a en Web Testing ...",19/06/2026100% remotoTester/QA
https://www.tecnoempleo.com/analista-hub-digitalizacion-diseno-procesos-cajama/power-bi-sql/rf-1ac31f35e2e8035b1942,Analista Hub Digitalización/Diseño de procesos,Cajamar Tecnología,"['Power BI', 'SQL', 'RPA']","En Cajamar Tecnología, necesitamos incorporar a una persona en la oficina de Automatización en Almería, Madrid, Granada,  Valencia, Sevilla.

¿Quiénes somos?  
Cajamar ...",19/06/2026Almería y otrasAnalista
https://www.tecnoempleo.com/salesforce-lead-analyst-cmv-consultores/financial-services-cloud/rf-24871a2a92e61326d647,Salesforce Lead Analyst,CMV Consultores,"['Salesforce', 'Financial Services Cloud']","Desde CMV Consultores te brindamos las mejores oportunidades, en importantes clientes.

Buscamos un Salesforce Lead Analyst con experiencia en Financial Services Cloud, ...",19/06/2026Bizkaia (Híbrido)Analista45.000€ - 48.000€ b/a
https://www.tecnoempleo.com/business-analyst-seguros-jira-confluence-serem/jira/rf-f25810a1624c4363a443,"Business Analyst Seguros (Jira, Confluence)",Serem,"['jira', 'confluence']","Desde Serem, trabajamos impulsando proyectos tecnológicos innovadores y queremos incorporar un/a Business Analyst Seguros (Jira, Confluence) para importante cliente ubicado ...",19/06/2026Barcelona (Híbrido)Analista
https://www.tecnoempleo.com/project-manager-sector-seguros-baoss/project-manager/rf-6db219dea24433abad4c,Project Manager - Sector Seguros,Baoss,['project manager'],"Buscamos Project Manager con experiencia en la gestión y seguimiento de proyectos y programas, capaz de liderar iniciativas de principio a fin en un entorno dinámico y ...",19/06/2026Barcelona y otrasJefe de Equipo
https://www.tecnoempleo.com/jefe-proyecto-banca-digital-cajamar-tecnologia/power-bi-pmp/rf-e17017d252d9331b454c,Jefe de Proyecto de Banca Digital,Cajamar Tecnología,"['Power BI', 'PMP', 'Scrum Master']","Cajamar Tecnología es una empresa de servicios que forma parte del Grupo Financiero Cajamar, con presencia a nivel nacional.

Nos caracterizamos por ser una organización din...",19/06/2026Almería (Híbrido)Jefe de Proyecto
https://www.tecnoempleo.com/salesforce-developer-cmv-consultores/salesforce-service-cloud-apex/rf-03421a454295d30caa40,Salesforce Developer,CMV Consultores,"['Salesforce Service Cloud', 'Apex', 'LWC']","Desde CMV Consultores te brindamos las mejores oportunidades, en importantes clientes.

Se necesita un CRM Developer - Service cloud Dispone de conocimientos en salesforce ...",19/06/2026100% remotoProgramador27.000€ - 30.000€ b/a
https://www.tecnoempleo.com/responsable-sistemas-informaticos-medicos-del-mund/microsoft/rf-de891f2602e113e92e47,Responsable de Sistemas informáticos,Médicos del Mundo,['Microsoft'],"Misión
Garantizar la disponibilidad de los recursos informáticos, asegurando el funcionamiento de los ordenadores, redes, plataformas y sistemas informáticos en Médicos ...",19/06/2026Madrid (Híbrido)Jefe de Equipo45.000€ - 48.000€ b/a
https://www.tecnoempleo.com/consultor-en-power-bi-cas-training/power-bi-sql/rf-c71613e5227ad3dac24f,Consultor/a en Power BI,CAS TRAINING,"['POWER BI', 'SQL', 'DAX']","Experto en Power BI – Desarrollo End-to-End

📍 Modalidad: Remoto
🌍 Nivel de inglés: C1

Buscamos un/a Experto/a en Power BI con sólida experiencia en el desarrollo ...",19/06/2026100% remotoAnalista Programador30.000€ - 39.000€ b/a
https://www.tecnoempleo.com/tecnico-informatico-helpdesk-con-ingles-sosmatic/windows/rf-d8f71734021c73296e4c,Técnico/a Informático/a helpdesk con inglés,Sosmatic,"['Windows', 'helpdesk']","¿Te apasiona la tecnología y tienes habilidades para resolver problemas? Estamos buscando un Técnico/a Informático/a helpdesk para unirse a nuestro equipo.

Tus ...",19/06/2026Madrid (Presencial)Helpdesk21.000€ - 24.000€ b/a
https://www.tecnoempleo.com/analista-programador-obiee-baoss/odi/rf-a0ff141c124f0399f040,Analista Programador OBIEE,Baoss,"['OBIEE', 'ODI']","Descripción del puesto

Buscamos un/a Analista Programador con experiencia en OBIEE / ODI para incorporarse a un proyecto tecnológico en entorno BI, participando en el ...",19/06/2026100% remotoAnalista Programador
https://www.tecnoempleo.com/data-engineers-panel-sistemas-informaticos/spark-scala/rf-51f41eddd21113f9ff4f,Data Engineers,PANEL Sistemas Informáticos,"['Spark', 'Scala', 'Python']","🚀 Estamos buscando Data Engineers 🚀
📍 100% remoto | 🌍 Nivel de inglés C1 imprescindible

¿Te apasiona diseñar soluciones de datos escalables y tomar decisiones ...",19/06/2026100% remotoBig Data
https://www.tecnoempleo.com/analista-programador-data-scientist-bi-hibrido/nodejs-javascript-react-htm/rf-67431d3912e3b39a5c40,Analista Programador/Data Scientist/BI,Invoin,"['NodeJS', 'JavaScript', 'React']",En Grupo INVOIN necesitamos incorporar a nuestra plantilla un Data Scientist para participar en un proyecto estable de ingeniería de tráfico y transporte en Madrid con ...,19/06/2026Madrid (Híbrido)Analista Programador
https://www.tecnoempleo.com/project-manager-ai-baoss/gen-ai-machine-learning/rf-78f41416d2dbe322a34d,Project Manager AI,Baoss,"['Gen AI', 'Machine learning', 'data']","🎯 Descripción del puesto

Buscamos un/a Project Manager especializado/a en Generative AI para liderar la entrega end-to-end de activos de GenAI dentro de distintos ...",19/06/2026Barcelona (Híbrido)Inteligencia Artificial/Machine Learning
https://www.tecnoempleo.com/ingeniero-fabricacion-sedecal/ingenieria/rf-cb7c1c7bd2b4a3667f43,Ingeniero/a de fabricación,Sedecal,['ingenieria'],"Grado de Ingeniería Mecánica, Electrónica o similar o experiencia equiparable.

Nivel de Inglés intermedio.

Descripción
•	Responsabilidad técnica sobre las líneas de...",19/06/2026Madrid (Presencial)Ingenieros/Industria33.000€ - 42.000€ b/a
https://www.tecnoempleo.com/tecnico-cumplimiento-normativo-prevencion-fraude-c/data-warehouse-data-lak/rf-5ff1197bf2ed13263741,Tecnico Cumplimiento Normativo-Prevención Fraude,Cajamar Tecnología,"['Data Warehouse', 'Data Lake', 'Data Fabrik']","¿Quiénes somos?  

Cajamar Tecnología es una empresa de servicios que forma parte del Grupo Financiero Cajamar, con presencia a nivel nacional. 

Nos caracterizamos por ser...",19/06/2026Almería (Híbrido) y otrasTécnico de Gestión
https://www.tecnoempleo.com/tecnico-soporte-informatico-incopyme-informatica-c/windows-redes/rf-02ee167a923203dcf24c,Técnico de soporte informático,Incopyme Informatica Y Comunicaciones,"['Windows', 'Redes', 'VPN']","Incopyme Informática es una de empresa de servicios informáticos que damos soporte a más de 200 empresas en servicios de mantenimiento informático, continuidad de negocio...",19/06/2026MadridRedes18.000€ - 21.000€ b/a
https://www.tecnoempleo.com/programador-servicenow-serem/itsm-javascript/rf-d1ee1eaf0208e3f47545,Programador/a Servicenow,Serem,"['servicenow', 'ITSM', 'Javascript']","En Serem, estamos comprometidos con proyectos innovadores y buscamos incorporar a los mejores profesionales para liderar nuestros equipos de trabajo.

Actualmente, nos ...",19/06/2026100% remotoProgramador
https://www.tecnoempleo.com/personal-tecnico-proxy-po-cajamar-tecnologia/qlik-power-bi/rf-127e118c527563a2444b,Personal Técnico Proxy PO,Cajamar Tecnología,"['Qlik', 'Power\xa0BI', 'Obiee']","¿Qué necesitamos de ti?   

 Titulación:
Grado en Ingeniería, Administración de Empresas, Economía, Empresariales, Informática o similar.  
Formación ...",19/06/2026Almería y otrasJefe de Proyecto
https://www.tecnoempleo.com/tecnico-helpdesk-n1-serem/remedy-jira/rf-3ca11bc322aaa3209942,Técnico Helpdesk N1,Serem,"['Remedy', 'Jira', 'ServiceNow']","Desde serem buscamos perfiles Helpdesk N1, encargado de soporte y resolución de incidencias técnicas de primer nivel para un nuevo servicio en Canarias. Se ofrecen ...",19/06/2026Sta. Cruz De Tenerife y otrasHelpdeskJornada turno rotatorio
https://www.tecnoempleo.com/desarrollador-rpg-400-pss/as-400-sql-server/rf-c38f1ede52b2f381214e,Desarrollador RPG AS/400,PSS,"['RPG', 'AS/400', 'SQL Server']","¿Te gustaría impulsar tu carrera en el sector IT con un proyecto sólido y un equipo de profesionales excepcionales? Si valoras la estabilidad y el crecimiento profesional, ...",19/06/2026100% remotoDesarrollador Web30.000€ - 36.000€ b/a
https://www.tecnoempleo.com/full-stack-developer-angular-nodejs-cmv-consultore/typescript/rf-4bf316fc82605328a040,Full-stack developer Angular + NodeJS,CMV Consultores,"['angular', 'nodejs', 'typescript']","Desde CMV Consultores te brindamos las mejores oportunidades, en importantes clientes.

Buscamos un Full-stack developer (Angular + Node JS) . Professional experience: Several...",19/06/2026Barcelona (Híbrido)Programador39.000€ - 42.000€ b/a
https://www.tecnoempleo.com/senior-python-backend-developer-serem/aws-sql/rf-d7521d1e623a73cc2e45,Senior Python Backend Developer,Serem,"['python', 'aws', 'sql']","Buscamos un/a Senior Python Backend Developer para incorporarse a un proyecto del sector seguros, en un entorno técnico exigente y altamente escalable.

La persona ...",19/06/2026Barcelona (Híbrido)Programador33.000€ - 45.000€ b/a
https://www.tecnoempleo.com/ingeniero-sistemas-gnss-novanotio/rf/rf-735a152e52cec3585d49,Ingeniero/a de Sistemas GNSS,Novanotio,"['GNSS', 'RF']","¡Impulsa tu carrera en tecnología con NOVANOTIO!

En NOVANOTIO buscamos incorporar un/a Ingeniero/a de Sistemas con experiencia o conocimientos en GNSS y radiofrecuencia ...",19/06/2026Madrid (Híbrido) y otrasIngenieros/Industria42.000€ - 45.000€ b/a
https://www.tecnoempleo.com/desarrollador-junior-murex-cmv-consultores/workflows-datamart/rf-0e9e1704b2c8a3b35d43,Desarrollador Junior Murex,CMV Consultores,"['murex', 'workflows', 'datamart']","Desde CMV Consultores te brindamos las mejores oportunidades, en importantes clientes.

Buscamos un profesional junior para equipo de soporte Murex en cliente sector bancario ...",19/06/2026Madrid (Híbrido)Programador21.000€ - 27.000€ b/a
https://www.tecnoempleo.com/it-support-specialist-pss/jira-directorio-activo/rf-a48e125a42f033a26045,IT Support Specialist,PSS,"['Jira', 'Directorio Activo', 'Windows']","¿Te gustaría impulsar tu carrera en el sector IT con un proyecto sólido y un equipo de profesionales excepcionales? Si valoras la estabilidad y el crecimiento profesional, ...",19/06/2026Madrid (Híbrido)Soporte Técnico18.000€ - 24.000€ b/a
https://www.tecnoempleo.com/desarrollador-nodejs-angular-cloud-native-panel-si/expressjs-typescript/rf-d6801f1c5236832bb741,Desarrollador Node.js / Angular / Cloud Native,PANEL Sistemas Informáticos,"['Expressjs', 'Nodejs', 'Typescript']","🚀 Full‑Stack Developer | Node.js • Angular • Cloud Native
📍 Remoto | 🛰️ Sector Aeroespacial, Defensa y Transportes

¿Te apasiona trabajar en proyectos de ...",19/06/2026100% remotoAnalista Programador
https://www.tecnoempleo.com/senior-frontend-focused-engineer-social-you/angular-javascript/rf-61b11e042276e3ce1243,Senior Frontend-Focused Engineer,Social You,"['angular', 'JavaScript', 'RESTful']","About the Company:
Join a leading international insurance multinational with its main headquarters in Barcelona, Spain. You will be part of a highly experienced, fully remote...",19/06/2026100% remotoAnalista Programador45.000€ - 60.000€ b/a
https://www.tecnoempleo.com/consultor-sap-diferentes-modulos-serem/sap-fi-co-sap-mm/rf-391b16a23229d3b1c840,Consultor SAP - Diferentes Módulos,Serem,"['Sap FI/CO', 'Sap MM', 'Sap']","Desde Serem, buscamos profesionales SAP con experiencia en alguno de los principales módulos funcionales o técnicos. Formarás parte de proyectos de implantación, migració...",19/06/2026Madrid y otrasConsultor
https://www.tecnoempleo.com/data-engineer-backend-developer-cas-training/azure-databricks-spark/rf-73b913f6421c5352034e,Data Engineer / Backend Developer,CAS TRAINING,"['Azure Databricks', 'Spark', 'PySpark']","Descripción del puesto

Buscamos un Data Engineer (Journeyman/Master) para integrarse en un proyecto estratégico de la plataforma analítica del Sector Bancario. Tu misión ...",19/06/2026100% remotoBig Data39.000€ - 45.000€ b/a
https://www.tecnoempleo.com/programador-senior-java-serem/spring-boot-jpa/rf-7f67139972a543b5e547,Programador/a Senior Java,Serem,"['Java', 'Spring Boot', 'JPA']","Desde serem buscamos un/a Senior Programmer Java Backend con al menos 5 años de experiencia en desarrollo de aplicaciones Java.

¿Cuáles son los conocimientos ...",19/06/2026Málaga (Híbrido) y otrasAnalista Programador36.000€ - 45.000€ b/a
https://www.tecnoempleo.com/consultoria-riesgo-tecnologico-cajamar-tecnologia/crisc-cism/rf-bee61803a28103947449,Consultoría Riesgo Tecnológico,Cajamar Tecnología,"['CRISC', 'CISM', 'CISSP']","Personal Consultoría - Riesgos Tecnológicos

Titulación:  Licenciados y grados en Informática, Telecomunicaciones o similar 

Conocimientos y/o experiencia: 

- ...",19/06/2026Almería (Híbrido) y otrasCiberseguridad
https://www.tecnoempleo.com/project-manager-scrum-baoss/swift-excel/rf-9d6d1d17c227d3da3f49,Project Manager (Scrum),Baoss,"['Scrum', 'SWIFT', 'Excel']","📌 Descripción del puesto

Se requiere incorporar un/a Project Manager con rol de Scrum Master para proyecto dentro del sector bancario, con experiencia en banca ...",19/06/2026100% remotoJefe de Proyecto
https://www.tecnoempleo.com/arquitecto-software-senior-cmv-consultores/spring-boot-kafka/rf-81ce1509026c9340c64e,Arquitecto de Software Senior,CMV Consultores,"['Spring Boot', 'Kafka', 'NoSQL']",¿Eres un experto en el ecosistema Java con pasión por definir estándares y arquitecturas de referencia? Buscamos un Technology Architect. Tu misión será diseñar ...,19/06/2026Madrid (Híbrido)Arquitecto TIC54.000€ - 72.000€ b/a
https://www.tecnoempleo.com/tecnico-aplicaciones-maquinaria-michael-page/plc-siemens/rf-9f5e16e35222d36b394d,Técnico/a de Aplicaciones - Maquinaria,Michael Page,"['PLC', 'Siemens', 'CNC']","En dependencia del equipo de calidad, buscamos incorporar un/a Ingeniero/a de Aplicaciones con sólida base en electrónica, que actúe como referente técnico tanto ...",19/06/2026ÁlavaIngenieros/Industria
https://www.tecnoempleo.com/gestor-proyectos-administrativos-michael-page/dynamics-365-excel/rf-c39416979222f375334e,Gestor de Proyectos Administrativos,Michael Page,"['Dynamics 365', 'Excel', 'Word']","Gestión y seguimiento administrativo de proyectos culturales, formativos y subvencionados.

Coordinación y apoyo en la organización de eventos, actos institucionales y ...",19/06/2026ZaragozaAdministrativo
https://www.tecnoempleo.com/fullstack-developer-h-m-michael-page/aspnet-vb/rf-bc11165f82fa93fcc446,Fullstack Developer (H/M),Michael Page,"['ASP.NET', 'VB', 'C#']","Perfil buscado (Hombre/Mujer)

• Elaborar manuales de usuario sobre los desarrollos realizados.
• Soporte de primer nivel a usuarios de nuestro software de gestión...",19/06/2026Zaragoza (Híbrido)Programador
https://www.tecnoempleo.com/tecnico-senior-infraestructuras-it-hays/windows-virtualizacion/rf-49e21bcff2a133ca2c4f,Técnico Senior de Infraestructuras IT,HAYS,"['Windows', 'Virtualización', 'Directorio Activo']","Desde HAYS estamos colaborando con una empresa tecnológica de telecomunicaciones e IT, ubicada en Bizkaia, actualmente en búsqueda de un Técnico Senior de Infraestructuras ...",19/06/2026Bizkaia (Híbrido)Soporte Técnico
https://www.tecnoempleo.com/ingeniero-mecanico-calculo-michael-page/cad/rf-0eee1a92728da3ab1041,Ingeniero/a Mecánico de cálculo,Michael Page,['CAD'],"Las principales funciones que realizarás como Ingeniero/a Mecánico de cálculo de estructuras son:

• Cálculo y diseño de estructuras, análisis de instalaciones y ...",19/06/2026Valencia (Híbrido)Ingenieros/Industria
https://www.tecnoempleo.com/tecnico-reporting-analisis-datos-digital-talent-ag/excel-power-bi/rf-f88a146642319319544a,Tecnico/a de Reporting y Analisis de Datos,Digital Talent Agency,"['excel', 'power bi', 'office']","Descripción
Técnico/a de Reporting y Análisis de Datos🎓 Formación académica
Titulación universitaria superior en Economía, ADE, Empresariales, Datos y Analítica.
...",19/06/2026Madrid (Híbrido)Analista
https://www.tecnoempleo.com/crm-manager-hubspot-michael-page/marketing/rf-457a16cee23343fa1745,CRM Manager (Hubspot),Michael Page,"['HubSpot', 'Marketing']","• Administración y optimización de HubSpot (Sales, Marketing y Service Hub)
• Diseño de workflows, automatizaciones, lead scoring y nurturing
• Gestión de campañ...",19/06/2026EspañaMarketing30.000€ - 36.000€ b/a
https://www.tecnoempleo.com/ingeniero-procesos-michael-page/lean-six-sigma/rf-fb881ba8128533da0147,Ingeniero de Procesos,Michael Page,"['Lean', 'Six Sigma', 'VSM']","La persona seleccionada será responsable de:

• Analizar y mejorar los procesos productivos existentes (fabricación, ensamblaje, acabado).
• Identificar oportunidades...",19/06/2026La RiojaIngenieros/Industria
https://www.tecnoempleo.com/system-integration-specialist-ust/sql-rest/rf-ecfd108ad216d3fe9c4c,System Integration Specialist,UST,"['SQL', 'REST']","We are looking for the very Top Talent…and we would be delighted if you were to join our team!

More in details, UST is a multinational company based in North America, ...",19/06/2026Madrid (Híbrido)Programador
https://www.tecnoempleo.com/it-infraestructure-project-service-manager-michael/itil-cloud/rf-9c29184012dc43cb0744,IT Infraestructure Project & Service manager,Michael Page,"['ITIL', 'Cloud', 'Infrastructure']","The position will act as the liaison between functional teams, service providers, and technical teams, ensuring service quality, SLA compliance, technological evolution of the...",19/06/2026Barcelona (Híbrido)Jefe de Proyecto
https://www.tecnoempleo.com/desarrollador-cobol-as400-mainframe-jcl-baoss/rsi-db2/rf-f9fe1b493298733d5c4e,"Desarrollador/a Cobol - AS400, Mainframe, JCL",Baoss,"['Cobol', 'RSI', 'COBOL']","Buscamos incorporar Desarrollador/a Cobol con sólida experiencia en análisis y desarrollo, para participar en proyectos tecnológicos de largo recorrido dentro de un entorno...",19/06/2026Murcia y otrasProgramador
https://www.tecnoempleo.com/ingeniero-electrico-ingenieria-page-personnel/autocad-revit/rf-f9b01ca6e2d103eb8642,Ingeniero Eléctrico - Ingeniería,Page Personnel,"['AutoCAD', 'Revit', 'CYPE']","La persona que se incorpore como Ingeniero Eléctrico realizará las siguientes funciones:

• Diseño de instalaciones eléctricas.
• Documentación y valoración del ...",19/06/2026MadridIngenieros/Industria
https://www.tecnoempleo.com/responsable-oficina-tecnica-michael-page/industrial-mecanica/rf-c4d51ae1c2297336c546,Responsable de Oficina Técnica,Michael Page,"['Industrial', 'Mecánica']","La persona seleccionada asumirá la responsabilidad de la Oficina Técnica, liderando un equipo multidisciplinar y participando activamente en el desarrollo y ejecución de ...",19/06/2026ValenciaIngenieros/Industria39.000€ - 54.000€ b/a
https://www.tecnoempleo.com/data-scientist-song-accenture/python-llm/rf-09dc10f23291e3486e4d,Data Scientist - Song,Accenture,"['Python', 'LLM', 'SQL']","Accenture Song acelera el crecimiento y el valor para nuestros clientes. Es el lugar donde los profesionales reimaginamos las industrias, productos y serviciosabarcando desde ...",19/06/2026MadridBig Data
https://www.tecnoempleo.com/tecnico-estudios-instalaciones-michael-page/hvac-presto/rf-e71c196892baa3bf094a,Técnico de Estudios Instalaciones,Michael Page,"['HVAC', 'PRESTO', 'Project']","Analizar y desarrollar estudios económicos de proyectos de instalaciones mecánicas HVAC en edificación terciaria.
Revisar pliegos técnicos y económicos elaborados por ...",19/06/2026BarcelonaIngenieros/Industria
https://www.tecnoempleo.com/ingeniero-ia-michael-page/python-llm/rf-ba6412b46240a39bbb46,Ingeniero de IA,Michael Page,"['python', 'LLM', 'LangChain']","Perfil buscado (Hombre/Mujer)

Ingeniero de IA con sólida base matemática y experiencia práctica en el diseño, desarrollo e implementación de soluciones basadas en ...",19/06/2026MadridInteligencia Artificial/Machine Learning54.000€ - 60.000€ b/a
https://www.tecnoempleo.com/rpa-developer-digital-enablement-analyst-michael-p/uipath-python/rf-2a0c14e41204f349eb49,RPA Developer / Digital Enablement Analyst,Michael Page,"['RPA', 'UiPath', 'Python']","The Digital Enablement Analyst will play a key role in supporting the rollout of digital solutions across the finance streams, with a primary focus on Robotic Process ...",19/06/2026Barcelona (Híbrido)Analista Programador
https://www.tecnoempleo.com/responsable-telecomunicaciones-cpd-hays/cableado-fibra/rf-d7ca11b5128483b04c44,Responsable telecomunicaciones CPD,HAYS,"['Cableado', 'Fibra', 'Racks']","Responsable de Proyecto - Telecomunicaciones (Cableado Estructurado | Data Centers)

Área: Telecomunicaciones / Infraestructura de red

📡 🔧 Funciones principales...",19/06/2026ZaragozaRedes
https://www.tecnoempleo.com/tecnico-mantenimiento-automatismos-hays/automatizacion-robotica/rf-d0d216d0a26ba335bd4a,Técnico/a mantenimiento Automatismos,HAYS,"['Automatización', 'Robótica', 'ABB']",Desde Hays estamos en búsqueda de un/a Técnico/a de Mantenimiento de sistemas de automatización robóticos para su incorporación a una importante empresa ubicada en la ...,19/06/2026ValenciaIngenieros/Industria
https://www.tecnoempleo.com/qa-automation-engineer-ust/testing-selenium/rf-cb02137b224a73f70e4a,QA Automation Engineer,UST,"['QA', 'testing', 'Selenium']","We are looking for the very Top Talent…and we would be delighted if you were to join our team!

More in details, UST is a multinational company based in North America, ...",19/06/2026Madrid (Híbrido)Tester/QA
https://www.tecnoempleo.com/responsable-industrial-michael-page/lean-supply-chain/rf-bc7c13e0127cc3d91448,Responsable industrial,Michael Page,"['Lean', 'Supply Chain']","• Supervisar la actividad productiva de las diferentes plantas del grupo.
• Definir e implementar estrategias de mejora continua (Lean Manufacturing, eficiencia operativa...",19/06/2026PontevedraIngenieros/Industria
https://www.tecnoempleo.com/project-manager-proyectos-gasificacion-page-person/project-manager/rf-5a941d2e923ae3091042,Project Manager Proyectos Gasificación,Page Personnel,['Project Manager'],"• Planificar, coordinar y supervisar proyectos de gasificación.
• Gestionar los recursos necesarios para garantizar la correcta ejecución de los proyectos en Valencia...",19/06/2026Valencia (Presencial)Ingenieros/Industria
https://www.tecnoempleo.com/senior-software-engineer-data-factorial/react-api/rf-2bbe18ae720e9335fa49,Senior Software Engineer - Data,Factorial,"['react', 'API']","We´re hiring Fullstack engineer with a product mindset who loves building scalable systems and polished user experiences.

We´re creating a platform where customers can ...",19/06/2026BarcelonaProgramador
https://www.tecnoempleo.com/ingeniero-seguridad-la-informacion-michael-page/windows-server-iso/rf-599a15236212c37cf94b,Ingeniero/a seguridad de la información,Michael Page,"['Windows Server', 'ISO', 'NIS2']","Diseño, gestión y mantenimiento de redes corporativas
Administración de sistemas basados en Windows Server
Gestión y mantenimiento del Sistema de Seguridad de la ...",19/06/2026AsturiasCiberseguridad
https://www.tecnoempleo.com/desarrollador-salesforce-hibrido-grupo-digital/salesforce/rf-a0d119ba52fa637ab94a,Desarrollador/a Salesforce (Hibrido),Grupo Digital,['salesforce'],"Descripción
Buscamos un perfil junior con 1-2 años de experiencia y ganas de evolucionar técnicamente en proyectos de largo recorrido.

Condiciones:
Contrato indefinido
...",19/06/2026Madrid (Híbrido)Programador
https://www.tecnoempleo.com/tecnico-soporte-it-michael-page/hardware-software/rf-9610148532a7c31cd044,Técnico de Soporte IT,Michael Page,"['hardware', 'software', 'soporte']","• Proporcionar soporte técnico a usuarios internos y externos, resolviendo incidencias de manera eficiente.
• Realizar el mantenimiento preventivo y correctivo de ...",19/06/2026ZaragozaSoporte Técnico
https://www.tecnoempleo.com/senior-ai-ml-engineer-generative-ai-accenture/inteligencia-artificial-mach/rf-e1a811aca25883eaaf46,Senior AI & ML Engineer / Generative AI,Accenture,"['inteligencia artificial', 'machine learning']",En Accenture creemos en la tecnología como motor de la reinvención total de la empresa. Trabajamos con las plataformas y los partners líderes en el mercado para impulsar ...,19/06/2026Madrid (Híbrido)Inteligencia Artificial/Machine Learning
https://www.tecnoempleo.com/it-transformation-delivery-expert-michael-page/rpa-sap/rf-fc84185ce2d963a3cd40,IT Transformation Delivery Expert,Michael Page,"['RPA', 'SAP', 'ERP']","The consultant will act as a key liaison between business stakeholders, IT/Digital teams, and external partners, supporting process improvements through digital solutions, ...",19/06/2026Barcelona (Híbrido)Consultor
https://www.tecnoempleo.com/ingeniero-tecnico-page-personnel/ingenieria/rf-56181d0b124a9385fc4b,Ingeniero/a Técnico,Page Personnel,['ingenieria'],"Perfil buscado (Hombre/Mujer)

Como Ingeniero/a Técnico/a deberás desarrollar las siguiente funciones:

• Análisis de situaciones complejas a nivel técnico y ...",19/06/2026CastellónIngenieros/Industria30.000€ - 42.000€ b/a
https://www.tecnoempleo.com/machine-learning-scientist-applied-scientist-amazo/python-java/rf-fb4d17b802e38306f14d,Machine Learning Scientist / Applied Scientist,Amazon,"['Python', 'Java', 'C++']","Are you interested in building the measurement foundation that proves whether targeted, cohort-based marketing actually changes customer behavior at Amazon scale?

We are ...",19/06/2026MadridAnalista Programador
https://www.tecnoempleo.com/director-operaciones-michael-page/lean-5s/rf-50fc11c4e2ac032e1d45,Director/a de Operaciones,Michael Page,"['Lean', '5S', 'Kaizen']","Asegurar cumplimiento del plan productivo y mejorar productividad y eficiencia.
Proponer y optimizar layout productivos, flujos y planificación.
Implantar KPIs operativos ...",19/06/2026ValenciaIngenieros/Industria
https://www.tecnoempleo.com/ingeniero-i-d-michael-page/gis-i-d/rf-c4721c82222343178448,Ingeniero/a I+D,Michael Page,"['GIS', 'I+D']","Las principales funciones que desarrollarás son:

• Gestión y desarrollo de proyectos ambientales y agroindustriales.
• Participación y coordinación de proyectos de...",19/06/2026ValenciaI+D
https://www.tecnoempleo.com/arquitecto-datos-h-m-michael-page/cloudera-apache-iceberg/rf-47361bad92e693b43e48,Arquitecto de Datos (h/m),Michael Page,"['Cloudera', 'Apache Iceberg', 'dbt']","El candidato/a seleccionado tendrá las siguientes responsabilidades:

• Definir la arquitectura objetivo de datos y el roadmap de transición desde el ecosistema actual ...",19/06/2026Barcelona (Híbrido)Arquitecto TIC
https://www.tecnoempleo.com/salesforce-developer-gfr-technologies-se/apex/rf-df531c3af244e3b12e4f,Salesforce Developer,GFR Technologies SE,"['Salesforce', 'APEX']","GFT es una compañía pionera en transformación digital. Diseñamos soluciones de negocio centradas en la inteligencia artificial (AI-Centric), modernizamos infraestructuras ...",19/06/2026BarcelonaProgramador
https://www.tecnoempleo.com/desarrollador-c-java-gmv/c-python/rf-d4fc1e84524193e1cd4b,Desarrollador/a C++ / Java,GMV,"['C++', 'Java', 'Python']",¿Quieres formar parte de un equipo consolidado del sector espacio y enfrentarte a nuevos retos? GMV somos un grupo tecnológico líderes en el área de centros de control de ...,19/06/2026Madrid (Híbrido)Programador
https://www.tecnoempleo.com/autocad-designer-airport-aviation-industry-michael/autocad/rf-cea41d74926283139647,AutoCad Designer - Airport/aviation industry,Michael Page,['AutoCAD'],"Your main responsibilities include:

• Managing airside design and consulting projects from concept to execution
• Coordinating multidisciplinary teams (designers, ...",19/06/2026BruselasIngenieros/Industria
https://www.tecnoempleo.com/responsable-mantenimiento-industrial-michael-page/gmao-infraspeak/rf-d2741f4aa2e4d3037343,Responsable de Mantenimiento Industrial,Michael Page,"['GMAO', 'Infraspeak']","• Dirección y coordinación del equipo de mantenimiento (2 técnicos).
• Gestión del mantenimiento preventivo, correctivo y predictivo (eléctrico, mecánico y neumá...",19/06/2026BarcelonaIngenieros/Industria45.000€ - 54.000€ b/a
https://www.tecnoempleo.com/ingeniero-proyectos-instalaciones-page-personnel/ingenieria-industrial/rf-cffa1166e2679356eb44,Ingeniero de proyectos. Instalaciones,Page Personnel,"['Ingeniería', 'Industrial']","FUNCIONES:

La persona seleccionada será responsable de analizar las necesidades técnicas del cliente, definir soluciones, preparar ofertas y supervisar la correcta ...",19/06/2026MadridIngenieros/Industria
https://www.tecnoempleo.com/encargado-seccion-produccion-michael-page/soldadura/rf-2a4c16466266b310f74a,Encargado/a de sección producción,Michael Page,['Soldadura'],"La persona seleccionada realizará las siguientes funciones:

• Supervisar y coordinar las tareas diarias del equipo de soldadores.

• Asegurar el cumplimiento de los ...",19/06/2026ZaragozaIngenieros/Industria
https://www.tecnoempleo.com/programador-senior-rpg-page-personnel/rpg/rf-af511651a2955398ed4c,Programador Senior RPG,Page Personnel,['RPG'],"Perfil buscado (Hombre/Mujer)

• Desarrollar y mantener aplicaciones en lenguaje RPG dentro del sector asegurador.
• Gestionar y optimizar procesos tecnológicos en el ...",19/06/2026MadridProgramador39.000€ - 54.000€ b/a
https://www.tecnoempleo.com/full-stack-nmicroservicios-api-rest-grupo-digital/javascript-node-js/rf-08c81a1452b5f31c3e46,FULL STACK NMicroservicios API Rest,Grupo Digital,"['microservicios', 'javascript', 'node js']","Descripción
en GP DIGITAL buscamos para cliente del sector  IT

 Analista Fullstack
¿Te gustaría participar en un proyecto de desarrollo activo con arquitectura moderna, ...",19/06/2026100% remotoProgramador
https://www.tecnoempleo.com/solution-architect-genesys-cloud-ust/genesys-cloud-dynamics-365/rf-fcd313b572c6b30dbe48,Solution Architect (Genesys Cloud),UST,"['Genesys Cloud', 'Dynamics 365', 'SQL']","We are still looking for the very Top Talent…and we would be delighted if you were to join our team!

More in details, UST is a multinational company based in North ...",19/06/2026MadridArquitecto TIC
https://www.tecnoempleo.com/senior-full-stack-developer-ust/react-nodejs/rf-70a41379f237a32e3b4d,Senior Full-Stack Developer,UST,"['React', 'Node.js', 'HTML']","We are looking for the very Top Talent…and we would be delighted if you were to join our team!

More in details, UST is a multinational company based in North America, ...",19/06/2026Madrid (Híbrido)Analista Programador
https://www.tecnoempleo.com/preventa-cpd-michael-page/data-center-itil/rf-c75f1efbd2e90376c046,Preventa CPD,Michael Page,"['Data Center', 'ITIL']","El Preventa CPD´s tiene que realizar:

• Analizar las necesidades técnicas de los clientes en relación a entornos de Data Center e Infraestructuras.
• Colaborar ...",19/06/2026MadridConsultor36.000€ - 42.000€ b/a
https://www.tecnoempleo.com/it-payroll-junior-consultant-sopra-steria/cobol-html/rf-e0131d63f2f223af8449,IT Payroll Junior consultant,Sopra Steria,"['Cobol', 'HTML', 'CSS']","Descripción de la empresa

En Sopra HR Software, filial del grupo Sopra Steria y creadores de HR Access (utilizado por más de 900 clientes en 50 países), seguimos ...",19/06/2026MadridConsultor
https://www.tecnoempleo.com/consultor-erp-hays/jd-edwards-sage-x3/rf-49df1faa62cde320ee45,Consultor/a ERP,HAYS,"['JD Edwards', 'Sage X3', 'SAP']","💼 Consultor/a de Procesos y Transformación de Negocio (ERP)
Buscamos un/a Consultor/a de Procesos con experiencia en entornos ERP para participar en proyectos de ...",19/06/2026ZaragozaConsultor
https://www.tecnoempleo.com/consultor-funcional-business-central-l-berit/business-central-dynamics-365/rf-e081149d02ef037aed49,Consultor/a Funcional Business Central,LÃBERIT,"['Business Central', 'Dynamics 365']","¡En Lãberit estamos buscando a la próxima persona crack en Consultoría Funcional de Business Central!

¿A quién buscamos?

Buscamos un/a Consultor/a Funcional de ...",19/06/2026Murcia (Híbrido)Consultor
https://www.tecnoempleo.com/data-engineer-ust/spark-scala/rf-242c17b4726f13ea954e,Data Engineer,UST,"['Spark', 'Scala', 'Python']","We are looking for the very Top Talent…and we would be delighted if you were to join our team!

More in details, UST is a multinational company based in North America, ...",19/06/2026Madrid (Híbrido)Big Data
https://www.tecnoempleo.com/director-produccion-michael-page/kpi-industrial/rf-fdd9167dc255630a1f42,Director de Producción,Michael Page,"['KPI', 'Industrial']","• Gestión directa de los departamentos de Producción y Mantenimiento.
• Análisis del estado actual de procesos, instalaciones y organización para identificar áreas ...",19/06/2026MadridIngenieros/Industria
https://www.tecnoempleo.com/analista-inteligencia-ciberseguridad-cajamar-tecno/dora-swift/rf-23b6187b1288f33a934e,Analista de Inteligencia Ciberseguridad,Cajamar Tecnología,"['DORA', 'SWIFT', 'PCI']"," ¿Qué necesitamos?   

Titulación:  Licenciados y grados en Informática, Telecomunicaciones o similar 

Conocimientos y/o experiencia: 

Experiencia liderando ...",19/06/2026Almería (Híbrido)Ciberseguridad
https://www.tecnoempleo.com/desarrollador-aem-accenture/adobe/rf-45c013c6e20143d70e47,Desarrollador/a AEM,Accenture,"['AEM', 'adobe']","Accenture Song es el lugar donde se diseñan experiencias que ayudan a mejorar la vida de las personas. Reimaginamos las industrias, productos y servicios. Si crees que ...",19/06/2026MadridProgramador
https://www.tecnoempleo.com/devops-engineer-michael-page/azure-devops-kubernetes/rf-05fc1967320bd3d15a4e,DevOps Engineer,Michael Page,"['Azure DevOps', 'Kubernetes', 'Helm Charts']","🔹 Empoderamiento de desarrolladores:

Diseñar y crear herramientas ""self-service"" y pipelines (Azure DevOps) que permitan despliegues automatizados con seguridad...",19/06/2026100% remotoDevOps
https://www.tecnoempleo.com/software-architect-ust/bian-api/rf-97c316f762eeb3999744,Software Architect,UST,"['BIAN', 'api']","We are looking for the very Top Talent…and we would be delighted if you were to join our team!

More in details, UST is a multinational company based in North America, ...",19/06/2026MadridArquitecto TIC
https://www.tecnoempleo.com/tecnico-supply-chain-hays/supply-chain/rf-afcc1d0a226543842a4c,Técnico/a Supply Chain,HAYS,['Supply Chain'],"Desde Hays estamos en búsqueda de un/a Técnico/a de Supply Chain para una empresa industrial ubicada en la zona de Vitoria, en un entorno productivo dinámico y con alta ...",19/06/2026ÁlavaIngenieros/Industria
https://www.tecnoempleo.com/coordinador-ecommerce-michael-page/marketing/rf-545016be02486336f546,Coordinador de Ecommerce,Michael Page,"['ecommerce', 'Marketing']","• Definir e implementar la estrategia de Ecommerce alineada con los objetivos comerciales.
• Planificar acciones comerciales, promociones y campañas digitales.
• ...",19/06/2026Las Palmas (Presencial)Jefe de Proyecto
https://www.tecnoempleo.com/cloud-operations-engineer-michael-page/azure-vmware/rf-e1d71b2c8249139a3548,Cloud Operations Engineer,Michael Page,"['Azure', 'VMware', 'Terraform']","Essential Roles & Responsibilities

• Support implementation and operation of Azure and Private Cloud services
• Perform standard changes, maintenance, and monitoring ...",19/06/2026BarcelonaTécnico de Sistemas
https://www.tecnoempleo.com/it-project-manager-lead-global-markets-gfr-technol/project-manager/rf-4f761f45c2f793c49941,IT Project Manager Lead - Global Markets,GFR Technologies SE,['Project Manager'],"GFT es una compañía pionera en transformación digital. Diseñamos soluciones de negocio centradas en la inteligencia artificial (AI-Centric), modernizamos infraestructuras ...",19/06/2026MadridJefe de Proyecto
https://www.tecnoempleo.com/salesforce-commerce-cloud-tecnico-hays/salesforce-commerce-cloud-sfcc-scri/rf-c7ca1ffeb2da934a0c4b,SALESFORCE Commerce cloud - Técnico,HAYS,"['Salesforce Commerce Cloud', 'SFCC Script', 'HTML']","Desde Hays estamos colaborando con una agencia internacional. Estamos en búsqueda de un/a Salesforce Commerce Cloud Developer OR Consultant - FREELANCE.

Funciones
• ...",19/06/2026100% remotoConsultor
https://www.tecnoempleo.com/jefe-planta-empresa-industrial-e-michael-page/kpi/rf-6fd215fa12c023e0c84a,Jefe/a de planta - Empresa industrial e,Michael Page,['KPI'],"Será responsable de liderar la operativa de planta, asegurando la eficiencia productiva, la calidad y el cumplimiento de objetivos, actuando como pieza clave entre la operaci...",19/06/2026GipuzkoaIngenieros/Industria
https://www.tecnoempleo.com/project-manager-it-responsable-proyectos-aubay/cloud-agile/rf-cb751d14f2dc23974544,Project Manager IT / Responsable de Proyectos,Aubay,"['Cloud', 'Agile']","Funciones

Gestión de proyectos de infraestructura de TI (actualizaciones de software, migraciones a Cloud, ampliaciones de recursos, etc.) en un cliente del sector pú...",19/06/2026Barcelona (Híbrido)Jefe de Proyecto
https://www.tecnoempleo.com/application-operation-specialist-julius-baer/linux-windows/rf-1b701fb8e2f103b47f4b,Application Operation Specialist,Julius Baer,"['Linux', 'Windows', 'Java']","At Julius Baer, we celebrate and value the individual qualities you bring, enabling you to be impactful, to be entrepreneurial, to be empowered, and to create value beyond ...",19/06/2026MadridSoporte Técnico
https://www.tecnoempleo.com/lead-cloud-operations-sre-engineer-ust/aws-kubernetes/rf-0beb1a3d32f233966543,Lead Cloud Operations & SRE Engineer,UST,"['aws', 'kubernetes']","We are still looking for the very Top Talent…and we would be delighted if you were to join our team!

More in details, UST is a multinational company based in North ...",19/06/2026100% remotoTécnico de Sistemas
https://www.tecnoempleo.com/ingeniero-calidad-page-personnel/calidad/rf-67d513077239635bb041,Ingeniero calidad,Page Personnel,['calidad'],"Perfil buscado (Hombre/Mujer)

• Supervisar y garantizar la calidad de los procesos de fabricación en el sector Metalúrgico.
• Implementar y mantener sistemas de ...",19/06/2026BarcelonaSistemas de Calidad
https://www.tecnoempleo.com/agile-delivery-lead-middleware-hays/scrum-kanban/rf-05111a1f42b793bfe841,Agile Delivery Lead Middleware,HAYS,"['agile', 'Scrum', 'Kanban']","Desde Hays estamos colaborando con una empresa internacional. Estamos buscando un/a Líder de Proyecto de Integraciones Software (Agile) - FREELANCE.

Descripción del ...",19/06/2026100% remotoJefe de EquipoContrato freelance/autónomo
https://www.tecnoempleo.com/tecnico-calidad-michael-page/calidad/rf-407d1374322e23df5048,Técnico/a de Calidad,Michael Page,['calidad'],"• Implementar y supervisar los sistemas de gestión de calidad en la planta de Zaragoza.
• Realizar auditorías internas para asegurar el cumplimiento de las normativas ...",19/06/2026ZaragozaSistemas de Calidad
https://www.tecnoempleo.com/software-developer-java-knowmad-mood/spring/rf-701f12434227c3f7154f,Software Developer Java,knowmad mood,"['java', 'spring']","We are knowmad mood! 

 Somos una compañía líder en transformación digital, en constante evolución y a la vanguardia de la tecnología. 

 Formado por más de 3.000 ...",19/06/2026A Coruña (Híbrido)Programador
https://www.tecnoempleo.com/especialista-tecnologico-en-pagos-michael-page/bizum/rf-8f9f1229427563dff443,Especialista Tecnológico en Pagos,Michael Page,['Bizum'],"Entre tus funciones y responsabilidades caben destacar:

• Gestión del servicio de Pagos Inmediatos: supervisar las peticiones de cliente, canalizarlos y/o resolverlos, ...",19/06/2026Madrid (Híbrido)Programador48.000€ - 60.000€ b/a
https://www.tecnoempleo.com/electromecanico-especialidad-electrica-page-person/electricidad-electronic/rf-592d1ca7d2bb83d8d04a,Electromecánico (Especialidad eléctrica),Page Personnel,"['Electricidad', 'Electrónica']","• Realizarás trabajos de mantenimiento correctivo y preventivo para asegurar el correcto estado de la maquinaria, los equipos y las instalaciones de producción.
• ...",19/06/2026MadridElectrónica30.000€ - 36.000€ b/a
https://www.tecnoempleo.com/ingeniero-procesos-michael-page/sap-industrial/rf-d6d7146722a1b3d2d04e,Ingeniero/a de procesos,Michael Page,"['SAP', 'industrial']","Las principales funciones que realizarás como Ingeniero/a de Procesos son:

• Participación en la planificación industrial.
• Implicación directa en proyectos en ...",19/06/2026MurciaIngenieros/Industria
https://www.tecnoempleo.com/sap-architect-service-operation-michael-page/sap/rf-50b21d79926393b91146,SAP Architect - Service & Operation,Michael Page,['SAP'],"• Manage and implement SAP PM & CS solutions to optimize internal processes.
• Collaborate with cross-functional teams to ensure seamless system integration.
• Conduct...",19/06/2026Barcelona (Híbrido)Arquitecto TIC
https://www.tecnoempleo.com/ingeniero-pmo-gmv/doors/rf-18e61e9c62d13301814b,Ingeniero/a PMO,GMV,"['DOORS', 'PMO']",¿Quieres liderar y coordinar un proyecto de alto impacto en el sector aeronáutico y de defensa? GMV es un grupo tecnológico con amplia trayectoria y estamos expandiendo ...,19/06/2026Madrid (Híbrido)Jefe de Proyecto
https://www.tecnoempleo.com/director-industrial-michael-page/lean/rf-0dcf1c5522fd43772f40,Director Industrial,Michael Page,['Lean'],"- Supervisar les àrees de la seva influència (producció, manteniment, compres, planificació, seguretat, medi ambient, tintometria i control de qualitat).
- Dinamitzador ...",19/06/2026BarcelonaIngenieros/Industria
https://www.tecnoempleo.com/tecnico-erp-modulo-contabilidad-page-personnel/crm-dms/rf-6ad01367023bb36e8140,Técnico ERP (Modulo Contabilidad),Page Personnel,"['ERP', 'CRM', 'DMS']","Buscamos un/a Técnico de ERP que actúe como punto de referencia para los clientes en la consultas funcionales, resolución de incidencias y acompañamiento en el uso de la ...",19/06/2026MadridSoporte Técnico18.000€ - 27.000€ b/a
https://www.tecnoempleo.com/consultor-sap-rar-grupo-digital/sap-rar/rf-031513a472c1439f724e,Consultor/a SAP RAR,Grupo Digital,"['sap rar', 'sap']","Descripción
Buscamos un/a Consultor/a SAP RAR Funcional con experiencia en SAP Revenue Accounting and Reporting 

Condiciones:
Contrato indefinido
Ubicación del proyecto: ...",19/06/2026100% remotoConsultor
https://www.tecnoempleo.com/head-of-editorial-content-strategy-michael-page/kpi-marketing/rf-68e918d75206e393c14f,Head of Editorial & Content Strategy,Michael Page,"['KPI', 'marketing']","• Dissenyar i liderar l´estratègia editorial global, alineada amb els objectius de màrqueting i posicionament
• Definir el relat, estil i narrativa a tots els punts de...",19/06/2026Barcelona (Híbrido)Marketing
https://www.tecnoempleo.com/data-engineer-page-personnel/sql-nosql/rf-b47a1b57b2d2a3e8d349,Data Engineer,Page Personnel,"['SQL', 'NoSQL', 'ETL']","• Diseñar, implementar y mantener soluciones de datos escalables y eficientes.
• Gestionar y optimizar bases de datos y sistemas de almacenamiento.
• Colaborar con ...",19/06/2026Madrid (Presencial)Big Data
https://www.tecnoempleo.com/full-stack-engineer-java-react-ust/springboot-sql/rf-6e271c1f921133164244,Full Stack Engineer (Java/React),UST,"['java', 'springboot', 'sql']","We are looking for the very Top Talent…and we would be delighted if you were to join our team!

More in details, UST is a multinational company based in North America, ...",19/06/2026Madrid (Híbrido)Programador
https://www.tecnoempleo.com/tecnico-it-automatizacion-ia-michael-page/soporte-automatizacion/rf-e3e01e46d24c33d29f44,Técnico/a IT & Automatización (IA),Michael Page,"['soporte', 'Automatización']","Proporcionar soporte técnico interno, gestionando incidencias y asegurando el correcto funcionamiento de los sistemas. Administrar la infraestructura IT (sistemas, redes, ...",19/06/2026EspañaSoporte Técnico
https://www.tecnoempleo.com/ba-servicenow-michael-page/sap-hana/rf-49f21e1f72983307704b,BA Servicenow,Michael Page,"['SAP', 'HANA', 'Servicenow']","Perfil buscado (Hombre/Mujer)

* Preferably a Master degree in a Technology related field or Bachelor´s degree with extensive relevant experience 
* At least 10 years of ...",19/06/2026Madrid (Híbrido)Analista54.000€ - 72.000€ b/a
https://www.tecnoempleo.com/programador-angular-page-personnel/html-css/rf-0b5916f0525c639e9f47,Programador Angular,Page Personnel,"['Angular', 'HTML', 'CSS']","• Desarrollar y mantener aplicaciones web utilizando Angular.
• Colaborar con otros equipos para asegurar la integración de los sistemas y la correcta implementación de...",19/06/2026MadridProgramador39.000€ - 45.000€ b/a
https://www.tecnoempleo.com/responsable-trade-marketing-michael-page/marketing/rf-40fb1beb328d23f3bf45,Responsable de Trade Marketing,Michael Page,['Marketing'],"• Diseñar e implementar estrategias de trade marketing para potenciar la presencia de las marcas en el mercado.
• Liderar y coordinar el equipo de GPVs a nivel nacional...",19/06/2026Alicante (Híbrido)Marketing
https://www.tecnoempleo.com/tecnico-electrohidraulico-a-page-personnel/mecatronica-automocion/rf-2c92180e4269339c6145,Técnico/a Electrohidráulico/a,Page Personnel,"['Mecatrónica', 'Automoción', 'Electricidad']","• Mantenimiento preventivo y correctivo de maquinaria y vehículos industriales
• Diagnóstico de averías con consolas
• Interpretación de esquemas eléctricos e ...",19/06/2026ValenciaIngenieros/Industria27.000€ - 42.000€ b/a
https://www.tecnoempleo.com/proyectista-mecanico-page-personnel/autodesk-inventor/rf-fdda1478522993adaa4d,Proyectista mecánico,Page Personnel,"['Autodesk', 'Inventor', 'Kanban']","• Diseño mecánico de maquinaria y soluciones industriales mediante Autodesk Inventor.
• Desarrollo de proyectos desde la fase conceptual hasta la puesta en marcha...",19/06/2026Tarragona (Presencial)Ingenieros/Industria
https://www.tecnoempleo.com/desarrollador-net-angular-sg-tech/net/rf-a9ea1ebd6281e319894d,Desarrollador/a .NET + Angular,sg tech,"['.net', 'angular']","Descripción

Precisamos incorporar un/a Desarrollador/a Full Stack .NET + Angular con al menos 2 años, perfiles juniors, de experiencia para participar en proyectos de ...",19/06/2026100% remotoProgramador
https://www.tecnoempleo.com/ingeniero-desarrollo-sw-c-c-michael-page/c-git/rf-e9af1948920263290943,Ingeniero de Desarrollo de SW C/C++,Michael Page,"['C', 'C++', 'Git']","• Desarrollo y mantenimiento de software en C/C++ para sistemas embebidos y aplicaciones industriales.
• Participación en el ciclo completo de desarrollo del producto: ...",19/06/2026Gipuzkoa (Presencial)Electrónica
https://www.tecnoempleo.com/responsable-ingenieria-michael-page/autocad-sap/rf-0f8b1bf0825963e62248,Responsable de ingeniería,Michael Page,"['AutoCAD', 'SAP', 'Dynamics 365']","• Liderar proyectos técnicos y CAPEX a nivel grupo
• Definir tecnologías y procesos para mejorar eficiencia y productividad
• Coordinar proveedores y equipos té...",19/06/2026ToledoJefe de Proyecto
https://www.tecnoempleo.com/coordinador-mantenimiento-hays/industrial-mecatronica/rf-c8ba19f502e7c3dfa245,Coordinador/a de Mantenimiento,HAYS,"['Industrial', 'Mecatrónica']","Desde Hays, estamos colaborando de forma confidencial con una sólida empresa industrial ubicada en la zona de Castellón Norte, para la incorporación de un/a Coordinador/a ...",19/06/2026CastellónIngenieros/Industria
https://www.tecnoempleo.com/tecnico-reparacion-microelectronica-quick-repair/smd-pcb/rf-35bb189252335366f04f,Técnico Reparación Microelectrónica,QUICK REPAIR,"['SMD', 'IC', 'PCB']","Ubicación: Barcelona (Presencial)
Experiencia mínima: 1 a 2 años en servicio técnico.

¿Quiénes somos?
Quick TR empresa de soluciones tecnológicas, busca incorporar a ...",19/06/2026BarcelonaElectrónica
https://www.tecnoempleo.com/especialista-reporte-regulatorio-cajamar-tecnologi/corep-finrep/rf-7d35145e32eb53041149,Especialista Reporte Regulatorio,Cajamar Tecnología,"['COREP', 'FINREP', 'CIRBE']","¿Quiénes somos?  

Cajamar Tecnología es una empresa de servicios que forma parte del Grupo Financiero Cajamar, con presencia a nivel nacional. 

Nos caracterizamos por ...",19/06/2026MadridConsultor
https://www.tecnoempleo.com/analista-programador-python-cmv-consultores/react-apis-rest/rf-de011cb862bb73f3e744,Analista programador Python,CMV Consultores,"['python', 'react', 'APIs REST']","Desde CMV Consultores te brindamos las mejores oportunidades, en importantes clientes.

Buscamos un Perfil con dominio de lenguaje de programación Python y conocimientos de ...",19/06/2026Sevilla (Híbrido)Analista Programador24.000€ - 27.000€ b/a
https://www.tecnoempleo.com/administrador-redes-invoin/redes-cisco-ios-servicenow/rf-b43c109b12708371e846,Administrador/a de Redes,Invoin,"['redes', 'cisco', 'ios']","Administrador/a de Redes en Madrid
En Grupo INVOIN, buscamos un/a Administrador/a de Redes con experiencia en infraestructuras de redes Cisco para incorporarse a un equipo de ...",19/06/2026Madrid (Híbrido)Redes
https://www.tecnoempleo.com/consultor-sap-is-u-arelance/sap-is-u-sap-crm/rf-63291c355234b33cdd4b,Consultor/a SAP IS-U,Arelance,"['sap is u', 'sap crm']",En Arelance sabemos que las personas son el activo más importante dentro de una empresa y por tanto invertimos muchos esfuerzos en buscar los mejores profesionales para ...,18/06/2026MadridConsultor24.000€ - 27.000€ b/a
https://www.tecnoempleo.com/responsable-equipo-prl-seguridad-salud-serem/prl/rf-f697101f72acd3c7a149,Responsable de equipo PRL Seguridad y Salud,Serem,['PRL'],"En serem estamos comprometidos con diversos proyectos y queremos contar con los mejores profesionales del sector.

Actualmente, nos encontramos en la búsqueda de un/a ...",18/06/2026Madrid (Presencial)Jefe de Equipo
https://www.tecnoempleo.com/junior-devops-engineer-arelance/openshift-docker/rf-ee601ea5d26113ee954e,Junior DevOps Engineer,Arelance,"['openshift', 'docker', 'kubernetes']",En Arelance sabemos que las personas son el activo más importante dentro de una empresa y por ello dedicamos nuestros esfuerzos a encontrar a los mejores profesionales para ...,18/06/2026Madrid (Presencial)DevOps
https://www.tecnoempleo.com/analista-programador-java-second-window/jenkins-jpa/rf-46c51ccf32b2336ccc43,Analista Programador/a java,Second Window,"['java', 'Jenkins', 'JPA']",¡Te ofrecemos crecer con nosotros en nuestra unidad tecnológica de Software Development como Analista Desarrollador/a Java! Si estas interesado en seguir impulsando tu ...,18/06/2026Madrid (Híbrido)Analista Programador
https://www.tecnoempleo.com/desarrollador-node-js-serem/node-js-aws/rf-47941bd6c2cb43341e4d,Desarrollador/a Node JS,Serem,"['Node Js', 'AWS', 'Angular']","En Serem nos encontramos en la búsqueda de un/a Desarrollador/a Node JS para trabajar en modo remoto desde Barcelona.

El/la candidato/a seleccionado/a ha de estar abierto a ...",18/06/2026100% remotoDesarrollador Web
https://www.tecnoempleo.com/1-qa-analyst-1-qa-engineer-social-you/jira-scrum/rf-27971423124af3281945,1-QA Analyst / 1-QA Engineer,Social You,"['QA', 'Jira', 'scrum']","We are looking for a QA Analyst / QA Engineer to join our technology team and ensure the functional quality of key corporate platforms, including Assisted Channels ...",18/06/2026100% remotoTester/QA30.000€ - 39.000€ b/a
https://www.tecnoempleo.com/windows-administrator-social-you/zabbix-nagios/rf-52fd1ba3f2ab937dd748,Windows Administrator,Social You,"['Zabbix', 'Nagios', 'ansible']","We are looking for an Windows Administrator to join our growing IT department in Barcelona!

Responsible for delivery of End User Computing services, technologies, processes, ...",18/06/2026Barcelona (Híbrido)Administrador39.000€ - 54.000€ b/a
https://www.tecnoempleo.com/developer-fullstack-net-social-you/asp-net-net-core-owasp-c-api-rest-soap-/rf-b1651fe5829853dbf14d,Developer Fullstack .NET,Social You,"['asp .net', '.NET Core', 'owasp']",Estamos buscando un/a Desarrollador/a Fullstack .NET con experiencia en tecnologías modernas y metodologías ágiles. La persona seleccionada será responsable del desarrollo...,18/06/2026100% remotoAnalista Programador36.000€ - 45.000€ b/a
https://www.tecnoempleo.com/desarrollador-python-social-you/fastapi-postgresql/rf-09771b37a25f53474441,Desarrollador Python,Social You,"['python', 'fastapi', 'postgresql']","Estamos buscando un Desarrollador Python

*Entorno local:

Experiencia con venv, el entorno virtualizado de python.
Experiencia con mocks conocer unittest-mock, pytest-mock o ...",18/06/2026100% remotoAnalista Programador36.000€ - 42.000€ b/a
https://www.tecnoempleo.com/programadores-ios-android-social-you/android-ios-swift-kotlin/rf-da2e143932ed0339ba45,Programadores iOs/Android,Social You,"['android', 'ios', 'swift']","Nuestro cliente es una multinacional española del sector de la moda.

Estamos buscando 1 Programador iOS y 1 Programador Android con 3 años de experiencia en estas funciones...",18/06/2026100% remotoDesarrollador Móvil36.000€ - 45.000€ b/a
https://www.tecnoempleo.com/power-platform-engineer-second-window/power-platform-power-apps/rf-42581aa05206c3783444,Power Platform Engineer,Second Window,"['Power Platform', 'Power Apps', 'Power Automate']","¡Te ofrecemos crecer con nosotros en una de nuestras unidades tecnológicas como Power Platform Developer/Microsoft Power Platform Developer, Power Apps / Power Automate ...",18/06/2026Madrid (Híbrido)Programador
https://www.tecnoempleo.com/programador-python-arelance/aws-rag/rf-4af7158192afe33ced4f,Programador/a Python,Arelance,"['python', 'AWS', 'RAG']",En Arelance sabemos que las personas son el activo más importante dentro de una empresa y por tanto invertimos muchos esfuerzos en buscar los mejores profesionales para ...,18/06/2026Madrid (Híbrido)Programador24.000€ - 33.000€ b/a
https://www.tecnoempleo.com/senior-product-owner-proxy-product-owner-cas-train/scrum-agile/rf-1d901f6872bc6349774b,Senior Product Owner / Proxy Product Owner,CAS TRAINING,"['scrum', 'agile', 'proxy']","Modalidad: Remoto 
💰 SALARIO 38000 MIL Brutos anuales 
🌍 Idioma requerido: Inglés B2+/C1

Buscamos un/a Senior Product Owner / Proxy Product Owner con amplia ...",18/06/2026100% remotoConsultor36.000€ - 39.000€ b/a
https://www.tecnoempleo.com/tecnico-sistemas-openshift-kubernetes-serem/docker-liferay/rf-ec7f14f582b6f3ff3946,"Técnico/a de Sistemas (OpenShift, Kubernetes)",Serem,"['OpenShift', 'Kubernetes', 'Docker']","En serem buscamos un/a Técnico/A de Sistemas con experiencia en administración y operación de plataformas de aplicaciones, entornos Cloud y servidores de aplicaciones, para...",18/06/2026Bizkaia (Híbrido)Administrador27.000€ - 36.000€ b/a
https://www.tecnoempleo.com/tester-qa-automation-selenium-python-digital-talen/gherkin-jira/rf-ae3e1a65028963746949,Tester QA Automation Selenium + Python,Digital Talent Agency,"['selenium', 'python', 'gherkin']","Descripción
¡Únete a Zemsania como Tester QA Automation Selenium + Python (Remoto)! 🚀

En Zemsania, buscamos talento excepcional para unirse a nuestro equipo dinámico y...",18/06/2026100% remotoTester/QA
https://www.tecnoempleo.com/ingeniero-ciberseguridad-arelance/ansible-linux/rf-041d14fbc2cc13245146,Ingeniero de Ciberseguridad,Arelance,"['Ansible', 'Linux', 'Bash']",En Arelance sabemos que las personas son el activo más importante dentro de una empresa y por tanto invertimos muchos esfuerzos en buscar los mejores profesionales para ...,18/06/2026MadridAdministrador30.000€ - 39.000€ b/a
https://www.tecnoempleo.com/ingeniero-inteligencia-artificial-arelance/python-gen-ia/rf-e01e1a61c225a34a244f,Ingeniero/a Inteligencia Artificial,Arelance,"['python', 'gen IA', 'LLM']",En Arelance sabemos que las personas son el activo más importante dentro de una empresa y por tanto invertimos muchos esfuerzos en buscar los mejores profesionales para ...,18/06/2026Barcelona (Híbrido)Inteligencia Artificial/Machine Learning39.000€ - 45.000€ b/a
https://www.tecnoempleo.com/oficina-gestion-del-servicio-smo-cajamar-tecnologi/servicios-ti-soluciones/rf-627819f27253738a7b42,Oficina Gestión Del Servicio (SMO),Cajamar Tecnología,"['servicios TI', 'soluciones digitales']","¿Quiénes somos?  

En Cajamar Tecnología A.I.E., empresa del Grupo Cajamar, somos más de 300 profesionales dedicados a impulsar la transformación digital del grupo. ...",18/06/2026Almería (Híbrido) y otrasConsultorContrato temporal
https://www.tecnoempleo.com/lider-banca-digital-cajamar-tecnologia/pmp-itil/rf-d10f1353e2b263638449,Líder Banca Digital,Cajamar Tecnología,"['PMP', 'ITIL', 'SCRUM MASTER']","En Cajamar Tecnología, necesitamos incorporar a una persona en la oficina de Banca Transaccional en Almería.
Descripción del Puesto  
Buscamos un profesional que lidere e ...",18/06/2026AlmeríaTécnico de Gestión
https://www.tecnoempleo.com/lider-banca-digital-cajamar-tecnologia/pmp-scrum/rf-776114c8c254d380764a,Líder Banca Digital,Cajamar Tecnología,"['PMP', 'Scrum', 'Product Owner']","Título del puesto: Líder_Banca Digital
 
En Cajamar Tecnología, necesitamos incorporar a una persona en la oficina Banca Digital

¿Quienes somos? 

Cajamar Tecnología ...",18/06/2026Almería y otrasJefe de Proyecto
https://www.tecnoempleo.com/customer-success-service-manager-page-personnel/account-manager-customer-s/rf-8f6d14bfb2f613452145,Customer Success & Service Manager,Page Personnel,"['Account Manager', 'Customer Success']","Perfil buscado (Hombre/Mujer)

Reportando al responsable Comercial, la persona seleccionada se encargará de:

• Fidelización de la cartera de clientes actual. 
• ...",18/06/2026Barcelona (Híbrido)Consultor
https://www.tecnoempleo.com/administrador-control-d-v-arelance/mainframe-controlm/rf-e8ca1262e23803761b43,Administrador/a de Control D/V,Arelance,"['mainframe', 'controlm', 'docpath']",En Arelance sabemos que las personas son el activo más importante dentro de una empresa y por tanto invertimos muchos esfuerzos en buscar los mejores profesionales para ...,18/06/2026100% remotoAdministrador30.000€ - 36.000€ b/a
https://www.tecnoempleo.com/especialista-en-ciberseguridad-sailpoint-serem/identityiq-identitynow/rf-3b88103202ac9337334c,Especialista en ciberseguridad-SailPoint,Serem,"['SailPoint', 'IdentityIQ', 'IdentityNow']","Desde Serem, nos encontramos en la búsqueda de un ESPECIALISTA EN GESTIÓN DE IDENTIDADES con experiencia mínima de 2 años trabajando en SailPoint para importante cliente ...",18/06/2026Madrid y otrasCiberseguridad
https://www.tecnoempleo.com/consultores-especialistas-microsoft-dynamics-365-s/dynamics-365-power-plat/rf-c95a19d5223803146447,Consultores y Especialistas Microsoft Dynamics 365,Serem,"['Dynamics 365', 'Power Platform', 'Cloud']","Desde Serem, buscamos profesionales con experiencia en Microsoft Dynamics 365 para integrarse en proyectos de implantación, mejora y soporte de soluciones empresariales. Las ...",18/06/2026Madrid y otrasAnalista Programador
https://www.tecnoempleo.com/analista-programador-java-serem/java-pl-sql-oracle/rf-aa831643b287537a774a,Analista Programador Java,Serem,"['JAVA. PL/SQL', 'ORACLE', 'Linux']","Desde Serem, buscamos un Analista Programador Java para integrarse en nuestro equipo, encargado de leer, comprender, diagnosticar y proponer mejoras en aplicaciones, ...",18/06/2026Madrid y otrasAnalista
https://www.tecnoempleo.com/ingeniero-gobierno-del-dato-e-ia-arelance/data-datagovernance/rf-2c651716d21e03d09d42,Ingeniero/a Gobierno del Dato e IA,Arelance,"['data', 'ia', 'datagovernance']",En Arelance sabemos que las personas son el activo más importante dentro de una empresa y por tanto invertimos muchos esfuerzos en buscar los mejores profesionales para ...,18/06/2026Madrid (Híbrido)Big Data33.000€ - 42.000€ b/a
https://www.tecnoempleo.com/data-engineer-arelance/etl-ci-cd/rf-39b911253288036b6d40,Data Engineer,Arelance,"['etl', 'ci/cd', 'sql']",En Arelance sabemos que las personas son el activo más importante dentro de una empresa y por tanto invertimos muchos esfuerzos en buscar los mejores profesionales para ...,18/06/2026Barcelona (Híbrido)Big Data30.000€ - 36.000€ b/a
https://www.tecnoempleo.com/arquitecto-microsoft-dynamics-365-serem/dynamics-365-power-automate/rf-1c271fc872bb038b8b48,Arquitecto de Microsoft Dynamics 365,Serem,"['Dynamics 365', 'Power Automate', 'Dataverse']","Desde Serem, buscamos un Arquitecto de Soluciones de Microsoft Dynamics 365 para diseñar y gestionar la arquitectura de soluciones en Microsoft Dynamics 365 y Power Platform ...",18/06/2026Madrid (Híbrido) y otrasArquitecto TIC
https://www.tecnoempleo.com/desarrollador-microsoft-dynamics-365-serem/dynamics-365-power-automate/rf-657816f442f903362e47,Desarrollador de Microsoft Dynamics 365,Serem,"['Dynamics 365', 'Power Automate', 'Dataverse']","Desde Serem, buscamos un Desarrollador Microsoft Dynamics 365 CRM para implementar y mantener soluciones CRM empresariales dentro del ecosistema de Microsoft Dynamics 365 y ...",18/06/2026Madrid (Híbrido) y otrasAnalista Programador
https://www.tecnoempleo.com/gestor-tecnico-cambios-problemas-cas-training/jira-remedy/rf-1a0d1a4b92d31313714a,Gestor/a Técnico de Cambios y Problemas,CAS TRAINING,"['JIRA', 'REMEDY']","En CAS Training buscamos incorporar a nuestro equipo de profesionales Gestor/a de cambios y problemas para un importante proyecto del sector público.

📍Modalidad: Visitas ...",18/06/2026Barcelona (Híbrido)Administrador36.000€ - 45.000€ b/a
https://www.tecnoempleo.com/tecnico-electromecanico-page-personnel/electromecanica-hidraulica/rf-c78811a6b2da83909e45,Técnico/a Electromecánico,Page Personnel,"['Electromecánica', 'Hidráulica']","Perfil buscado

El/La Técnico Electromecánico con Hidráulica tendrá que:

• Realizar el mantenimiento preventivo y correctivo de maquinaria y vehículos industriales...",18/06/2026BarcelonaIngenieros/Industria
https://www.tecnoempleo.com/tecnico-ingenieria-proyectos-page-personnel/cad/rf-df2b12d9c2d7930d9044,Técnico/a de Ingeniería de Proyectos,Page Personnel,['CAD'],"• Liderar técnicamente proyectos de modernización y mejora de equipos.
• Coordinar equipos multidisciplinares (mecánico, eléctrico y electrónico).
• Asegurar la ...",18/06/2026LleidaIngenieros/Industria
https://www.tecnoempleo.com/ingeniero-agile-scrum-ciberdefensa-page-personnel/agile/rf-e275114c524773d16f42,Ingeniero/a Agile Scrum Ciberdefensa,Page Personnel,"['Agile', 'scrum']","Perfil buscado (Hombre/Mujer)

• Liderarás la evolución de la madurez ágil, impactando no solo a nivel de equipo, sino de forma transversal en áreas completas o en ...",18/06/2026Barcelona (Híbrido)Jefe de Equipo
https://www.tecnoempleo.com/data-analyst-page-personnel/python-sql/rf-f3781c7a72005319ad48,Data Analyst,Page Personnel,"['Python', 'SQL', 'Qlik']","Perfil buscado (Hombre/Mujer)

• Design, develop, and maintain application and features 
• Collaborate with business subject matter experts, and other developers to ...",18/06/2026Barcelona (Híbrido)Analista33.000€ - 42.000€ b/a
https://www.tecnoempleo.com/team-lead-java-angular-serem/spring-mvc/rf-ac9d1baac25d636eb64c,"Team Lead Java, Angular",Serem,"['Java', 'angular', 'spring']","Buscamos un/a Team Lead Java, Angular con sólida experiencia para liderar la entrega y evolución de aplicaciones clave en un entorno IT internacional. Reportando a la alta ...",18/06/2026Madrid (Híbrido)Jefe de Equipo
https://www.tecnoempleo.com/programador-plcs-scada-digital-talent-agency/plc/rf-eb9b18f822b8c38a9343,Programador/a PLCs - SCADA,Digital Talent Agency,"['PLC', 'SCADA']","Buscamos para uno de nuestros clientes,  referente en soluciones avanzadas de monitorización ambiental, IoT industrial y sistemas automáticos de adquisición de datos, est...",18/06/2026Asturias (Presencial)Programador
https://www.tecnoempleo.com/qa-tester-senior-wealth-management-teletrabajo-sel/qc-jira/rf-bfa516bb12e0f3706148,QA Tester Senior Wealth Management (teletrabajo),Seltime,"['QC', 'Jira', 'Confluence']","SELTIME compañía española en proceso de expansión, líder en dar soluciones tecnológicas específicas a cada cliente y un trato personalizado a nuestros técnicos.

...",18/06/2026100% remotoConsultor
https://www.tecnoempleo.com/arquitecto-seguridad-cybersecurity-architect-digit/ciberseguridad-zero-tru/rf-4c2a1ae212dc93369942,Arquitecto/a de Seguridad Cybersecurity Architect,Digital Talent Agency,"['ciberseguridad', 'Zero Trust', 'security']","Descripción
Arquitecto/a de Seguridad (Cybersecurity Architect)Contratación por Zemsania • Modalidad híbrida (60% – 40%) 

🏢 Sobre el puestoBuscamos un/a Arquitecto/...",18/06/2026Madrid (Híbrido)Ciberseguridad
https://www.tecnoempleo.com/desarrolladores-backend-node-typescript-ia-panel-s/nodejs-javascript/rf-ad6117ad8239a3ce6f42,Desarrolladores Backend (Node + TypeScript) + IA,PANEL Sistemas Informáticos,"['Node.js', 'TypeScript', 'JavaScript']","🚀 Backend Developer (Node.js + TypeScript) con experiencia en IA en producción
📍 100% Remoto
🧑‍💻 Experiencia: +3 años

🔴 Importante: Buscamos experiencia ...",18/06/2026100% remotoAnalista Programador
https://www.tecnoempleo.com/ingeniero-senior-inteligencia-artificial-digital-t/langchain-langgraph/rf-84d1135c1238b39e2e4b,Ingeniero/a Senior de Inteligencia Artificial,Digital Talent Agency,"['LangChain', 'LangGraph', 'LangSmith']","Ingeniero/a Senior de Inteligencia Artificial (IA Generativa)
Sobre la empresa
Compañía tecnológica con más de 20 años de experiencia en desarrollo de software y ...",18/06/2026100% remotoInteligencia Artificial/Machine Learning
https://www.tecnoempleo.com/desarrollador-fullstack-net-arelance/net-core-angular/rf-40dc144792e643d53f4c,Desarrollador/a FullStack .NET,Arelance,"['.NET Core', 'Angular', 'REST APIs']",En Arelance sabemos que las personas son el activo más importante dentro de una empresa y por tanto invertimos muchos esfuerzos en buscar los mejores profesionales para ...,18/06/2026100% remotoAnalista Programador
https://www.tecnoempleo.com/desarrollador-java-microservicios-arelance/spring-git/rf-dc421cdf122153731244,Desarrollador Java / Microservicios,Arelance,"['java', 'spring', 'git']","¿Cómo vas a afrontar tu desarrollo profesional? 

En Arelance sabemos que las personas son el activo más importante dentro de una empresa y por tanto invertimos mucho ...",18/06/2026100% remotoProgramador30.000€ - 36.000€ b/a
https://www.tecnoempleo.com/programadores-analistas-java-arelance/sql-git/rf-501612818262f3595e47,Programadores y Analistas Java,Arelance,"['java', 'sql', 'git']",En Arelance sabemos que las personas son el activo más importante dentro de una empresa y por tanto invertimos muchos esfuerzos en buscar los mejores profesionales para ...,18/06/2026100% remotoAnalista Programador30.000€ - 36.000€ b/a
https://www.tecnoempleo.com/desarrollador-backend-java-spring-arelance/quarkus-postgresql/rf-f3f51c11928c03f1a347,Desarrollador/a Backend Java-Spring,Arelance,"['java', 'spring', 'quarkus']",En Arelance sabemos que las personas son el activo más importante dentro de una empresa y por tanto invertimos muchos esfuerzos en buscar los mejores profesionales para ...,18/06/2026León (Híbrido)Programador30.000€ - 36.000€ b/a
https://www.tecnoempleo.com/analista-programador-cobol-mainframe-panel-sistema/cics-db2/rf-a08c1a16b2ac23066c45,Analista Programador Cobol Mainframe,PANEL Sistemas Informáticos,"['cobol', 'mainframe', 'CICS']","🚀 Oportunidad IT – Analista Programador Cobol Mainframe (para entorno bancario)
¿Te apasiona el entorno Mainframe y quieres seguir creciendo en proyectos de banca de ...",18/06/2026100% remotoAnalista Programador
https://www.tecnoempleo.com/desarrollador-java-aws-digital-talent-agency/spring-boot-microservicios/rf-a0e81c6e02dda3163d45,Desarrollador/a Java AWS,Digital Talent Agency,"['java', 'spring boot', 'microservicios']","Descripción
🚀 Desarrollador/a Java AWS - ¡Únete a Zemsania!
Empresa: Zemsania Ubicación: Remoto (España) Modalidad: Jornada Completa Horario: 9:00 - 18:00

¡En ...",18/06/2026100% remotoProgramador
https://www.tecnoempleo.com/tecnico-sistemas-linux-rhel-baoss/unix-natural-adabas/rf-6b8b17f802f6037f1741,Técnico/a de Sistemas Linux (RHEL),Baoss,"['Linux', 'Unix', 'RHEL']","Buscamos Técnico/as de Sistemas para incorporarse a nuestro equipo tecnológico. La persona seleccionada participará en tareas de administración de sistemas Linux, ...",18/06/2026Madrid y otrasAdministrador
https://www.tecnoempleo.com/business-analyst-pss/jira-confluence/rf-471910e642ee73ee3d49,Business Analyst,PSS,"['jira', 'confluence', 'ALM']",¿Te apetece formar parte de una compañía del sector IT? si estas buscando un proyecto estable y seguir evolucionando en tu carrera profesional acompañado del mejor talento...,18/06/2026100% remotoAnalista42.000€ - 48.000€ b/a
https://www.tecnoempleo.com/sap-mm-solution-architect-michael-page/sap-mm/rf-39551785621e73ca4543,SAP MM Solution Architect,Michael Page,"['SAP MM', 'SAP']","• Diseñar y optimizar soluciones SAP MM para cumplir con los objetivos de negocio.
• Colaborar con equipos de TI y de negocio para identificar y priorizar requerimientos...",18/06/2026100% remotoArquitecto TIC
https://www.tecnoempleo.com/responsable-it-michael-page/windows-server-linux/rf-1776139ae2ba53764f43,Responsable IT,Michael Page,"['Windows Server', 'Linux', 'Active Directory']","• Administración y mantenimiento de infraestructura IT (Windows / Linux).
• Gestión avanzada de Active Directory y políticas GPO.
• Diseño, configuración y ...",18/06/2026Cádiz (Presencial)Jefe de Proyecto60.000€ - 72.000€ b/a
https://www.tecnoempleo.com/software-architect-empresa-ciberdefensa-page-perso/cameo-naf/rf-c7cb16a9825fa36d7d45,Software Architect - Empresa Ciberdefensa,Page Personnel,"['Cameo', 'NAF', 'TOGAF']","• Apoyar en el diseño y mantenimiento de vistas arquitectónicas bajo supervisión de perfiles senior.
• Participar en actividades de modelado con herramientas de ...",18/06/2026Barcelona (Híbrido)Arquitecto TIC
https://www.tecnoempleo.com/sap-access-management-specialist-page-personnel/hana/rf-6f181b95026963830d4a,SAP Access Management Specialist,Page Personnel,"['SAP', 'HANA']","• Own and further develop SAP authorization and role concepts across relevant SAP applications, especially in ECC & S/4HANA (application and DB), BW & BW/4 HANA, Cloud-...",18/06/2026Madrid (Híbrido)Consultor39.000€ - 45.000€ b/a
https://www.tecnoempleo.com/desarrollador-php-hays/mysql-postgresql/rf-159c1a18723e43e5f24b,Desarrollador PHP,HAYS,"['PHP', 'MySQL', 'PostgreSQL']","Responsabilidades principales
 - Desarrollo de nuevas funcionalidades sobre nuestras aplicaciones in-house.
 - Mantenimiento evolutivo y correctivo del código existente...",18/06/2026Bizkaia (Híbrido)Programador
https://www.tecnoempleo.com/desarrollador-full-stack-hays/php-mysql/rf-3414160c228cf3437d42,Desarrollador Full Stack,HAYS,"['PHP', 'MySQL', 'PostgreSQL']","Responsabilidades principales

- Desarrollo de nuevas funcionalidades sobre nuestras aplicaciones in-house.
- Mantenimiento evolutivo y correctivo del código existente...",18/06/2026GipuzkoaProgramador
https://www.tecnoempleo.com/ingeniero-mecanico-calculo-page-personnel/cad/rf-9073140ff22d230df045,Ingeniero/a Mecánico de cálculo,Page Personnel,['CAD'],"Las principales funciones que realizarás como Ingeniero/a Mecánico de cálculo de estructuras son:

• Cálculo y diseño de estructuras, análisis de instalaciones y ...",18/06/2026Valencia (Híbrido)Ingenieros/Industria
https://www.tecnoempleo.com/performance-marketing-manager-metasearch-michael-p/google-ads-excel/rf-88ef11028258b385ce48,Performance Marketing Manager Metasearch,Michael Page,"['Google Ads', 'Excel', 'Marketing']","• Analyze the daily performance of channels, markets, and segments to identify margin-improvement opportunities and apply strategies accordingly.
• Monitor the evolution ...",18/06/2026Barcelona (Híbrido)Marketing
https://www.tecnoempleo.com/ingeniero-industrial-operaciones-proyectos-page-pe/industrial/rf-432b12ed824ee34f4740,Ingeniero/a Industrial - Operaciones y proyectos,Page Personnel,['Industrial'],"Las principales funciones que realizarás como Ingeniero/a Industrial de operaciones y proyecto, reportando al Director Regional, tendrás un rol clave y muy transversal en el...",18/06/2026ValenciaIngenieros/Industria33.000€ - 42.000€ b/a
https://www.tecnoempleo.com/analista-datos-departamento-compras-page-personnel/excel-power-bi/rf-ab6f1a9e12eeb3923440,Analista de Datos - Departamento de Compras,Page Personnel,"['Excel', 'Power BI', 'PowerQuery']","Perfil buscado (Hombre/Mujer)

Como Analista de Datos de Compras deberás llevar a cabo las siguientes funciones:

• Recopilar y extraer datos de distintas fuentes...",18/06/2026AlicanteAnalista
https://www.tecnoempleo.com/ing-telecomunicaciones-hays/autocad-cctv/rf-8c2d1887829c93dc9547,Ing. Telecomunicaciones,HAYS,"['AutoCAD', 'CCTV']","Desde HAYS estamos colaborando con una compañía de ingeniería y consultoría especializada en proyectos de infraestructura, energía y telecomunicaciones, con amplia ...",18/06/2026Madrid (Híbrido)Ingenieros/Industria
https://www.tecnoempleo.com/jefe-turno-mercedes-benz-michael-page/lean-kaizen/rf-ff64156a426d03e7fa4a,Jefe/a de Turno - Mercedes Benz,Michael Page,"['Lean', 'Kaizen']","Tu misión será acompañar a los equipos para alcanzar los objetivos de producción de forma eficiente, segura y con altos estándares de calidad.

En tu día a día...",18/06/2026ÁlavaJefe de Equipo
https://www.tecnoempleo.com/tecnico-sat-michael-page/mantenimiento/rf-e63d1867e268932bff43,Técnico SAT,Michael Page,"['mantenimiento', 'SAT']","• Realizar la instalación, puesta en marcha y mantenimiento de equipos
• Diagnosticar y resolver averías técnicas de manera eficiente
• Realizar inspecciones perió...",18/06/2026Zaragoza (Presencial)Técnico de Mantenimiento
https://www.tecnoempleo.com/tecnico-desarrollo-producto-michael-page/solidworks-autocad/rf-80fa1ab5029943a68d4a,Técnico/a de Desarrollo de Producto,Michael Page,"['SolidWorks', 'AutoCAD']","• Desarrollo de planos técnicos de fabricación de mobiliario comercial mediante SolidWorks
• Definición de soluciones constructivas desde la fase de diseño hasta ...",18/06/2026Madrid (Híbrido)Ingenieros/IndustriaContrato temporal
https://www.tecnoempleo.com/responsable-plataforma-h-m-michael-page/apis-microservicios/rf-010617c0025283d21e42,Responsable de Plataforma (h/m),Michael Page,"['APIs', 'microservicios', 'CI/CD']","Funciones principales:

• Impulsar la evolución de la plataforma hacia una arquitectura cloud-native, modular y orientada a servicios, capaz de soportar crecimiento, ...",18/06/2026Bizkaia (Híbrido)Analista Programador
https://www.tecnoempleo.com/ingeniero-proyectos-michael-page/automatizacion-robotica/rf-75c117d03248c36c2e4b,Ingeniero/a de proyectos,Michael Page,"['automatización', 'robótica', 'cobots']","Perfil buscado

El perfil de Ingeniero/a de proyectos (automatización y robótica) tendrá como objetivo:

• Liderar proyectos de implantación de cobots en los ...",18/06/2026ZaragozaIngenieros/Industria
https://www.tecnoempleo.com/delivery-manager-change-problem-manager-grupo-digi/jira-remedy/rf-5d641f2f82ec1378bc41,DELIVERY MANAGER Change & Problem Manager,Grupo Digital,"['jira', 'remedy']","Descripción
en GP DIGITAL buscamos para cliente ser sector PUBLICO

Delivery Manager  ""Change & Problem Manager""

¿Te interesa liderar la gestión de cambios críticos en un...",18/06/2026Barcelona (Presencial)Consultor
https://www.tecnoempleo.com/arquitect-java-cas-training/springboot-apis/rf-43511d24523c730cc04c,Arquitect/a Java,CAS TRAINING,"['JAVA', 'SPRINGBOOT', 'APIS']","Buscamos un/a Lead Solution/Application Architect con perfil 100% hands-on, capaz de liderar la arquitectura y el delivery técnico end-to-end de soluciones enterprise ...",18/06/2026100% remotoArquitecto TIC39.000€ - 48.000€ b/a
https://www.tecnoempleo.com/tecnico-soporte-serem/microinformatica-windows/rf-73bd178cf210c3ead04f,Técnico de Soporte,Serem,"['microinformatica', 'Windows', 'Linux']","Desde serem buscamos Técnicos de Campo para desplazamientos a clientes en toda España, especializados en cambios de periféricos y resolución de incidencias de hardware...",18/06/2026Madrid (Presencial) y otrasSoporte Técnico
https://www.tecnoempleo.com/consultor-sap-fi-sap-drc-baoss/sap-fi-sap-drc/rf-542e1f0d82ac9368a545,Consultor/a SAP FI (SAP DRC),Baoss,"['SAP FI', 'SAP DRC']","Descripción del puesto

Buscamos un/a Consultor/a SAP FI con experiencia en SAP DRC para incorporarse a un proyecto internacional. La persona seleccionada participará en ...",18/06/2026100% remotoConsultor
https://www.tecnoempleo.com/desarrollador-ios-android-baoss/kotlin-swift/rf-2ace1e41b2242312914a,Desarrollador/a iOS / Android,Baoss,"['Android', 'Kotlin', 'iOS']","📱 Desarrollador/a iOS / Android (Híbrido)

📍 Ubicación: Oviedo o Vigo
🏠 Modalidad: Híbrido (3 días remoto)
💼 Tipo de contrato: Indefinido

🚀 Descripción

...",18/06/2026Asturias (Híbrido) y otrasDesarrollador Móvil
https://www.tecnoempleo.com/data-engineer-baoss/python-pyspark/rf-375c15a822483362af4e,Data Engineer,Baoss,"['Python', 'Pyspark', 'ETL']","Buscamos un/a Data Engineer para incorporarse a un proyecto estratégico dentro de un entorno cloud moderno, con foco en el ecosistema de datos de cliente y evolución de su ...",18/06/2026Barcelona (Híbrido)Big Data39.000€ - 42.000€ b/a
https://www.tecnoempleo.com/supervisor-call-center-con-catalan-hibrido-sosmati/ticketing-excel/rf-bf45138d12a6b3956b45,Supervisor/a call center con catalán (híbrido),Sosmatic,"['ticketing', 'Excel', 'KPI']","Buscamos un/a Supervisor/a de Teleoperadores de Soporte Técnico, responsable de liderar al equipo, garantizando el cumplimiento de objetivos operativos, la calidad del ...",18/06/2026Barcelona (Híbrido)Jefe de Equipo18.000€ - 24.000€ b/a
https://www.tecnoempleo.com/qa-funcional-baoss/uat-jira/rf-62f415b9e27b730f8549,QA Funcional,Baoss,"['UAT', 'Jira', 'ERP']","Buscamos un/a profesional con más de 5 años de experiencia en QA funcional o soporte en pruebas UAT para incorporarse a un proyecto consolidado, colaborando estrechamente ...",18/06/2026Barcelona (Híbrido)Tester/QA
https://www.tecnoempleo.com/programador-c-arelance/-windows/rf-c389137c023a1380b64c,Programador/a C,Arelance,"['C', '++', 'Windows']",En Arelance sabemos que las personas son el activo más importante dentro de una empresa y por tanto invertimos muchos esfuerzos en buscar los mejores profesionales para ...,18/06/2026Madrid (Híbrido)Programador30.000€ - 45.000€ b/a
https://www.tecnoempleo.com/devops-junior-ingles-b2-teletrabajo-second-window/github-actions-docker/rf-6bb2174bf25ab3f49b4c,DevOps Junior (inglés B2) - Teletrabajo,Second Window,"['Github Actions', 'Docker', 'Kubernetes']",Desde Second Window buscamos un perfil de Ingeniero o Tecnico DevOps Junior con al menos 1-2 años de experiencia laboral en el rol (no se valoraran perfiles sin experiencia...,18/06/2026100% remotoDevOps
https://www.tecnoempleo.com/programador-cobol400-as400-banca-arelance/cobol-400-cl-400/rf-0c06101b024fc3029b47,Programador COBOL400 / AS400 (Banca),Arelance,"['cobol', 'COBOL/400', 'AS400']",En Arelance sabemos que las personas son el activo más importante dentro de una empresa y por ello invertimos grandes esfuerzos en seleccionar a los mejores profesionales y ...,18/06/2026100% remotoAnalista Programador27.000€ - 33.000€ b/a
https://www.tecnoempleo.com/analista-programador-funcional-cobol-pss/sql-unix/rf-0b991577826c738bba4d,Analista Programador/Funcional Cobol,PSS,"['Cobol', 'SQL', 'Unix']","¿Te gustaría impulsar tu carrera en el sector IT con un proyecto sólido y un equipo de profesionales excepcionales? Si valoras la estabilidad y el crecimiento profesional, ...",18/06/2026100% remotoAnalista Programador30.000€ - 33.000€ b/a
https://www.tecnoempleo.com/devops-senior-ciberdefensa-cmv-consultores/kubernetes-ciberseguridad/rf-d4051cf4a2c9732c4b4c,DevOps Senior - Ciberdefensa,CMV Consultores,"['Kubernetes', 'Ciberseguridad', 'SQL']","Desde nuestro equipo estamos buscando un/a DevOps Senior especializado/a en entornos de Ciberdefensa, para incorporarse a un proyecto estratégico de alto impacto dentro del ...",18/06/2026Madrid (Híbrido) y otrasCiberseguridad
https://www.tecnoempleo.com/desarrollador-gisgal/javascript-nodejs/rf-e0fc1f7732ab636df64d,Desarrollador,Gisgal,"['JavaScript', 'Node.js', 'React']",Gisgal es una consultora tecnológica especializada en el desarrollo y explotación de Sistemas de Información Geográfica. Creamos aplicaciones web basadas en mapas y datos ...,18/06/2026A Coruña (Presencial)Programador24.000€ - 36.000€ b/a
https://www.tecnoempleo.com/desarrollador-backend-java-cas-training/springboot-github/rf-67931fe542a0d33f744e,Desarrollador/a Backend Java,CAS TRAINING,"['java', 'springboot', 'github']","Buscamos un/a Desarrollador/a Backend Java para incorporarse a un proyecto de Contact Center, participando en el desarrollo y evolución de soluciones tecnológicas de alto ...",18/06/2026100% remotoAnalista Programador27.000€ - 33.000€ b/a
https://www.tecnoempleo.com/tecnico-helpdesk-n1-serem/remedy-jira/rf-0b8b1997128b83fd4249,Técnico Helpdesk N1,Serem,"['Remedy', 'Jira', 'ServiceNow']","Desde serem buscamos perfiles Helpdesk N1, encargado de soporte y resolución de incidencias técnicas de primer nivel para un nuevo servicio en Valencia. Se ofrecen ...",18/06/2026ValenciaHelpdeskJornada turno rotatorio
https://www.tecnoempleo.com/tecnico-microinformatica-pulsia-technology/hadware-software/rf-461817dc724003611d4f,Técnico Microinformática,Pulsia Technology,"['Hadware', 'software', 'soporte']","Pulsia, consultora tecnológica española, con más de 200 profesionales y proyectos a nivel nacional e internacional se encuentra actualmente buscando un Técnico de ...",18/06/2026Granada (Presencial)Soporte Técnico16.000€ - 18.000€ b/a
https://www.tecnoempleo.com/tecnico-helpdesk-n1-serem/remedy-jira/rf-58d41ad9e27913906c4c,Técnico Helpdesk N1,Serem,"['Remedy', 'Jira', 'ServiceNow']","Desde serem buscamos perfiles Helpdesk N1, encargado de soporte y resolución de incidencias técnicas de primer nivel para un nuevo servicio en País Vasco. Se ofrecen ...",18/06/2026Bizkaia y otrasHelpdeskJornada turno rotatorio
https://www.tecnoempleo.com/desarrollador-javascript-litelement-tuyu-technolog/cells/rf-ab2d1f5a2254f3b1284c,Desarrollador/a Javascript y LitElement,Tuyú Technology,"['LitElement', 'Cells', 'Javascript']","🚀 ¡Impulsa tu carrera con TUYÚ Technology! 🚀
¿Te apasiona la tecnología y buscas un desafío que realmente marque la diferencia? Estamos en la búsqueda de un/a ...",18/06/2026Madrid (Híbrido)Desarrollador Web27.000€ - 30.000€ b/a
https://www.tecnoempleo.com/analista-programador-cobol-pss/cics-db2/rf-31ca1d1312307309f949,Analista Programador/a COBOL,PSS,"['Cobol', 'CICS', 'Db2']","Te gustaría impulsar tu carrera en el sector IT con un proyecto sólido y un equipo de profesionales excepcionales? Si valoras la estabilidad y el crecimiento profesional, ...",18/06/2026100% remotoAnalista27.000€ - 42.000€ b/a
https://www.tecnoempleo.com/profesional-backend-java-microservicios-remoto-ser/spring-boot-kafka/rf-2ab7199cf262436c9c48,Profesional Backend Java Microservicios (Remoto),Serem,"['Java', 'Spring Boot', 'Microservicios']",En serem buscamos un Profesional Backend Java especializado en Microservicios para integrarse en un proyecto del sector seguros. La persona seleccionada participará en el an...,18/06/2026100% remotoAnalista Programador36.000€ - 36.000€ b/a
https://www.tecnoempleo.com/gravity-partenon-altair-second-window/gravity/rf-e79b1eddb2e443632841,Gravity (Partenón /Altair),Second Window,"['Gravity', 'Partenon', 'Altair']","¡Te ofrecemos crecer con nosotros en una de nuestras unidades tecnológicas como Especialista en Integración Gravity (Partenon / Altair), en un puesto estable dentro de un ...",18/06/2026100% remotoProgramadorJornada media jornada
https://www.tecnoempleo.com/big-data-developer-cas-training/spark-scala/rf-0ad6174b623cc3c57847,Big Data Developer,CAS TRAINING,"['SPARK', 'SCALA', 'SQL']",Buscamos un/a Big Data Developer con experiencia en entornos de procesamiento masivo de datos para incorporarse a un proyecto de larga duración dentro del área de Market ...,18/06/2026100% remotoBig Data30.000€ - 36.000€ b/a
https://www.tecnoempleo.com/data-engineer-c1-ingles-second-window/python-aws/rf-3edc1c6ae22103a5b54f,Data Engineer (C1 Inglés),Second Window,"['PYTHON', 'AWS', 'SCALA']","En Second Window buscamos un Ingeniero/a de Datos con mentalidad ownership para integrarse en proyectos de alta escala, diseñando y ejecutando infraestructuras de datos de ...",18/06/2026MadridBig Data33.000€ - 39.000€ b/a
https://www.tecnoempleo.com/consultor-procesos-seguros-inkoova/jira-confluence/rf-4a8d12e542f503d73d48,Consultor/a de Procesos (Seguros),Inkoova,"['Jira', 'Confluence', 'Azure DevOps']","Buscamos una persona con capacidad analítica, orientación a negocio y experiencia en mejora de procesos para participar en iniciativas de transformación y optimización en ...",18/06/2026Barcelona (Híbrido)Consultor
https://www.tecnoempleo.com/operador-tecnico-sistemas-infraestructuras-it-pss/windows-linux/rf-e33f1635b21b93feb042,Operador/Técnico Sistemas Infraestructuras IT,PSS,"['Windows', 'Linux', 'VMware']","¿Te gustaría impulsar tu carrera en el sector IT con un proyecto sólido y un equipo de profesionales excepcionales? Si valoras la estabilidad y el crecimiento profesional, ...",18/06/2026Madrid (Presencial)Técnico de Sistemas21.000€ - 24.000€ b/a
https://www.tecnoempleo.com/desarrollador-gravity-microfocus-cas-training/db2/rf-02dd16e782f23304e049,Desarrollador/a Gravity Microfocus,CAS TRAINING,"['microfocus', 'gravity', 'DB2']",En CAS Training buscamos incorporar Desarrollador/a Gravity Microfocus con al menos 4 años de experiencia en el rol para sumarse a un importante proyecto del sector bancario...,18/06/2026100% remotoProgramador27.000€ - 30.000€ b/a
https://www.tecnoempleo.com/tecnico-helpdesk-n1-serem/remedy-jira/rf-20751ab08244037d214a,Técnico Helpdesk N1,Serem,"['Remedy', 'Jira', 'ServiceNow']","Desde serem buscamos perfiles Helpdesk N1, encargado de soporte y resolución de incidencias técnicas de primer nivel para un nuevo servicio en Galicia. Se ofrecen diferentes...",18/06/2026A Coruña y otrasHelpdeskJornada turno rotatorio
https://www.tecnoempleo.com/qa-canales-asistidos-genesys-cloud-chat-chatbot-pa/branch-teller/rf-e3c01240426be3447643,QA Canales Asistidos (Genesys Cloud /Chat/Chatbot),PANEL Sistemas Informáticos,"['Branch', 'Teller', 'Contact Center']","📣 ¡Buscamos un/a Especialista en Calidad de Software para Canales de Atención al Cliente!
Si tienes experiencia real en Genesys Cloud + Chatbot + Contact Center + QA, ...",18/06/2026100% remotoTester/QA
https://www.tecnoempleo.com/tecnico-sat-radiologia-sedecal/rayos-x-ris-pac/rf-b3f71378425ef3ee8d44,Técnico SAT Radiología,Sedecal,"['Rayos x', 'RIS PAC', 'electromedicina']","EL técnico se encargará de la instalación y mantenimiento en hospitales de la geografía nacional de equipos de rayos x médicos. 

Para ello tendrá disponibilidad para ...",18/06/2026MadridTécnico de Mantenimiento30.000€ - 39.000€ b/a
https://www.tecnoempleo.com/service-manager-telecomunicaciones-gestelcom-servi/kpi-sla/rf-adf91013b20f631b0f41,Service Manager Telecomunicaciones,Gestelcom Servicios,"['Telecomunicaciones', 'KPI', 'SLA']","En Gestelcom Servicios necesitamos aumentar nuestro equipo de Service Manager.

Buscamos profesionales en Telecomunicaciones con experiencia en  postventa y mantenimiento del ...",18/06/2026Barcelona (Híbrido)Jefe de Equipo
https://www.tecnoempleo.com/gestor-proyectos-telecom-ingles-catalan-gestelcom-/b2b-sdm/rf-8b7b148c9200e37e0543,Gestor/a de proyectos Telecom inglés+catalán,Gestelcom Servicios,"['B2B', 'SdM', 'PM']","En Gestelcom Servicios seguimos creciendo y queremos incorporar nuevos perfiles de Service Manager para reforzar nuestro equipo especializado en clientes de Grandes Cuentas.
...",18/06/2026Barcelona (Híbrido)Ingenieros/Industria
https://www.tecnoempleo.com/azure-cloud-administrator-junior-baoss/iaas-paas/rf-99481bf312a8d30e0d4d,Azure Cloud Administrator Junior,Baoss,"['Azure', 'IaaS', 'PaaS']","Buscamos un/a Azure Cloud Administrator Junior para incorporarse a un proyecto dentro del sector industrial durante 3 meses, participando en la operación y soporte de ...",18/06/2026Madrid (Híbrido)Administrador
https://www.tecnoempleo.com/desarrollador-backend-java-apx-aso-pss/java/rf-ce391d59d24303c3264a,"Desarrollador/ Backend Java, APX y ASO",PSS,"['Java', 'APX', 'ASO']","¿Te gustaría impulsar tu carrera en el sector IT con un proyecto sólido y un equipo de profesionales excepcionales? Si valoras la estabilidad y el crecimiento profesional, ...",18/06/2026100% remotoAnalista Programador24.000€ - 30.000€ b/a
https://www.tecnoempleo.com/software-engineer-java-spring-boot-cmv-consultores/spring-boot-springbach/rf-ff181bc232c2f32d2b46,Software Engineer - Java / Spring Boot,CMV Consultores,"['java', 'spring boot', 'springbach']","¿Buscas un reto técnico en un entorno financiero dinámico? Únete a nuestro equipo de proyectos en el sector bancario, donde participarás en el desarrollo de soluciones cr...",18/06/2026Madrid (Híbrido)Desarrollador Web30.000€ - 36.000€ b/a
https://www.tecnoempleo.com/ingeniero-electronico-arelance/rtm-rbd/rf-4c6c1dc59231f3f05346,Ingeniero/a Electrónico,Arelance,"['RTM', 'RBD', 'FMECAs']",En Arelance sabemos que las personas son el activo más importante dentro de una empresa y por tanto invertimos muchos esfuerzos en buscar los mejores profesionales para ...,18/06/2026Madrid (Híbrido)Electrónica30.000€ - 39.000€ b/a
https://www.tecnoempleo.com/tecnico-audiovisual-sedecal/adobe-premiere-pro-cupcut/rf-0a6b1c1a82762372e045,Técnico audiovisual,Sedecal,"['Adobe Premiere Pro', 'CupCut']","SEDECAL, Empresa española referente mundial en equipos de diagnóstico médico busca incorporar a un técnico Audiovisual con el siguiente cometido:
MISIÓN
Realizar la ...",18/06/2026Madrid (Híbrido)Marketing21.000€ - 24.000€ b/a
https://www.tecnoempleo.com/especialista-microsoft-dynamics-365-panel-sistemas/dynamics-365/rf-668a17a542da534ea441,Especialista Microsoft Dynamics 365,PANEL Sistemas Informáticos,"['Dynamics 365', 'Dynamics']","🌟 ¡Buscamos Especialista en Microsoft Dynamics 365 Customer Service Workspace! 🌟
¿Tienes más de 3 años de experiencia en Dynamics 365 Customer Service Workspace y te...",18/06/2026100% remotoAnalista Programador
https://www.tecnoempleo.com/qa-engineer-ingles-c1-second-window/testing/rf-d47a1b05a25e83475647,QA Engineer. Inglés C1,Second Window,"['QA', 'testing']",En Second Window buscamos un/a Quality Assurance Engineer / QA Specialist / Especialista en Pruebas / QA Tester para unirse a nuestro equipo. Buscamos a alguien con mentalidad...,18/06/2026100% remotoTester/QA
https://www.tecnoempleo.com/arquitecto-senior-inteligencia-artificial-digital-/llm-langchain/rf-10201f99626ab352094a,Arquitecto/a Senior de Inteligencia Artificial,Digital Talent Agency,"['LLM', 'LangChain', 'LangGraph']","🚀 Oferta de empleo | Arquitecto/a Senior de Inteligencia Artificial (IA Generativa)

Compañía tecnológica con más de 20 años de experiencia en el desarrollo de ...",18/06/2026100% remotoArquitecto TIC
https://www.tecnoempleo.com/senior-digital-analyst-adobe-analytics-baoss/adobe-analytics-python/rf-5bfb1d8ce2d773aadb4d,Senior Digital Analyst (Adobe Analytics),Baoss,"['Adobe Analytics', 'Python', 'SQL']","Buscamos un/a Senior Digital Analyst especializado en Adobe Analytics con experiencia demostrable en el análisis del canal digital, capaz de transformar datos en insights ...",18/06/2026100% remotoAnalista
https://www.tecnoempleo.com/fullstack-react-node-mongodb-second-window/nodejs-mern/rf-acca1d9de2a1b3afa647,Fullstack React / Node /MongoDB,Second Window,"['React', 'Nodejs', 'MERN']","¡Te ofrecemos crecer con nosotros en una de nuestras unidades tecnológicas como desarrollador React / Node, en un puesto muy estable, a largo plazo en una de las principales...",18/06/2026100% remotoDesarrollador Web
https://www.tecnoempleo.com/analista-funcional-backoffice-tolling-cmv-consulto/microservicios-cloud/rf-ac2019f2c2f6038fd54e,Analista Funcional BackOffice - Tolling,CMV Consultores,"['microservicios', 'cloud', 'API']","Buscamos un/a Analista Funcional BackOffice para incorporarse a un proyecto internacional del sector movilidad, participando en entornos tecnológicos modernos basados en ...",18/06/2026100% remotoAnalista
https://www.tecnoempleo.com/ingeniero-monitorizacion-opentext-sitescope-obm-pa/operations-bridge-manag/rf-43a1116a72874364aa49,Ingeniero/a Monitorización/OpenText/SiteScope/OBM,PANEL Sistemas Informáticos,"['sitescope', 'obm', 'Operations Bridge Manager']","🚨 ¡Buscamos perfil de Monitorización IT! | Híbrido - Madrid 🚨
¿Tienes experiencia en herramientas de monitorización y te apasiona el entorno tecnológico...",18/06/2026Madrid (Híbrido)Técnico de Sistemas
https://www.tecnoempleo.com/snowflake-developer-panel-sistemas-informaticos/idmc-sql/rf-f2401c28c2d3b39bc148,Snowflake Developer,PANEL Sistemas Informáticos,"['Snowflake', 'IDMC', 'SQL']","🚀 Buscamos un/a Snowflake Developer ❄️📊
📍 Modelo Híbrido Madrid (mixta 2 veces en la oficina en Madrid) | 🕒 +7 años de experiencia
¿Te apasiona el Data ...",18/06/2026Madrid (Híbrido)Analista Programador
https://www.tecnoempleo.com/freelance-master-data-trabajo-flexible-michael-pag/excel-power-bi/rf-7da8102fa2b8d367a247,Freelance Master Data - Trabajo flexible,Michael Page,"['Excel', 'Power BI']","Reportando al Mánager del área:
• Master Data
• Data Base
• Mantenimiento y actualización de la base de datos.
• Parámetros de producción
• Materia prima...",18/06/2026100% remotoAnalistaContrato temporal
https://www.tecnoempleo.com/desarrollador-full-stack-net-gmv/net-c/rf-27f91b69a28f03a8e04b,Desarrollador/a Full Stack .NET,GMV,"['.NET', 'C#', 'WPF']",¿Quieres liderar un equipo consolidado del sector defensa y enfrentarte a nuevos retos? En GMV somos un grupo tecnológico con amplia experiencia en proyectos nacionales e ...,18/06/2026Madrid (Híbrido)Programador
https://www.tecnoempleo.com/verificador-calidad-michael-page/calidad/rf-0b8c1e33b2cc33de5342,Verificador/a de calidad,Michael Page,['calidad'],"• Realizar inspecciones de calidad en productos terminados y procesos de fabricación.
• Implementar y supervisar controles de calidad para garantizar el cumplimiento de ...",18/06/2026ZaragozaIngenieros/Industria
https://www.tecnoempleo.com/administrador-sistemas-ciberseguridad-michael-page/baan-salesforce/rf-46f51f9be2a3f39fd14c,Administrador de Sistemas y Ciberseguridad,Michael Page,"['BAAN', 'Salesforce', 'Office 365']","Reportando a Dirección de IT, la persona seleccionada gestionará la operativa diaria del área IT, con especial foco en la optimización de sistemas, soporte y gestión de ...",18/06/2026Bizkaia (Híbrido)Soporte Técnico
https://www.tecnoempleo.com/tec-neumatico-hidraulico-michael-page/hidraulica-neumatica/rf-afd21c6f223c13b5c641,Tec. Neumático-Hidráulico,Michael Page,"['hidraulica', 'neumatica', 'piping']","En dependencia del Responsable de Hidráulica y Neumática, te responsabilizarás de la gestión completa del proyecto neumático e hidráulico, participando desde el diseño ...",18/06/2026GipuzkoaIngenieros/Industria45.000€ - 60.000€ b/a
https://www.tecnoempleo.com/responsable-marketing-digital-hays/seo/rf-688b1b0e7203c3fa0c47,Responsable de Marketing Digital,HAYS,"['SEO', 'Marketing']",Desde HAYS buscamos un/a Responsable de Marketing para una consultora tecnológica especializada en transformación digital con ubicación en Pamplona. Te encargarás de dise...,18/06/2026Navarra (Híbrido)Marketing
https://www.tecnoempleo.com/senior-scrum-master-knowmad-mood/kanban-lean/rf-58771ddc62c1535d4a45,Senior Scrum Master,knowmad mood,"['scrum', 'Kanban', 'Lean']","We are knowmad mood! 

 Somos una compañía líder en transformación digital, en constante evolución y a la vanguardia de la tecnología. 

Buscamos un/a Senior Scrum ...",18/06/2026100% remotoJefe de Equipo
https://www.tecnoempleo.com/cientifico-datos-ia-michael-page/inteligencia-artificial-python/rf-e2d21065e2b8d38dfb44,Científico de datos - IA,Michael Page,"['Inteligencia Artificial', 'Python', 'R']","• Diseñar, desarrollar e implementar modelos de IA y aprendizaje automático para optimizar procesos y operaciones.
• Analizar grandes volúmenes de datos para ...",18/06/2026BurgosInteligencia Artificial/Machine Learning48.000€ - 60.000€ b/a
https://www.tecnoempleo.com/it-project-manager-devoteam/project-manager/rf-0d8d1536b2a503133f4e,IT Project Manager,Devoteam,['Project Manager'],"Descripción de la empresa

Devoteam es una consultora europea líder enfocada en estrategia digital, plataformas tecnológicas, ciberseguridad y transformación empresarial...",18/06/2026AlicanteJefe de Proyecto
https://www.tecnoempleo.com/aem-technology-architect-song-accenture/adobe-experience-manager/rf-3e0716c702ca03a0d449,AEM Technology Architect - Song,Accenture,"['Adobe Experience Manager', 'AEM']","Accenture Song acelera el crecimiento y el valor para nuestros clientes. Es el lugar donde los profesionales reimaginamos las industrias, productos y servicios abarcando desde...",18/06/2026MadridArquitecto TIC
https://www.tecnoempleo.com/senior-software-engineer-linux-kernel-gpu-datadog/linux/rf-12671f8cf2b9534ec746,Senior Software Engineer - Linux Kernel / GPU,Datadog,"['Linux', 'GPU']","The eBPF Platform team owns the shared eBPF infrastructure inside the Datadog Agent, and is responsible for its reliability, performance, and evolution across a wide variety ...",18/06/2026MadridProgramador
https://www.tecnoempleo.com/global-head-of-it-sales-applications-michael-page/salesforce-dynamics/rf-4b6a1b77c25ae39fa449,Global Head of IT Sales Applications,Michael Page,"['Salesforce', 'Dynamics', 'CRM']","• Define and lead the global vision for Sales IT, positioning technology as a key enabler of commercial growth, customer experience and competitive advantage.
• Drive ...",18/06/2026MadridJefe de Proyecto
https://www.tecnoempleo.com/ingeniero-junior-page-personnel/ingenieria/rf-8acc13b62235f3cc3743,Ingeniero/a junior,Page Personnel,['Ingenieria'],"• Participar en el diseño y desarrollo de proyectos técnicos dentro del ámbito de la ingeniería y fabricación.
• Colaborar con equipos multidisciplinarios para ...",18/06/2026MadridIngenieros/Industria24.000€ - 27.000€ b/a
https://www.tecnoempleo.com/arquitecto-frontend-100-remoto-ust/angular-ionic/rf-0d1815c792ee3370cb49,Arquitecto frontend (100% remoto),UST,"['Angular', 'Ionic', 'Drupal']","¡Seguimos buscando talento…y nos encantaría que te unieras a nuestro equipo!

Para que nos conozcas algo mejor, UST es una multinacional norteamericana certificada como ...",18/06/2026100% remotoArquitecto TIC
https://www.tecnoempleo.com/software-engineer-f-m-d-axpo-group/python-flask/rf-84fa1ab9b23303284143,Software Engineer (f/m/d),Axpo Group,"['Python', 'Flask', 'FastAPI']","Workload: 100%

Join Axpo as a Full Stack Software Engineer and help shape the future of the energy industry. You´ll work on innovative solutions and cutting-edge software ...",18/06/2026Madrid (Híbrido)Programador
https://www.tecnoempleo.com/fullstack-developer-remote-wayops/php-laravel/rf-290913bf025a033d494b,Fullstack Developer (Remote),WayOps,"['PHP', 'Laravel', 'Python']","Desde WayOps buscamos un Fullstack Engineer que quiera seguir creciendo profesionalmente participando en un proyecto dentro de un entorno exigente en el sector farmacéutico, ...",18/06/2026Madrid (Híbrido)DevOps
https://www.tecnoempleo.com/it-senior-project-manager-contractor-michael-page/erp-crm/rf-47ba1374a20273248942,IT Senior Project Manager - Contractor,Michael Page,"['ERP', 'CRM', 'Oracle']","• Coordinate all IT projects and activities.
• Act as a bridge between local business users (Florida - USA) and Corporate IT (Madrid - Spain).
• Coordinate different ...",18/06/2026MadridJefe de ProyectoContrato temporal
https://www.tecnoempleo.com/senior-oracle-dba-exadata-deloitte/data-guard-rman/rf-171712207229938e234e,Senior Oracle DBA/ Exadata,Deloitte,"['Oracle', 'Exadata', 'RAC']","Te imaginas participando en la transformación de las principales organizaciones nacionales e internacionales?

En Deloitte estamos comprometidos con generar un impacto en ...",18/06/2026MadridBase de Datos/DBA
https://www.tecnoempleo.com/frontend-developer-vuejs-page-personnel/html-css/rf-147e1d3c52c4e3fb9348,Frontend Developer (Vue.js),Page Personnel,"['Vue', 'HTML', 'CSS']","• Desarrollar interfaces de usuario eficientes y funcionales utilizando Vue.js y otras tecnologías modernas.
• Colaborar estrechamente con el equipo de backend para ...",18/06/2026EspañaDesarrollador Web
https://www.tecnoempleo.com/simulation-software-engineer-eurofighter-flight-ai/c-ada/rf-0e2718753218e35c0243,Simulation Software Engineer - Eurofighter Flight,Airbus,"['C++', 'Ada', 'QML']","Job Description:

If you are passionate about fighter aircrafts, you spend hours with flight simulators and you are looking for an opportunity to work in a company with ...",18/06/2026MadridIngenieros/Industria
https://www.tecnoempleo.com/soporte-consultor-bc-michael-page/business-central/rf-ad7e168542b4d34ce445,Soporte / Consultor BC,Michael Page,['Business Central'],"• Brindar soporte técnico y funcional a los clientes en el uso de soluciones tecnológicas, especialmente en BC.
• Identificar y resolver incidencias técnicas de manera...",18/06/2026100% remotoSoporte Técnico
https://www.tecnoempleo.com/admin-sistemas-sr-empresa-final-michael-page/windows-linux/rf-aaf41a8c4268137b8f4e,Admin Sistemas SR - Empresa final,Michael Page,"['Windows', 'Linux', 'SD WAN']","• Administración de infraestructuras IT híbridas (servidores físicos/virtuales Windows y Linux).
• Gestión de redes y seguridad (SD-WAN, firewalls de nueva generació...",18/06/2026Madrid (Presencial)Técnico de Sistemas45.000€ - 60.000€ b/a
https://www.tecnoempleo.com/senior-backend-python-page-personnel/fastapi-flask/rf-a81510e8421e5326f748,Senior Backend (Python),Page Personnel,"['Python', 'FastAPI', 'Flask']","• Diseñar y liderar el desarrollo de servicios backend escalables
• Definir arquitecturas backend robustas y eficientes
• Garantizar la calidad, seguridad y ...",18/06/2026Barcelona (Híbrido)Programador48.000€ - 60.000€ b/a
https://www.tecnoempleo.com/desarrollador-flutter-kotlin-devoteam/kotlin/rf-20cf1322a24353161746,Desarrollador Flutter y Kotlin,Devoteam,"['Kotlin', 'Flutter']","Descripción de la empresa

Devoteam es una consultora europea líder enfocada en estrategia digital, plataformas tecnológicas, ciberseguridad y transformación empresarial...",18/06/2026MadridDesarrollador Móvil
https://www.tecnoempleo.com/ai-ml-engineer-accenture/llm-fine-tuning/rf-99661515a2c013df094a,AI / ML Engineer,Accenture,"['LLM', 'Fine Tuning', 'Inteligencia Artificial']","En Accenture buscamos personas con curiosidad, iniciativa y pasión por la tecnología para impulsar la innovación a gran escala. En este rol trabajarás de forma autónoma, ...",18/06/2026MadridInteligencia Artificial/Machine Learning
https://www.tecnoempleo.com/aws-engineer-ods-santander/ec2-s3/rf-3cc51ab7a27273e85644,AWS Engineer - ODS,Santander,"['AWS', 'EC2', 'S3']","AWS Engineer - ODS

Country: Spain

IT STARTS HERE

Santander is evolving from a global, high-impact brand into a technology-driven organization, and our people are at ...",18/06/2026MadridDevOps
https://www.tecnoempleo.com/technical-data-engineering-specialist-airbus/python-google-suite/rf-666b1ee3b2fa2328f443,Technical Data Engineering Specialist,Airbus,"['Python', 'Google Suite', 'CATIA']","Job Description:

Join our Team as a Technical Data Engineering Specialist in Systems Spain!

-----> The Opportunity

An exciting opportunity awaits you within Airbus ...",18/06/2026MadridBig Data
https://www.tecnoempleo.com/dynamics-developer-microsoft-power-platform-axpo-g/power-platform-dynamics/rf-dfdb190e22723385304f,Dynamics Developer - Microsoft Power Platform,Axpo Group,"['Power Platform', 'Dynamics 365']","Workload: 100%

Are you ready to shape the future of energy with innovative solutions? Join us as a Power Platform - Microsoft Dynamics Developer and contribute to cutting-...",18/06/2026Madrid (Híbrido)Programador
https://www.tecnoempleo.com/senior-clinical-programmer-i-python-astrazeneca/sas-sql/rf-00f3109662e72346e948,Senior Clinical Programmer I (Python),AstraZeneca,"['Python', 'SAS', 'R']","Job Title: Senior Clinical Programmer I
Location: Barcelona

At AstraZeneca, we put patients first and strive to meet their unmet needs worldwide. Working here means being ...",18/06/2026BarcelonaAnalista Programador
https://www.tecnoempleo.com/senior-software-engineer-ruby-ror-workato/ruby/rf-bc6c10b6e2c763952d47,Senior Software Engineer (Ruby/RoR),Workato,['Ruby'],"About Workato

Workato transforms technology complexity into business opportunity. As the leader in enterprise orchestration, Workato helps businesses globally streamline ...",18/06/2026BarcelonaProgramador
https://www.tecnoempleo.com/senior-agentic-ai-lead-accenture/agentic-ai-llm/rf-00071d14e29d931e0a42,Senior Agentic AI Lead,Accenture,"['Agentic AI', 'LLM', 'generative AI']","The Opportunity

We´re not looking for someone who talks about the future of AI. We´re looking for someone who´s building it.

Join our Agentic AI Innovation Hub (part ...",18/06/2026BarcelonaArquitecto TIC
https://www.tecnoempleo.com/tecnico-sistemas-informaticos-hays/vmware-m365/rf-a2281f58a205f311644b,Técnico/a de sistemas informáticos,HAYS,"['VMware', 'M365']","Desde HAYS estamos colaborando con un grupo empresarial de referencia ubicado en Gipuzkoa, sólido y en constante evolución, con fuerte compromiso social y valores muy ...",18/06/2026GipuzkoaTécnico de Sistemas
https://www.tecnoempleo.com/programador-frontend-react-ingles-alto-grupo-digit/tailwind/rf-5930176972524398bc48,Programador/a Frontend React (Ingles alto),Grupo Digital,"['react', 'Tailwind']","Descripción
Buscamos un/a Mid/Senior Frontend Developer especializado/a en React para incorporarse a un proyecto estable y de larga duración, con trabajo 100% remoto y un ...",18/06/2026100% remotoDesarrollador Web
https://www.tecnoempleo.com/ai-platform-engineer-airbus/kubernetes-python/rf-5e23189592d873e42643,AI Platform Engineer,Airbus,"['Kubernetes', 'Python', 'Linux']","Job Description:

Airbus Defence & Space is looking for an AI Platform Engineer (MLOps) to build and scale high-performance computing infrastructure in high-security ...",18/06/2026MadridDevOps
https://www.tecnoempleo.com/full-stack-nodejs-page-personnel/javascript-html/rf-23711fb4325a73d5764e,Full Stack Node.js,Page Personnel,"['Node', 'JavaScript', 'HTML']","• Desarrollar y mantener aplicaciones web utilizando Node.js y tecnologías relacionadas.
• Colaborar con equipos de diseño y producto para implementar soluciones ...",18/06/2026MadridProgramador27.000€ - 33.000€ b/a
https://www.tecnoempleo.com/administrador-bbdd-senior-michael-page/oracle-sql-server/rf-8bae1268c29e432f2c45,Administrador BBDD senior,Michael Page,"['Oracle', 'SQL Server', 'MySQL']","• Administrar y mantener bases de datos Oracle, SQL Server, MySQL/MariaDB y PostgreSQL.
• Gestionar backups, restauraciones y recuperaciones ante incidencias.
• ...",18/06/2026Madrid (Presencial)Base de Datos/DBA
https://www.tecnoempleo.com/pr-and-marketing-director-michael-page/seo-ppc/rf-107c14daf22de359b040,PR and Marketing Director,Michael Page,"['SEO', 'PPC', 'Social Media']","Strategic Leadership

• Develop and execute an integrated, strategic annual plan for public relations and social media to align with the hotel´s business objectives...",18/06/2026EspañaMarketing
https://www.tecnoempleo.com/ingeniero-devops-en-galileo-sccf-gmv/kubernetes-helm/rf-af8f1359624683d0f44e,Ingeniero/a DevOps en Galileo SCCF,GMV,"['Kubernetes', 'Helm', 'Python']","Si siempre soñaste con pasar el día en la Luna, pero eres de los que se marea en los viajes con curvas… ¡Tu sitio está con nosotros! Estamos ampliando nuestros equipos ...",18/06/2026Madrid (Híbrido) y otrasDevOps
https://www.tecnoempleo.com/junior-developer-net-angular-react-gmv/c-net/rf-b8c31f8df28b53e4f94c,"Junior Developer (.NET, Angular/React)",GMV,"['C#', '.NET', 'Angular']",¿Buscas un sitio innovador y consolidado en el que desarrollarte profesionalmente? GMV somos un grupo tecnológico con amplia experiencia. Estamos ampliando nuestros equipos ...,18/06/2026Madrid (Híbrido)Programador
https://www.tecnoempleo.com/senior-ia-engineer-page-personnel/python/rf-44b9103c82b2c34f6040,Senior IA Engineer,Page Personnel,"['Python', 'R']","Perfil buscado (Hombre/Mujer)

• Diseñar, desarrollar y optimizar modelos de inteligencia artificial para aplicaciones específicas.
• Implementar algoritmos avanzados...",18/06/2026MadridInteligencia Artificial/Machine Learning45.000€ - 60.000€ b/a
https://www.tecnoempleo.com/responsable-marketing-page-personnel/adobe/rf-6e371c09129c237dcf46,Responsable de Marketing,Page Personnel,"['Adobe', 'marketing']","• Diseñar y ejecutar estrategias de marketing.
• Coordinación con agencias de marketing y supervisar el desarrollo de contenido para redes sociales, sitio web y ...",18/06/2026Valencia (Presencial)Marketing
https://www.tecnoempleo.com/it-site-technician-wayops/windows-microsoft-365/rf-9f241818c2edc3d6ef40,IT Site Technician,WayOps,"['Windows', 'Microsoft 365']",Desde WayOps buscamos un IT Site Technician (Técnico de Soporte IT/OT) para incorporarse al equipo de soporte presencial de fin de semana para uno de nuestros principales ...,18/06/2026MadridSoporte Técnico
https://www.tecnoempleo.com/responsable-prl-gmv/iso/rf-df8e18c2c2bd83867541,Responsable de PRL,GMV,"['ISO', 'PRL']","¿Quieres liderar la estrategia global de Seguridad, Salud y Medio Ambiente en una compañía tecnológica internacional en crecimiento, y afrontar el reto de impulsar una ...",18/06/2026Madrid (Híbrido)Jefe de Proyecto
https://www.tecnoempleo.com/emea-crm-senior-manager-pagegroup-ssc-michael-page/salesforce-marketing-cl/rf-d8951dd8329b03ad0f40,EMEA CRM Senior Manager - PageGroup SSC,Michael Page,['Salesforce Marketing Cloud'],"In the middle of changing business needs and market shifts, we want to bring CRM to the next level.
We´re looking for a dynamic & motivated professional to take on CRM ...",18/06/2026Barcelona (Híbrido)Consultor
https://www.tecnoempleo.com/ingeniero-software-full-stack-gmv/javascript-typescript/rf-7cad180b425e03d58649,Ingeniero/a de Software Full Stack,GMV,"['JavaScript', 'TypeScript', 'React']","¿Buscas un sitio innovador y consolidado en el que desarrollarte profesionalmente? GMV somos un grupo tecnológico con amplia experiencia.
Estamos ampliando nuestros equipos...",18/06/2026Madrid (Híbrido)Programador
https://www.tecnoempleo.com/analista-funcional-seguros-vida-michael-page/agile-waterfall/rf-c1871beb92b363d4d84f,Analista Funcional de Seguros de Vida,Michael Page,"['Agile', 'Waterfall', 'UAT']","RESPONSABILIDADES PRINCIPALES

Análisis y Requisitos
- Recoger, analizar y estructurar requisitos funcionales junto con las áreas de negocio.
- Definir evolutivos, ...",18/06/2026Madrid (Híbrido)Analista
https://www.tecnoempleo.com/java-tech-lead-aws-remote-ust/springboot-devops/rf-820514c04265838e0a4f,Java Tech Lead (AWS) - Remote,UST,"['java', 'springboot', 'aws']","We are still looking for the very Top Talent…and we would be delighted if you were to join our team!

More in details, UST is a multinational company based in North ...",18/06/2026Madrid (Híbrido)Jefe de Equipo
https://www.tecnoempleo.com/senior-full-stack-engineer-page-personnel/angular-python/rf-4cf617c8427ec3347346,Senior Full Stack Engineer,Page Personnel,"['Angular', 'Python', 'LLMs']","• Diseñar, desarrollar y mantener aplicaciones full stack para productos de inteligencia artificial.
• Colaborar con equipos multidisciplinares para mejorar las ...",18/06/2026100% remotoProgramador39.000€ - 45.000€ b/a
https://www.tecnoempleo.com/test-lead-sap-accenture/waterfall-agile/rf-6f99172d62a39382ae42,Test Lead Sap,Accenture,"['SAP', 'Waterfall', 'Agile']","We are looking for passionate, curious and driven team players who are ready to ignite ideas, push boundaries and drive innovation. At Accenture you´ll work on innovative ...",18/06/2026MadridTester/QA
https://www.tecnoempleo.com/analista-seguridad-la-informacion-gmv/iso-iec-27001-ens/rf-533a1110520603e86148,Analista de Seguridad de la Información,GMV,"['ISO/IEC 27001', 'ENS', 'NIS2']","Si quisiste ser Anonymous, pero la pandemia te ha enseñado que llevar máscara no es lo tuyo… ¡Tu sitio está con nosotros! Estamos ampliando nuestro equipo corporativo de...",18/06/2026Madrid (Híbrido)Ciberseguridad
https://www.tecnoempleo.com/service-manager-it-accenture/service-management-itsm/rf-98511f24627643de534e,Service Manager IT,Accenture,"['Service Management', 'ITSM', 'ITIL']","At Accenture, we believe in technology as the engine for the total reinvention of the company. We work with the leading platforms and partners in the market to drive our ...",18/06/2026MadridJefe de Equipo
https://www.tecnoempleo.com/java-microservices-developer-plexus/spring-api/rf-01a51ad1f29e73a75e4c,Java Microservices Developer,Plexus,"['Java', 'Spring', 'Microservices']","Join Plexus Tech. We are looking for a Java Developer profile with at least two years of experience, to become part of the Plexus team and participate in exciting and ...",18/06/2026MadridProgramador
https://www.tecnoempleo.com/director-produccion-michael-page/solidworks-cad/rf-e2281a7bd2a033f88f40,Director/a de Producción,Michael Page,"['SolidWorks', 'CAD']","• Liderar, desarrollar y motivar a los equipos de producción, fomentando una cultura de colaboración, responsabilidad y mejora continua.
• Gestionar y optimizar la ...",18/06/2026BarcelonaIngenieros/Industria
https://www.tecnoempleo.com/kam-branding-advertising-page-personnel/marketing/rf-5af81ed692e9c39aed44,KAM Branding & Advertising,Page Personnel,['marketing'],"• Central point of contact and Key Account for the Market Units Spain and Italy on behalf of the central Branding & Advertising team
• Translation, communication, and ...",18/06/2026Madrid (Híbrido)Marketing30.000€ - 39.000€ b/a
https://www.tecnoempleo.com/tecnico-mantenimiento-mecanico-michael-page/mecanica/rf-2397156be26523f08743,Técnico/a Mantenimiento Mecánico,Michael Page,"['mantenimiento', 'mecánica']","• Realizar el mantenimiento preventivo y correctivo de equipos mecánicos en las instalaciones.
• Diagnosticar y solucionar averías mecánicas de manera eficiente.
• ...",18/06/2026ZaragozaTécnico de Mantenimiento
https://www.tecnoempleo.com/developpeur-fullstack-java-vuejs-senior-talan/java/rf-3a951dbf422b0365e74d,Développeur Fullstack Java / Vue.js senior,Talan,"['java', 'vue']","Company Description

Rejoindre Micropole, une entreprise du groupe Talan, c´est intégrer une agence innovante qui accompagne les marques et les entreprises dans leur dé...",18/06/2026BarcelonaProgramador
https://www.tecnoempleo.com/gestor-aplicaciones-sap-fi-co-s-4hana-page-personn/sap-fi-sap-co/rf-d0d51d73d211d387be42,Gestor de Aplicaciones SAP (FI/CO) S/4HANA,Page Personnel,"['SAP', 'SAP FI', 'SAP CO']","• Gestionar y supervisar las aplicaciones SAP (FI/CO) S/4HANA para garantizar un funcionamiento eficiente y continuo.
• Analizar e implementar mejoras en los procesos ...",18/06/2026Madrid (Híbrido)Consultor48.000€ - 72.000€ b/a
https://www.tecnoempleo.com/oficina-tecnica-h-m-d-page-personnel/eplan/rf-19581849321e43e9ca49,Oficina técnica  (H/M/D),Page Personnel,['Eplan'],Diseño de cuadros eléctricos y seguimiento de la fabricación en taller. El diseño incluye tanto los planos eléctricos como los mecánicos. Los cuadros eléctricos son de ...,18/06/2026MadridIngenieros/Industria
https://www.tecnoempleo.com/head-it-ingles-alto-michael-page/erp-crm/rf-85121e6f5243c392a549,HEAD IT-Inglés alto,Michael Page,"['ERP', 'CRM', 'Sistemas']","• Gestionar y supervisar los sistemas tecnológicos de la empresa, asegurando su correcto funcionamiento.
• Planificar y ejecutar proyectos tecnológicos alineados con ...",18/06/2026Madrid (Híbrido)Jefe de Proyecto60.000€ - 90.000€ b/a
https://www.tecnoempleo.com/product-manager-saas-b2b-michael-page/project-manager/rf-7b5615dad26b33137142,Product Manager (SaaS B2B),Michael Page,['Project Manager'],"• Craft and champion a visionary product strategy that aligns with business objectives, particularly in the context of our AEM ambitions.
• Transform market research, ...",18/06/2026Madrid (Híbrido)Jefe de Proyecto48.000€ - 72.000€ b/a
https://www.tecnoempleo.com/program-manager-control-cambios-michael-page/project-sap/rf-60901cab329173bc4244,Program Manager Control de Cambios,Michael Page,"['Project', 'SAP']","Reportando al Head of Product Design, te encargarás:
1. Integración de la cartera de cambios/proyectos de diseño de producto

Canalizar las nuevas solicitudes de cambio ...",18/06/2026MadridJefe de Proyecto
https://www.tecnoempleo.com/senior-support-systems-engineer-michael-page/sistemas/rf-a53c1d73a20fa374404d,Senior Support Systems Engineer,Michael Page,['sistemas'],"Act as the main technical contact for customers
Lead system integration and performance discussions
Diagnose and resolve complex cross-system issues
Manage high-impact ...",18/06/2026Barcelona (Híbrido)Técnico de Sistemas
https://www.tecnoempleo.com/cloud-and-devops-developer-m-f-airbus/ci-cd-docker/rf-9293152fc29bf347194a,Cloud and Devops Developer (m/f),Airbus,"['CI/CD', 'docker', 'Kubernetes']","Job Description:
- Do you want to contribute to a dynamic vision of infrastructure services?
- Do you aspire to work on international projects? Come and shape your career ...",18/06/2026MadridDevOps
https://www.tecnoempleo.com/data-engineer-data-analyst-for-sepblac-gmv/cloudera-spark/rf-dccd1308227f43565f4f,Data Engineer/Data Analyst for SEPBLAC,GMV,"['Cloudera', 'Spark', 'Kafka']","Los Transformers no existen, al menos todavía, ¿quieres ser culpable de una posible guerra interplanetaria? Estamos ampliando nuestros equipos en el sector Data & Analytics ...",18/06/2026Madrid (Híbrido)Big Data
https://www.tecnoempleo.com/ingeniero-proyecto-hays/autocad-solidworks/rf-4d7b161fc2c7c36e3248,Ingeniero de Proyecto,HAYS,"['AutoCAD', 'SolidWorks']","Desde Hays estamos en búsqueda de Ingenieros/as de Proyectos con experiencia en entornos productivos, interesados en incorporarse a un proyecto estable en la zona de Valencia...",18/06/2026ValenciaIngenieros/Industria
https://www.tecnoempleo.com/pm-infra-telco-hays/gis/rf-1a3e1c123297d3972c4b,PM Infra Telco,HAYS,['GIS'],"Desde HAYS estamos colaborando con una empresa líder en el sector telecomunicaciones e infraestructuras, enfocada en grandes programas de transformación de red a nivel ...",18/06/2026100% remotoJefe de Proyecto
https://www.tecnoempleo.com/director-general-michael-page/ingenieria-tecnologia/rf-afcc1341c2cff3b9a14e,Director General,Michael Page,"['Ingeniería', 'Tecnología']","• Liderazgo de las líneas de negocio existentes comprometiéndose con la misión, visión y los valores de la empresa.
• Búsqueda y potenciación de nuevas opciones de ...",18/06/2026EspañaJefe de Proyecto
https://www.tecnoempleo.com/ai-agentic-engineer-ods-santander/python-llm/rf-2e821826f2e14388474d,AI Agentic Engineer - ODS,Santander,"['Python', 'LLM', 'RAG']","AI Agentic Engineer - ODS

Country: Spain

IT STARTS HERE

Santander (www.santander.com) is evolving from a global, high-impact brand into a technology-driven ...",18/06/2026MadridInteligencia Artificial/Machine Learning
https://www.tecnoempleo.com/arquitecto-tecnico-java-ia-remoto-ust/python-springboot/rf-38ec161c92bea3df044b,Arquitecto técnico (Java/IA) - Remoto,UST,"['Java', 'Python', 'SpringBoot']","¡Seguimos buscando talento…y nos encantaría que te unieras a nuestro equipo!

Para que nos conozcas algo mejor, UST es una multinacional norteamericana certificada como ...",18/06/2026MadridArquitecto TIC
https://www.tecnoempleo.com/responsable-mantenimiento-michael-page/industrial/rf-ca18188752e3e3ca3049,Responsable de Mantenimiento,Michael Page,['industrial'],"• Planificar y supervisar las actividades de mantenimiento preventivo y correctivo de los equipos e instalaciones.
• Gestionar y coordinar al equipo técnico de ...",18/06/2026ZaragozaIngenieros/Industria
https://www.tecnoempleo.com/data-ai-strategy-enterprise-ai-architect-accenture/python-sql/rf-d9cc169ce2d213eca146,Data & AI Strategy Enterprise AI Architect,Accenture,"['Python', 'SQL', 'AWS']","Are you ready to design and scale the Data & AI backbone of next-generation intelligent enterprises?

At Accenture, we are reinventing organizations through data, cloud, and...",18/06/2026BarcelonaArquitecto TIC
https://www.tecnoempleo.com/project-lead-empresa-digitalizacion-page-personnel/project-manager-tcp-ip/rf-bf21177e32ec93e7cc4a,Project Lead- Empresa digitalización,Page Personnel,"['Project Manager', 'TCP/IP']","Perfil buscado (Hombre/Mujer)

• Ejecución de proyectos de ingeniería (implantación de software y hardware)
• Documentación de proyectos para soporte post-venta...",18/06/2026Barcelona (Híbrido)Jefe de Proyecto42.000€ - 45.000€ b/a
https://www.tecnoempleo.com/consultor-sap-fi-cliente-final-michael-page/sap-fi-hana/rf-9e3d1ab9427a33325b41,Consultor/a SAP FI (Cliente Final),Michael Page,"['SAP', 'SAP FI', 'HANA']","Perfil buscado (Hombre/Mujer)

• Soporte y mantenimiento del módulo SAP FI en entorno SAP R/3
• Participación en proyectos SAP y mejora continua de sistemas
• Aná...",18/06/2026GipuzkoaConsultor
https://www.tecnoempleo.com/cmdb-governance-specialist-michael-page/itsm-servicenow/rf-dad110aff21153b9e640,CMDB Governance Specialist,Michael Page,"['CMDB', 'ITSM', 'ServiceNow']","• Take ownership of the CMDB framework, including governance models, standards, and policies, ensuring configuration data remains accurate, complete, and ready for audit ...",18/06/2026Barcelona (Híbrido)Consultor
https://www.tecnoempleo.com/programador-sap-abap-remoto-grupo-digital/sap-s-4hana/rf-b5551b98f2a3937d7240,Programador/a SAP ABAP. Remoto,Grupo Digital,"['sap', 'abap', 'sap s/4hana']","Descripción
¿Quieres participar en proyectos de transformación SAP S/4HANA con foco en logística y finanzas?
Buscamos un/a Programador/a SAP ABAP Senior con experiencia s...",18/06/2026100% remotoConsultor
https://www.tecnoempleo.com/tecnico-sistemas-linux-perl-bash-adabas-grupo-digi/natural/rf-3db218e7c205d3cba242,Tecnico/a Sistemas Linux (Perl / Bash / Adabas),Grupo Digital,"['linux', 'perl', 'bash']","Descripción
en GP DIGITAL buscamos para cliente del sector IT

Técnico/a de Sistemas Linux 
(Perl / Bash / Adabas-Natural) 

Buscamos un/a Técnico/a de Sistemas con ...",18/06/2026Madrid (Presencial)Programador
https://www.tecnoempleo.com/ai-senior-specialist-m-f-d-basf/llm/rf-5ec81bedf2bd03ae2349,AI Senior Specialist (m/f/d),BASF,"['AI', 'LLM']","WELCOME TO BASF

BASF At BASF Digital Hub Madrid we develop innovative digital solutions for BASF, create new exciting customer experiences and business growth, and drive ...",18/06/2026MadridInteligencia Artificial/Machine Learning
https://www.tecnoempleo.com/product-owner-business-analyst-ust/business-analysis-agile/rf-aac311dc02a9a3c55d4b,Product Owner/Business Analyst,UST,"['business analysis', 'agile', 'jira']","¡Seguimos buscando talento…y nos encantaría que te unieras a nuestro equipo!

Para que nos conozcas algo mejor, UST es una multinacional norteamericana certificada como ...",18/06/2026MadridResponsable de Producto
https://www.tecnoempleo.com/computer-vision-engineer-hays/python-pytorch/rf-24b31a9ca26043d8274c,Computer Vision Engineer,HAYS,"['Python', 'PyTorch', 'C++']","Tu nueva empresa
Formarás parte de una compañía tecnológica innovadora con un fuerte enfoque en I+D, especializada en el desarrollo de soluciones de inteligencia ...",18/06/2026BarcelonaInteligencia Artificial/Machine Learning
https://www.tecnoempleo.com/ingeniero-tecnico-proyectos-hays/autocad/rf-15991ed7026493b20d40,Ingeniero/a Técnico/a de Proyectos,HAYS,['AutoCAD'],"Tu nueva empresa Asociación empresarial de referencia que agrupa a empresas y autónomos del sector de las instalaciones.

Tu nuevo puesto Como Ingeniero/a Técnico/a de ...",18/06/2026Barcelona (Presencial)Ingenieros/Industria39.000€ - 45.000€ b/a
https://www.tecnoempleo.com/administrador-sistemas-swift-page-personnel/windows-linux/rf-c80d106da29f33f0a54f,Administrador de Sistemas (Swift),Page Personnel,"['Swift', 'Windows', 'Linux']","• Administrar y mantener la infraestructura de sistemas y servidores para garantizar su correcto funcionamiento.
• Gestionar y optimizar los sistemas de almacenamiento y ...",18/06/2026Andorra La VellaTécnico de Sistemas45.000€ - 54.000€ b/a
https://www.tecnoempleo.com/pm-tecnico-python-spypark-sector-publico-michael-p/spark-pyspark/rf-d160125052e45331b74c,PM técnico Python/ Spypark (Sector Público),Michael Page,"['Python', 'Spark', 'PySpark']","• Buscamos un/a Project Manager Big Data / Senior Data Engineer que será responsable de liderar y gestionar varios proyectos en el ámbito Big Data, aportando tanto visión...",18/06/2026100% remotoJefe de Proyecto39.000€ - 54.000€ b/a
https://www.tecnoempleo.com/programador-fullstack-java-typescript-digital-tale/javascript-apis-rest/rf-7e7f16c87208a3989445,Programador/a Fullstack (Java / Typescript),Digital Talent Agency,"['java', 'javascript', 'apis rest']","Descripción
¡Hola! 👋
 ¿Eres un/a crack del desarrollo Fullstack con ganas de comerte el mundo 🚀? 

¡En Zemsania estamos buscando talento como el tuyo para unirse a ...",18/06/2026Madrid (Híbrido)Programador
https://www.tecnoempleo.com/model-validation-quantitative-analyst-julius-baer/python-r/rf-8d0e1b3e62825370cf46,Model Validation Quantitative Analyst,Julius Baer,"['Python', 'R', 'SQL']","At Julius Baer, we celebrate and value the individual qualities you bring, enabling you to be impactful, to be entrepreneurial, to be empowered, and to create value beyond ...",18/06/2026MadridAnalista Programador
https://www.tecnoempleo.com/devops-engineer-deloitte/terraform-cloudformation/rf-6b101cc17272d32bd84f,DevOps Engineer,Deloitte,"['Terraform', 'CloudFormation', 'Jenkins']","Te imaginas participando en la transformación de las principales organizaciones nacionales e internacionales?

En Deloitte estamos comprometidos con generar un impacto en ...",18/06/2026MadridDevOps
https://www.tecnoempleo.com/fullstack-developer-microservicios-angular-grupo-d/java/rf-8704181ce286f3a6c642,FullStack Developer (Microservicios/Angular),Grupo Digital,"['microservicios', 'java', 'angular']","Descripción
Buscamos un perfil Full Stack con experiencia en backend Java y frontend Angular para incorporarse a un equipo internacional con modalidad híbrida en Málaga.

...",18/06/2026Málaga (Híbrido)Programador
https://www.tecnoempleo.com/desarrollador-python-digital-talent-agency/react-sql/rf-a37f10ec42bff36b6440,Desarrollador/a Python,Digital Talent Agency,"['python', 'react', 'sql']","Descripción
Desarrollador/a Python • SQL • React | 3 días presencial Sevilla (La Cartuja)Contratación por Zemsania para uno de nuestros clientes

🎓 Titulación ...",18/06/2026Sevilla (Híbrido)Programador
https://www.tecnoempleo.com/tecnico-ciberseguridad-qualys-sopra-steria/ciberseguridad/rf-39451436e23253282c48,Técnico/a Ciberseguridad Qualys,Sopra Steria,"['Ciberseguridad', 'Qualys']","Descripción de la empresa

Porque trabajar en Sopra Steria, también es sentir Sopra Steria.

Somos un reconocido líder europeo en consultoría, servicios digitales y ...",18/06/2026MadridCiberseguridad
https://www.tecnoempleo.com/ingeniero-infraestructura-it-h-m-michael-page/microsoft-intune-microsoft-3/rf-ff7f1c61321c03d18043,Ingeniero/a de Infraestructura IT (h/m),Michael Page,"['Microsoft Intune', 'Microsoft 365', 'Active Directory']","• Administración y evolución de Microsoft Intune, Microsoft 365 y servicios asociados al puesto digital.
• Administración de plataformas de identidad y acceso ...",18/06/2026Bizkaia (Híbrido)Técnico de Sistemas
https://www.tecnoempleo.com/senior-director-ai-cloud-compute-services-astrazen/aws-azure/rf-d1961c09426813e55145,"Senior Director, AI Cloud & Compute Services",AstraZeneca,"['AWS', 'Azure', 'GCP']","Introduction to the role

Help shape and scale a multi-cloud AI platform that speeds up the discovery and development of life-changing medicines! This role leads the ...",18/06/2026BarcelonaJefe de Proyecto
https://www.tecnoempleo.com/senior-python-developer-epam/fastapi-graphql/rf-d7c21c556206e361f74e,Senior Python Developer,EPAM,"['Python', 'FastAPI', 'GraphQL']","We´re looking for a Senior Python Developer to join our team in Madrid or Barcelona, Spain in a hybrid working mode.

In this role, you will design and implement secure, ...",18/06/2026Madrid (Híbrido) y otrasProgramador
https://www.tecnoempleo.com/microsoft-f-o-consultant-hays/dynamics-365-azure-devops/rf-ca201de8c29b6324ad44,Microsoft F&O Consultant,HAYS,"['Dynamics 365', 'Azure DevOps', 'BPMN']","As an ERP Consultant, you will play a key role in guiding multiple compañía units through the implementation and rollout of a standardized ERP solution built on Microsoft ...",18/06/2026BarcelonaConsultor
https://www.tecnoempleo.com/analista-pruebas-qa-banca-100-remoto-grupo-digital/iris/rf-c8e719e32276533ba643,Analista de Pruebas QA Banca (100% Remoto),Grupo Digital,"['QA', 'iris']","Descripción
¿Te gustaría participar en proyectos del sector bancario trabajando sobre sistemas críticos y asegurando la calidad funcional de las aplicaciones?
Buscamos un/...",18/06/2026100% remotoTester/QA
https://www.tecnoempleo.com/site-reliability-engineering-ust/devops-aws/rf-a0271be80240e38a264f,Site Reliability Engineering,UST,"['devops', 'aws', 'jenkins']","We are still looking for the very Top Talent…and we would be delighted if you were to join our team!

More in details, UST is a multinational company based in North ...",18/06/2026100% remotoDevOps
https://www.tecnoempleo.com/tecnico-senior-comunicacion-michael-page/marketing/rf-b04b16bed2e7f31eb44d,Técnico/a Senior de Comunicación,Michael Page,['Marketing'],"• Redactar y difundir notas de prensa, comunicados y contenidos dirigidos a medios de comunicación.
• Gestionar la relación con periodistas, agencias y medios ...",18/06/2026GranadaMarketing
https://www.tecnoempleo.com/tecnico-obs-observabilidad-automatizacion-grupo-di/automatizacion/rf-bf36197472539375a543,Tecnico/a OBS Observabilidad & Automatizacion,Grupo Digital,"['automatizacion', 'OBS']","Descripción
en GP DIGITAL buscamos para cliente ser sector publico 

Técnico/a OBS Observabilidad & Automatización 

Técnico/a de explotación para administración y ...",18/06/2026Barcelona (Híbrido)Soporte Técnico
https://www.tecnoempleo.com/programador-plc-senior-page-personnel/hmi-automatizacion/rf-95051f64e2665334cd42,Programador/a PLC senior,Page Personnel,"['PLC', 'HMI', 'Automatización']","En tu día a día te encargarás de la programación y ajuste de PLCs, la integración de sensores y actuadores, el desarrollo de HMI sencillas, la puesta en marcha y la ...",18/06/2026Valladolid (Híbrido)Ingenieros/Industria
https://www.tecnoempleo.com/especialista-dlt-michael-page/blockchain-criptografia/rf-ad5916f552d15337ac47,Especialista de DLT,Michael Page,"['DLT', 'blockchain', 'criptografia']","¿Qué harás?

• Desarrollo e implementación de soluciones basadas en DLT (Distributed Ledger Technology) y blockchain
• Gestión, trazabilidad y gobierno del dato...",18/06/2026BurgosAnalista Programador
https://www.tecnoempleo.com/qa-automation-engineer-page-personnel/playwright-ci-cd/rf-a918164202f573a63541,QA Automation Engineer,Page Personnel,"['Playwright', 'CI/CD', 'API']","• Definir y ejecutar planes de pruebas.
• Desarrollar pruebas automatizadas utilizando Playwright.
• Gestionar y ejecutar pruebas de regresión.
• Validar ...",18/06/2026Madrid (Híbrido)Tester/QA39.000€ - 60.000€ b/a
https://www.tecnoempleo.com/consultor-datos-con-ia-michael-page/sql-sql-server/rf-dff0147472d8f38f5042,Consultor/a de Datos con IA,Michael Page,"['SQL', 'SQL Server', 'ETL']","El candidato ideal tendrá un rol clave en el diseño, implementación y gestión de los procesos de carga de datos y soluciones de reporting, combinando su capacidad técnica...",18/06/2026100% remotoBig Data45.000€ - 54.000€ b/a
https://www.tecnoempleo.com/sr-it-business-analyst-michael-page/python-google-cloud-platform/rf-84d3142212fb83cba449,Sr. IT Business Analyst,Michael Page,"['Python', 'Google Cloud Platform', 'Azure DevOps']","As a Senior Business Analyst / Business Support Specialist - Financial Markets environment, you will:

• Build and maintain sustainable relationships with key stakeholders...",18/06/2026100% remotoAnalista Programador
https://www.tecnoempleo.com/responsable-seccion-robot-soldadura-michael-page/roboguide-fanuc/rf-58631500d2d8030c7943,Responsable de sección (robot de soldadura),Michael Page,"['RoboGuide', 'FANUC']","Perfil buscado

El perfil de responsable de sección (robot de soldadura) tendrá como objetivo:

• Organizar el trabajo diario de la sección según prioridades de ...",18/06/2026HuescaIngenieros/IndustriaJornada intensiva mañana
https://www.tecnoempleo.com/senior-it-data-audit-assurance-deloitte/python-databricks/rf-8f75191a02db232da04e,Senior IT&Data Audit&Assurance,Deloitte,"['Python', 'Databricks', 'Powerapps']","Te imaginas participando en la transformación de las principales organizaciones nacionales e internacionales?

En Deloitte estamos comprometidos con generar un impacto en ...",18/06/2026MadridAnalista
https://www.tecnoempleo.com/director-paradas-montajes-indust-michael-page/project-manager/rf-7fa71784e23a239d224d,Director/a de Paradas y Montajes Indust,Michael Page,['Project Manager'],"• Coordinar y supervisar los procesos de montaje industrial en proyectos de construcción/industrial.
• Garantizar el cumplimiento de los plazos y estándares de calidad ...",18/06/2026CádizJefe de Proyecto
https://www.tecnoempleo.com/analista-programador-net-freelance-nextret/net-sql/rf-394e19ad62d193408043,Analista Programador/a .NET freelance,Nextret,"['.net', 'SQL']","¿Tienes experiencia desarrollando aplicaciones en .NET y SQL y te interesa colaborar en proyectos tecnológicos de forma autónoma? ¡Esta oportunidad puede ser para ti!
 

...",18/06/2026100% remotoAnalista Programador39.000€ - 42.000€ b/aJornada por horasContrato freelance/autónomo
https://www.tecnoempleo.com/senior-frontend-engineer-page-personnel/javascript-typescript/rf-41d61ef7421763c14747,Senior Frontend Engineer,Page Personnel,"['JavaScript', 'TypeScript', 'Vue.js']","• Definir la arquitectura frontend de la plataforma
• Diseñar y evolucionar componentes y flujos de la interfaz
• Garantizar el rendimiento, escalabilidad y calidad ...",18/06/2026León (Híbrido)Programador
https://www.tecnoempleo.com/tecnico-proyectos-pci-h-m-page-personnel/pci/rf-5796124a126523f83d45,Técnico de Proyectos PCI (h/m),Page Personnel,['PCI'],"FUNCIONES:

• Gestión integral de proyectos de PCI, desde la oferta hasta la finalización de la obra.
• Elaboración de mediciones, presupuestos y ofertas técnico-...",18/06/2026Madrid (Presencial)Ingenieros/Industria
https://www.tecnoempleo.com/responsable-sistemas-seguridad-hays/nutanix-vmware/rf-1429177ed2cf3321934b,Responsable Sistemas y Seguridad,HAYS,"['Nutanix', 'VMWare', 'Linux']","Busquem un perfil Responsable de Sistemes i Seguretat per una empresa industrial d´Olot (Garrotxa).

Per garantir que la companyia disposi de la infraestructura tecnolò...",18/06/2026GironaTécnico de Sistemas
https://www.tecnoempleo.com/responsable-produccion-escalado-michael-page/gmp-iso-22716/rf-f3521da942dc03cea74b,Responsable de Producción y Escalado,Michael Page,"['GMP', 'ISO 22716']","• Liderar el área de Producción, asegurando la correcta planificación, ejecución y cumplimiento del plan productivo.
Gestionar y coordinar el escalado industrial de fó...",18/06/2026Barcelona (Presencial)Ingenieros/Industria
https://www.tecnoempleo.com/devops-engineer-fluent-english-cas-training/aws-jenkins/rf-a1121cd472b87348b841,DevOps Engineer (Fluent English),CAS TRAINING,"['AWS', 'JENKINS', 'GITHUB ACTIONS']",As a DevOps Engineer you will collaborate with product development teams. With a focus on automating builds via CI/CD pipelines and getting code into production as quickly and...,18/06/2026Madrid (Híbrido)DevOps42.000€ - 45.000€ b/a
https://www.tecnoempleo.com/fullstack-nodejs-angular-react-o-vue-arelance/nodejs-reactjs/rf-26cb15bea22fd3b72047,FullStack NodeJs - Angular/React o Vue,Arelance,"['Node.js', 'React.js', 'Vue.js']",En Arelance sabemos que las personas son el activo más importante dentro de una empresa y por tanto invertimos muchos esfuerzos en buscar los mejores profesionales para ...,18/06/2026Barcelona (Híbrido) y otrasDesarrollador Web
https://www.tecnoempleo.com/tecnico-electricista-maquinaria-especial-deuser-in/electricidad/rf-4dc11488e2e5f304c048,Técnico/a Electricista Maquinaria Especial,DEUSER (INDRA GROUP),['electricidad'],Buscamos incorporar un/a Técnico/a Electricista Industrial para participar en proyectos de fabricación de maquinaria especial y líneas de producción automatizadas. ...,18/06/2026CórdobaTécnico de Mantenimiento
https://www.tecnoempleo.com/consultor-junior-criptografia-serem/post-quantum/rf-71c51a9e224e63d6304a,Consultor/a junior Criptografía,Serem,"['criptografia', 'post quantum']","En Serem, nos encontramos en búsqueda de un/a Consultor/a junior en criptografía para proyecto remoto.

Requisitos

Formación académica:

Grado o Máster en Ingeniería ...",18/06/2026100% remotoConsultor
https://www.tecnoempleo.com/full-stack-developer-growth-engineer-karhuno-ai/javascript-typescript/rf-4aa01a7c62bf9381a747,Full-Stack Developer / Growth Engineer,Karhuno AI,"['JavaScript', 'TypeScript', 'React']","DearHiringManager.io es un micro-SaaS que ayuda a candidatos a encontrar a la persona responsable de una oferta de empleo, en lugar de depender únicamente de los portales ...",18/06/2026MadridDevOps1.800€ - 2.700€ b/m
https://www.tecnoempleo.com/tembo-it-services-officer-based-in-any-ocba-hub-me/moodle-totara/rf-ee0d10c60267b352bf41,TEMBO IT Services Officer (Based in any OCBA HUB),Médicos Sin Fronteras,"['Moodle', 'Totara', 'Cornerstone']","MAIN PURPOSE 
S/he is responsible for the efficient and effective day-to-day resolution of support tickets, ensuring a high level of user satisfaction by providing timely and ...",18/06/2026Barcelona y otrasTécnico de Sistemas33.000€ - 36.000€ b/aContrato temporal
https://www.tecnoempleo.com/team-leader-con-catalan-fin-semana-sosmatic/ticketing-excel/rf-be001d2982bea3e2aa4c,Team Leader con catalán (fin de semana),Sosmatic,"['ticketing', 'Excel', 'KPI']","Buscamos un/a Supervisor/a de Teleoperadores de Soporte Técnico, responsable de liderar al equipo, garantizando el cumplimiento de objetivos operativos, la calidad del ...",18/06/2026Barcelona (Presencial)Jefe de EquipoJornada media jornada
https://www.tecnoempleo.com/programador-senior-java-kafka-digital-talent-agenc/spring-boot-jpa/rf-1e3b158af25e33e70f41,Programador/a Senior Java Kafka,Digital Talent Agency,"['java', 'kafka', 'spring boot']","¡Únete a nuestro equipo en Zemsania como Desarrollador/a Senior Java Kafka y forma parte de proyectos innovadores!

Buscamos un/a profesional con una sólida experiencia en ...",17/06/2026Málaga (Híbrido) y otrasProgramador
https://www.tecnoempleo.com/solutions-architect-amazon/aws-cloud-computing/rf-c87318b522eb03a11843,Solutions Architect,Amazon,"['AWS', 'cloud computing', 'development']",Solutions Architects (SAs) work hand in hand with AWS customers to help them make the most of the Cloud. They are at the crossroads of business and technology and engage with ...,17/06/2026MadridArquitecto TIC
https://www.tecnoempleo.com/machine-learning-scientist-amazon/machine-learning-python/rf-46f81320c2ce33234f4c,Machine Learning Scientist,Amazon,"['Machine Learning', 'Python', 'Java']","Are you interested in changing how Amazon does marketing - moving beyond platform-optimized broad reach to campaigns that find the right customer, at the right moment, using ...",17/06/2026BarcelonaInteligencia Artificial/Machine Learning
https://www.tecnoempleo.com/consultor-dynamics-365-business-central-hays/dynamics-365-business-central/rf-3f06151cd2b1c321f745,Consultor Dynamics 365 Business Central,HAYS,"['Dynamics 365', 'Business Central']","Desde HAYS estamos colaborando con una consultora tecnológica internacional especializada en el ERP de Microsoft, ubicada en Vizcaya y que está en búsqueda de un perfil ...",17/06/2026Bizkaia (Híbrido)Consultor
https://www.tecnoempleo.com/director-oficina-tecnica-michael-page/ingenieria-autocad/rf-be0a14469254c3cf4b45,Director/a Oficina Técnica,Michael Page,"['ingenieria', 'AutoCAD']","Perfil buscado (Hombre/Mujer)

• Liderar el departamento de Oficina Técnica (6-7 ingenieros eléctricos y mecánicos), asegurando la correcta asignación y priorización ...",17/06/2026BarcelonaIngenieros/Industria
https://www.tecnoempleo.com/cyberark-engineer-empresa-final-michael-page/jenkins-gitlab/rf-ba3510db823573807a4b,CyberArk Engineer - Empresa final,Michael Page,"['CyberArk', 'Jenkins', 'GitLab']","Perfil buscado (Hombre/Mujer)

• Administración y mantenimiento de CyberArk Password Vault (usuarios, políticas, configuración de seguridad).
• Soporte en despliegue...",17/06/2026MadridCiberseguridad36.000€ - 60.000€ b/a
https://www.tecnoempleo.com/consultor-sap-sd-remoto-arelance/sap-sd-sap-mm/rf-4f731851e2b8c3387843,Consultor/a SAP - SD (Remoto),Arelance,"['SAP SD', 'SAP MM']",En Arelance sabemos que las personas son el activo más importante dentro de una empresa y por tanto invertimos muchos esfuerzos en buscar los mejores profesionales para ...,17/06/2026100% remotoConsultor27.000€ - 42.000€ b/a
https://www.tecnoempleo.com/tecnico-seguridad-arelance/bastinado-hardening/rf-851212af621c23d48042,Técnico/a de Seguridad,Arelance,"['Bastinado', 'Hardening', 'Active Directory']",En Arelance sabemos que las personas son el activo más importante dentro de una empresa y por tanto invertimos muchos esfuerzos en buscar los mejores profesionales para ...,17/06/2026MadridCiberseguridad
https://www.tecnoempleo.com/junior-data-analyst-quicksight-hibrido-madrid-seco/amazon-quicksight-pytho/rf-d1df1fc0922eb33b1f46,Junior Data Analyst (Quicksight) - Hibrido Madrid,Second Window,"['Amazon Quicksight', 'Python', 'SQL']","En Second Window, buscamos un perfil de Junior Data Analyst / Data Scientist, analista de BI o rol similar, para incorporarse a un proyecto muy estable y a largo plazo. Esta ...",17/06/2026MadridBig Data
https://www.tecnoempleo.com/tenico-seguridad-microsoft-grupo-sermicro/defender-sentinel/rf-557b1e7d026723ee244d,Ténico/a seguridad MICROSOFT,Grupo Sermicro,"['Defender', 'Sentinel', 'Intune']","Grupo Sermicro somos una empresa Integradora de referencia en Soluciones y Servicios TIC, con más de 40 años de experiencia y presencia internacional. Nuestro objetivo: ...",17/06/2026Madrid (Híbrido)Ciberseguridad
https://www.tecnoempleo.com/desarrollador-bmc-helix-baoss/remedy-itsm/rf-48481870525ec3ec8045,Desarrollador BMC HELIX,Baoss,"['BMC', 'Helix', 'Remedy']",Buscamos un/a Experto/a en BMC Helix para incorporarse a un proyecto estratégico de migración desde Remedy on-premise a entorno Helix centralizado (VNIPM) en un importante ...,17/06/2026100% remotoAdministrador
https://www.tecnoempleo.com/big-data-ia-researcher-developer-remoto-zylk/big-data-linux/rf-5ff81bc9922203d04d47,Big Data IA Researcher Developer (remoto),ZYLK,"['big data', 'Linux', 'Hadoop']","Estamos ampliando nuestros equipos de  I+D y buscamos developers/researchers que tengan interés en desarrollarse profesionalmente en IA, IoT, Edge Computing y Bigdata. ...",17/06/2026100% remotoBig Data
https://www.tecnoempleo.com/tecnico-sistemas-redes-sosmatic/palo-alto-meraki/rf-622910c692b2f3fba940,Técnico sistemas y redes,Sosmatic,"['palo alto', 'meraki', 'secure web gateway']","Un recurso externo 100% dedicado durante un periodo aproximado de 6 meses como mínimo, con inicio previsto a partir de septiembre, para cubrir temporalmente una baja de ...",17/06/2026Barcelona (Híbrido)Soporte TécnicoContrato temporal
https://www.tecnoempleo.com/qa-automation-engineer-temenos-ust/selenium-cucumber/rf-02f51121f254f31b8d47,QA Automation Engineer Temenos,UST,"['Temenos', 'Selenium', 'Cucumber']","We are still looking for the very Top Talent…and we would be delighted if you were to join our team!

More in details, UST is a multinational company based in North ...",17/06/2026Madrid (Híbrido)Tester/QA
https://www.tecnoempleo.com/ingeniero-devops-arelance/openshift-redhat/rf-12eb1b38227c033fe84f,Ingeniero/a DevOps,Arelance,"['Openshift', 'RedHat']",En Arelance sabemos que las personas son el activo más importante dentro de una empresa y por tanto invertimos muchos esfuerzos en buscar los mejores profesionales para ...,17/06/2026MadridDevOps27.000€ - 36.000€ b/a
https://www.tecnoempleo.com/project-control-services-practitioner-cmv-consulto/atlassian-jira/rf-75fd1f1b52b9a390a64c,Project Control Services Practitioner,CMV Consultores,"['Atlassian', 'Jira', 'Confluence']","¿Eres el referente técnico que convierte a Jira en una herramienta de alto rendimiento? Buscamos un Administrador Senior Atlassian para liderar la arquitectura, automatizaci...",17/06/2026100% remotoAdministrador27.000€ - 33.000€ b/a
https://www.tecnoempleo.com/programador-java-nieves-energia/sql-agile/rf-abbc1c530206a33d2a46,Programador/a Java,Nieves Energía,"['Java', 'SQL', 'Agile']","¿Eres un apasionado de la tecnología y quieres crecer en un entorno dinámico?
En nuestra compañía, en plena expansión, buscamos un Programador/a  para incorporarse a ...",17/06/2026BarcelonaAnalista Programador27.000€ - 30.000€ b/a
https://www.tecnoempleo.com/service-manager-it-infraestructura-sistemas-digita/service-manager/rf-931a172752d02386074e,Service Manager IT (Infraestructura & Sistemas),Digital Talent Agency,['Service manager'],"Buscamos un/a Service Manager IT para liderar el gobierno, control y evolución de servicios IT/OT externalizados en un entorno de infraestructura y workplace.

La persona ...",17/06/2026Madrid (Híbrido)Jefe de Proyecto
https://www.tecnoempleo.com/ingeniero-sistemas-trafico-aereo-novanotio/doors-power-bi/rf-d9fc1dc532105321524b,Ingeniero/a de Sistemas de Tráfico Aéreo,Novanotio,"['DOORS', 'Power BI', 'Confluence']","¡Impulsa tu carrera en tecnología con NOVANOTIO!

En NOVANOTIO estamos buscando incorporar un/a Ingeniero/a de Sistemas para participar en proyectos internacionales ...",17/06/2026Asturias (Híbrido) y otrasIngenieros/Industria33.000€ - 36.000€ b/a
https://www.tecnoempleo.com/ai-frontend-engineer-arelance/react-nextjs/rf-992a168d921c63766e45,AI Frontend Engineer,Arelance,"['React', 'Next.js', 'typescript']",En Arelance sabemos que las personas son el activo más importante dentro de una empresa y por ello invertimos grandes esfuerzos en seleccionar a los mejores profesionales y ...,17/06/2026Madrid (Híbrido)Programador30.000€ - 36.000€ b/a
https://www.tecnoempleo.com/tecnico-prl-enyse/cae-office/rf-2e1019cae23ff372d540,Técnico PRL,ENYSE,"['CAE', 'office', 'Nalanda']","En Enyse, empresa líder en el sector ferroviario y especializada en señalización y control de tráfico ferroviario, buscamos incorporar un/a Técnico/a de PRL para la ...",17/06/2026Madrid (Presencial)Técnico de Gestión
https://www.tecnoempleo.com/software-engineer-team-lead-tech-cdmon/php-laravel/rf-1594101e12472369ab4d,Software Engineer Team Lead - Tech,cdmon,"['PHP', 'Laravel', 'Go']","SOBRE NOSOTROS

En cdmon llevamos más de dos décadas construyendo una internet más accesible, segura y eficiente para miles de usuarios en España y el mundo. Somos mucho m...",17/06/2026Barcelona (Híbrido) y otrasJefe de Equipo48.000€ - 72.000€ b/a
https://www.tecnoempleo.com/ingeniero-red-core-panel-sistemas-informaticos/ims-volte/rf-c9e91c51c2df73d41a4e,Ingeniero/a de Red CORE,PANEL Sistemas Informáticos,"['IMS', 'VoLTE', 'GSMA']","🚀 Buscamos un/a Ingeniero/a de Sistemas de Red Core especializado/a en IMS y VoLTE, para participar en el análisis, configuración, validación, pruebas IoT, despliegue y ...",17/06/2026100% remotoRedes
https://www.tecnoempleo.com/consultor-implantador-sw-gestion-empresarial-siste/sql-c/rf-bbad13c0b2d6c3bb2244,Consultor/implantador SW gestión empresarial,"Sistemas de Oficina de Castilla-La Mancha, S.A.","['SQL', 'C#', 'JSon']","En Sistemas de Oficina de Castilla-La Mancha buscamos incorporar una persona con perfil técnico y orientación al cliente para participar en la implantación, soporte y ...",17/06/2026Ciudad RealBase de Datos/DBA
https://www.tecnoempleo.com/analista-arquitecturas-web-practicas-devops-panel-/azure-devops-apex/rf-5f4911cfc267c327ab4e,Analista Arquitecturas web / prácticas DevOps,PANEL Sistemas Informáticos,"['azure devops', 'APEX', 'devops']","🚀 ¡Buscamos talento para Plataforma sector Logístico!
📍 Ubicación: Madrid
🏢 Modalidad: Presencial (4 días) + 1 día de teletrabajo

💡 ¿Qué buscamos?
Perfiles...",17/06/2026Madrid (Híbrido)Analista
https://www.tecnoempleo.com/tecnico-instalador-alarmas-grupo-sermicro/alarmas/rf-50731640825aa3340f4b,Técnico/a Instalador de Alarmas,Grupo Sermicro,['alarmas'],"¡Te invitamos a formar parte de nuestro equipo!
Actualmente estamos buscando un Técnico/a Instalador de Alarmas para trabajar en un servicio para grandes empresas.
Te ...",17/06/2026Valladolid (Presencial)Técnico de MantenimientoContrato obra o servicio
https://www.tecnoempleo.com/administrador-sistemas-redes-tax-information-techn/firewall/rf-87731d2bb2d10302b94a,Administrador/a de sistemas y Redes,TAX INFORMATION TECHNOLOGIES,"['firewall', 'redes']","Si te apetece trabajar en un equipo profesional, experimentado, con compromiso y dinámico, en una empresa con proyección de futuro, espíritu de equipo, vocación de ...",17/06/2026Girona (Presencial)Redes
https://www.tecnoempleo.com/analista-programador-cobol-microfocus-teletrabajo-/db2-rpg/rf-3bf51adb6287c3a79045,Analista programador Cobol Microfocus. Teletrabajo,Second Window,"['Cobol', 'microfocus', 'DB2']","¡Te ofrecemos crecer con nosotros en una de nuestras unidades tecnológicas como Desarrollador Cobol Microfocus, en un puesto muy estable, a largo plazo en una de las ...",17/06/2026100% remotoAnalista Programador33.000€ - 39.000€ b/a
https://www.tecnoempleo.com/analista-tecnico-mainframe-rsi-cmv-consultores/cobol-db2/rf-e4231f1af29c33571b48,Analista Técnico (Mainframe/ RSI),CMV Consultores,"['RSI', 'COBOL', 'DB2']","¿Buscas un proyecto de larga duración en el sector bancario? En nuestra compañía estamos ampliando equipo para dar soporte especializado a RSI, uno de los referentes ...",17/06/2026Madrid (Híbrido) y otrasAnalista Programador
https://www.tecnoempleo.com/desarrollador-cobol-400-rpg-db2-baoss/rsi-as400/rf-19cd1cadf2def310b247,"Desarrollador/a Cobol - AS/400, RPG, DB2",Baoss,"['Cobol', 'RSI', 'COBOL']","Buscamos incorporar Desarrollador/a Cobol con sólida experiencia en AS/400, RPG, DB2. 


🧩 Funciones principales:

 -Experiencia en servicios de mantenimiento/desarrollo ...",17/06/2026Alicante y otrasProgramador
https://www.tecnoempleo.com/tecnico-sistemas-microsoft-365-digital-talent-agen/microsoft-365-entra-id/rf-8f5c1027d299c3465c46,Técnico/a de Sistemas Microsoft 365,Digital Talent Agency,"['Microsoft 365', 'Entra ID', 'Exchange']","En Zemsania, buscamos incorporar un/a Técnico/a de Sistemas Microsoft 365 con experiencia demostrable para unirse a nuestro equipo en Madrid. Si eres un profesional ...",17/06/2026Madrid (Híbrido)Técnico de Sistemas33.000€ - 45.000€ b/a
https://www.tecnoempleo.com/sre-cloud-infraestructura-operacion-ti-cajamar-tec/aws-azure/rf-55b815474248d321dd42,SRE Cloud- Infraestructura y Operación TI,Cajamar Tecnología,"['AWS', 'Azure', 'Google']","En Cajamar Tecnología, necesitamos incorporar a una persona en la oficina Gestión del Servicio (SMO).  
 
¿Qué necesitamos de ti?  
 
•	Titulación universitaria ...",17/06/2026Almería (Híbrido) y otrasTécnico Software
https://www.tecnoempleo.com/it-lead-pmo-baoss/apis-json/rf-fa3d1b92920c23b02744,IT Lead / PMO,Baoss,"['APIs', 'JSON', 'Microservicios']",Buscamos un/a IT Lead / PMO con experiencia en gestión de proyectos tecnológicos dentro del sector asegurador para incorporarse a un equipo responsable de iniciativas de ...,17/06/2026Madrid (Híbrido)Jefe de Equipo
https://www.tecnoempleo.com/data-engineer-experto-en-pyspark-panel-sistemas-in/python/rf-8d231bffe21c1359b14c,Data Engineer experto en PySpark,PANEL Sistemas Informáticos,"['PySpark', 'Python']","🚀 ¡Buscamos Data Engineer experto en PySpark!
Si te apasiona el mundo del dato, disfrutas trabajando con grandes volúmenes de información y quieres dar un salto ...",17/06/2026Madrid (Híbrido)Analista Programador
https://www.tecnoempleo.com/analista-tecnico-mainframe-sector-bancario-cmv-con/rsi/rf-e91d140e12f0f39f5243,Analista Técnico Mainframe (Sector Bancario),CMV Consultores,"['RSI', 'Mainframe', 'Banca']","Estamos gestionando una nueva oportunidad profesional para trabajar con uno de nuestros clientes más importantes del sector tecnológico y bancario, RSI. Buscamos un/a ...",17/06/2026Madrid (Híbrido)Analista Programador
https://www.tecnoempleo.com/qa-senior-tester-sdet-playwright-karate-cas-traini/karate/rf-c62b1237927e93258c46,"QA Senior Tester SDET (Playwright, Karate)",CAS TRAINING,"['karate', 'playwright', 'QA']","Cas Training, empresa de referencia con más de 20 años de experiencia en consultoría tecnológica, outsourcing y formación especializada, selecciona a un/a QA Senior ...",17/06/2026Madrid (Híbrido)Tester/QA33.000€ - 36.000€ b/a
https://www.tecnoempleo.com/analista-programador-oracle-ebs-apex-sedecal/oracle-forms-oracle-reports/rf-4ed91a571277f379f549,Analista Programador ORACLE EBS y APEX,Sedecal,"['Oracle', 'APEX', 'Oracle Forms']","Nos gustaría contar en nuestro equipo con un Analista programador Oracle EBS y APEX que colabore en la evolución y desarrollo de aplicación de soporte a negocio, ...",17/06/2026Madrid (Híbrido)Analista Programador45.000€ - 54.000€ b/a
https://www.tecnoempleo.com/data-engineer-ai-data-cmv-consultores/sql-etl/rf-65cf1509329ab31bba45,Data Engineer (AI & Data),CMV Consultores,"['SQL', 'ETL', 'BigQuery']","¿Te apasiona transformar datos en experiencias memorables para el cliente? Desde CMV Consultores, buscamos un/a Data Engineer con ADN de Telecomunicaciones para liderar la ...",17/06/2026100% remotoBase de Datos/DBA36.000€ - 45.000€ b/a
https://www.tecnoempleo.com/business-consultant-aleman-b2-c1-baoss/aml-cft/rf-cc4411b1b2eb23bac646,Business Consultant - Alemán B2/C1,Baoss,"['AML', 'CFT']",Buscamos Business Consultants especializados en AML/CFT para incorporarse a un proyecto en el ámbito de prevención de blanqueo de capitales y financiación del terrorismo. ...,17/06/2026Madrid y otrasAnalista
https://www.tecnoempleo.com/senior-backend-developer-spring-boot-panel-sistema/java-microservicios/rf-b61914b39299c3a61d41,Senior BackEnd Developer Spring Boot,PANEL Sistemas Informáticos,"['java', 'Spring', 'Microservicios']","🚀 ¡Únete a nuestro equipo como Desarrollador Back-End Senior!
💼 Proyecto: Payment Hubs
📍 Modalidad: 🌐 100% remoto
🌍 Inglés: B2

✅ Lo que buscamos:
🔹 +5 ...",17/06/2026100% remotoAnalista Programador
https://www.tecnoempleo.com/senior-backend-developer-java-versus-e-learning-gr/spring-boot-microservic/rf-fd8d12920227c31e014d,Senior Backend Developer Java,VERSUS E - LEARNING GROUP,"['Java', 'Spring Boot', 'Microservicios']","TÍTULO
Senior Backend Developer Java | Spring Boot & Microservicios

MISIÓN DEL PUESTO
Formarás parte de la evolución tecnológica de nuestra plataforma e-learning, ...",17/06/2026Sevilla y otrasAnalista Programador30.000€ - 36.000€ b/a
https://www.tecnoempleo.com/sre-network-infraestructura-operacion-ti-cajamar-t/lan-wan/rf-8de1115cd2e5a305dc4f,SRE Network_Infraestructura y Operación de TI,Cajamar Tecnología,"['LAN', 'WAN']","En Cajamar Tecnología, necesitamos incorporar a una persona en la oficina Gestión del Servicio (SMO).  

¿Qué necesitamos de ti?  

Titulación universitaria relacionada...",17/06/2026Almería (Híbrido) y otrasTécnico de Sistemas
https://www.tecnoempleo.com/administrador-senior-control-m-serem/control-m-aws/rf-7b181d55220d438b814a,Administrador/a senior Control M,Serem,"['Control M', 'AWS', 'Remedy']","En serem estamos comprometidos con diversos proyectos y queremos contar con los mejores profesionales del sector.

Actualmente, nos encontramos en la búsqueda de un/a ...",17/06/2026Madrid (Híbrido)Administrador
https://www.tecnoempleo.com/desarrollador-frontend-angular-baoss/html5-css3-javascript/rf-193f16cf3277a3071d47,Desarrollador/a Frontend (Angular),Baoss,"['HTML5', 'CSS3 JavaScript', 'TypeScript']","Desarrollador/a Frontend (Angular) 

📍 Ubicación: Oviedo o Vigo
🏠 Modalidad: Híbrido (2-3 días remoto)
💼 Tipo de contrato: Indefinido

🚀 Descripción

Buscamos ...",17/06/2026Asturias (Híbrido) y otrasDesarrollador Web
https://www.tecnoempleo.com/tecnico-electronico-para-validacion-arelance/electronica-ticketing/rf-b39b1abd62e173a2d64f,Técnico electrónico para validación,Arelance,"['electronica', 'ticketing', 'automatizacion']",En Arelance sabemos que las personas son el activo más importante dentro de una empresa y por tanto invertimos muchos esfuerzos en buscar los mejores profesionales para ...,17/06/2026Madrid (Presencial)Electrónica18.000€ - 21.000€ b/a
https://www.tecnoempleo.com/intern-integration-engineer-f-m-d-axpo-group/java-mulesoft/rf-fae41004925bf36a4f4b,Intern Integration Engineer (f/m/d),Axpo Group,"['Java', 'MuleSoft', 'REST API']","Duration: 6 months

Join Axpo, Switzerland´s largest producer of renewable energy and a global leader in energy trading, to kickstart your career in IT integration. Gain ...",17/06/2026Madrid (Híbrido)Programador
https://www.tecnoempleo.com/tecnico-it-jr-empresa-final-michael-page/microsoft-365-azure/rf-ca0012ac1252c3ccac48,Técnico IT JR - Empresa final,Michael Page,"['Microsoft 365', 'Azure', 'Intune']","• Gestionar y mantener el correcto funcionamiento de los equipos informáticos y periféricos.
• Proporcionar soporte técnico a usuario. (Sistemas, redes y microinformá...",17/06/2026Madrid (Presencial)Redes24.000€ - 30.000€ b/a
https://www.tecnoempleo.com/frontend-senior-developer-shopify-michael-page/html-css/rf-9f461cbf922523cf2a40,Frontend Senior developer Shopify,Michael Page,"['Shopify', 'HTML', 'CSS']","Perfil buscado (Hombre/Mujer)

• Desarrollar y optimizar interfaces Shopify usando Liquid OS 2.0, HTML/SCSS, JavaScript ES6+ y React (Checkout & Account Extensions).
• ...",17/06/2026BarcelonaDesarrollador Web
https://www.tecnoempleo.com/cybersecurity-operations-manager-michael-page/soc-siem/rf-cd3a1b13f23683b26849,Cybersecurity Operations Manager,Michael Page,"['SOC', 'SIEM', 'EDR']","• Liderar las operaciones de ciber seguridad del SOC.
• Gestionar incidentes de seguridad, coordinando detección, respuesta, escalado y recuperación, así como soporte ...",17/06/2026Barcelona (Presencial)Ciberseguridad
https://www.tecnoempleo.com/responsable-infraestructuras-it-michael-page/openstack-linux/rf-77f31f356270c3c1b24e,Responsable de infraestructuras IT,Michael Page,"['OpenStack', 'Linux', 'Kubernetes']","• Definir, evolucionar y asegurar la estrategia de infraestructura tecnológica de ALISYS, garantizando la disponibilidad, escalabilidad y seguridad de los servicios ...",17/06/2026100% remotoTécnico de Sistemas
https://www.tecnoempleo.com/it-project-manager-michael-page/agile/rf-af2d148c026c332e834f,IT Project Manager,Michael Page,['agile'],"• Liderar y gestionar proyectos IT desde la planificación hasta su implementación.
• Coordinar equipos multidisciplinares en entornos tecnológicos avanzados.
• ...",17/06/2026Barcelona (Híbrido)Jefe de Proyecto
https://www.tecnoempleo.com/programador-robot-page-personnel/kuka-abb/rf-e2d2196ec20353e27b40,Programador/a de Robot,Page Personnel,"['KUKA', 'ABB', 'Fanuc']","• Programación y puesta en marcha de robots industriales, principalmente KUKA (80%), y en menor medida ABB, Fanuc u otros.
• Trabajo bajo estándares VASS: VASS 5, 6 y 7...",17/06/2026Barcelona (Híbrido)Programador33.000€ - 45.000€ b/a
https://www.tecnoempleo.com/power-apps-developer-remoto-grupo-digital/power-apps-power-platform/rf-42d7161fa2b893cbe549,Power Apps Developer (Remoto),Grupo Digital,"['power apps', 'power platform']","Descripción
Trabaja en soluciones low-code de alto impacto con el ecosistema Microsoft.
Proyecto estable donde podrás diseñar, automatizar y optimizar aplicaciones ...",17/06/2026100% remotoProgramador
https://www.tecnoempleo.com/i-m-project-manager-canada-michael-page/project-manager/rf-0df81f8ca2bd838fd24b,I&M Project Manager - Canadá,Michael Page,['Project Manager'],"• Gestionar y supervisar proyectos de instrumentación y monitorización en el sector ingenieril.
• Coordinar equipos técnicos y proveedores externos para garantizar el ...",17/06/2026OntarioIngenieros/Industria60.000€ - 80.000€ b/a
https://www.tecnoempleo.com/ssr-data-engineer-talan/scala-spark/rf-98251cb8623aa3be194f,SSR Data Engineer,Talan,"['SCALA', 'SPARK', 'ETL']","Company Description

Talan - Positive Innovation

Talan is an international consulting group specializing in innovation and business transformation through technology. ...",17/06/2026MálagaBig Data
https://www.tecnoempleo.com/seo-specialist-page-personnel/marketing/rf-fbb51094c2aac3f4314c,SEO Specialist,Page Personnel,"['SEO', 'marketing']","• Definir, ejecutar y optimizar la estrategia de contenidos SEO con foco en IA
• Investigación, selección y optimización continua de keywords
• Uso de herramientas ...",17/06/2026Madrid (Híbrido)Marketing24.000€ - 27.000€ b/a
https://www.tecnoempleo.com/tecnico-en-cumplimiento-normativo-l-berit/rgpd-lopdgdd/rf-ea02146d82b9d3814548,Técnico/a en Cumplimiento normativo,LÃBERIT,"['RGPD', 'LOPDGDD']","Técnico/a de Cumplimiento Normativo/Ciberseguridad

 Buscamos un/a Técnico/a especializado en Cumplimiento Normativo para nuestro equipo de Ciberseguridad. En este puesto, ...",17/06/2026Valencia (Híbrido)Administrativo
https://www.tecnoempleo.com/project-manager-industralizacion-electronica-page-/project-manager-mecatro/rf-8e3316fc121383c9584b,Project Manager Industralización (Electrónica),Page Personnel,"['project manager', 'mecatronica', 'automatizacion']","• Gestionar proyectos asignados durante la fase de industrialización, asegurando la correcta transición entre el diseño del producto electrónico y su implementación ...",17/06/2026Madrid (Presencial)Electrónica30.000€ - 36.000€ b/a
https://www.tecnoempleo.com/consultor-sap-michael-page/hana/rf-23dd11b152e6d3202545,Consultor/a SAP,Michael Page,"['sap', 'hana']","Perfil buscado (Hombre/Mujer)

• Liderar proyectos SAP asignados en entorno S/4HANA
• Recoger y traducir necesidades de negocio en procesos de sistema
• Parametrizar...",17/06/2026EspañaConsultor
https://www.tecnoempleo.com/ingeniero-mantenimiento-preventivo-michael-page/gmao/rf-4f071483c2dd931e7441,Ingeniero de mantenimiento de Preventivo,Michael Page,['GMAO'],"Diseñar, implementar y optimizar el plan de mantenimiento preventivo de la planta.

Desarrollar e impulsar estrategias de mantenimiento predictivo.

Analizar averías ...",17/06/2026BarcelonaTécnico de Mantenimiento
https://www.tecnoempleo.com/vulnerability-analyst-ust/tenable-blackduck/rf-5e39165992264342ce44,Vulnerability Analyst,UST,"['Tenable', 'Blackduck', 'Nucleus']","We are looking for the very Top Talent…and we would be delighted if you were to join our team!

More in details, UST is a multinational company based in North America, ...",17/06/2026Madrid (Híbrido) y otrasTester/QA
https://www.tecnoempleo.com/system-security-analyst-devoteam/dora-gdpr/rf-9b2513f0d24a43327a4a,System & Security Analyst,Devoteam,"['DORA', 'GDPR', 'OWASP']","Descripción de la empresa

Devoteam es una consultora europea líder enfocada en estrategia digital, plataformas
tecnológicas, ciberseguridad y transformación ...",17/06/2026100% remotoCiberseguridad
https://www.tecnoempleo.com/master-data-specialist-page-personnel/sap-office/rf-e63e12c522f0d3dc8f4e,Master Data Specialist,Page Personnel,"['SAP', 'Office', 'Excel']","• Gestión end‑to‑end de datos maestros: alta, modificación, enriquecimiento y mantenimiento según estándares.
• Procesamiento y seguimiento de solicitudes de ...",17/06/2026Madrid (Híbrido)Analista27.000€ - 39.000€ b/aContrato temporal
https://www.tecnoempleo.com/programador-angular-gran-proyecto-it-michael-page/angular/rf-10f21fc7f29a23e98c47,Programador Angular - Gran proyecto IT,Michael Page,['Angular'],"Perfil buscado (Hombre/Mujer)

• Desarrollar y mantener aplicaciones web utilizando Angular como framework principal.
• Colaborar con el equipo de desarrollo para ...",17/06/2026Madrid (Híbrido)Programador
https://www.tecnoempleo.com/programador-fullstack-react-nodejs-hays/nestjs-typescript/rf-71e4148ac22e7346b746,Programador/a Fullstack React/Node.js,HAYS,"['React', 'NestJS', 'TypeScript']","Tu nueva empresa
Estamos colaborando con una compañía especializada en ofrecer servicios tecnológicos aplicados al marketing en entorno físico, trabajando con grandes ...",17/06/2026Barcelona (Híbrido)Programador30.000€ - 36.000€ b/a
https://www.tecnoempleo.com/google-cloud-data-engineer-sector-cosmetica-devote/google-cloud-platform-g/rf-b45f105bd2fa43183745,Google Cloud Data Engineer (sector cosmética),Devoteam,"['Google Cloud Platform', 'GCP', 'ETL']","Descripción de la empresa

Devoteam es una consultora europea líder especializada en estrategia digital, plataformas tecnológicas, ciberseguridad y transformación ...",17/06/2026MadridBig Data
https://www.tecnoempleo.com/ingeniero-tecnico-superior-page-personnel/ingenieria-industrial/rf-84b01125d2f343322c45,Ingeniero Técnico Superior,Page Personnel,"['Ingeniería', 'Industrial']","• Supervisar y optimizar los procesos de producción en el área de Ingeniería y Fabricación.
• Implementar mejoras técnicas para maximizar la eficiencia y la calidad...",17/06/2026MálagaIngenieros/Industria
https://www.tecnoempleo.com/tecnico-sistemas-michael-page/windows-server-sql-server/rf-6f03135442a1b3133b42,Técnico de Sistemas,Michael Page,"['Windows Server', 'SQL Server', 'VPN']","La persona seleccionada se responsabilizará de las siguientes funciones:

• Mantenimiento, supervisión y gestión del CPD (Centro de Procesamiento de Datos).
• ...",17/06/2026AlmeríaRedes
https://www.tecnoempleo.com/ingeniero-i-d-agricola-bioenergia-page-personnel/gis-i-d/rf-e7421eb5e22d73147b46,Ingeniero/a I+D Agrícola y Bioenergía,Page Personnel,"['GIS', 'I+D']","Perfil buscado (Hombre/Mujer)

Las principales funciones que desarrollarás son:

• Gestión y desarrollo de proyectos ambientales y agroindustriales.
• Participació...",17/06/2026ValenciaI+D30.000€ - 36.000€ b/a
https://www.tecnoempleo.com/marketing-coordinator-empresa-industrial-page-pers/rrss/rf-a9fc1f6eb270e398894d,Marketing Coordinator - Empresa industrial,Page Personnel,"['marketing', 'RRSS']","En este puesto, como Coordinador/a de Marketing (B2B) - Mercado Español, serás responsable de construir, mantener y hacer crecer la comunidad de clientes y prospectos de la ...",17/06/2026Madrid (Híbrido)Marketing30.000€ - 33.000€ b/a
https://www.tecnoempleo.com/data-engineer-f-m-d-axpo-group/python-java/rf-ba6a1896a24e23f08b4a,Data Engineer(f/m/d),Axpo Group,"['Python', 'Java', 'Scala']",Empower HR to make data-driven decisions! Join us as a Data Engineer and play a key role in building and optimizing data pipelines and architectures that enable advanced ...,17/06/2026MadridBig Data
https://www.tecnoempleo.com/ingeniero-procesos-junior-page-personnel/ingenieria/rf-4ae814cdd257b3fdd24f,Ingeniero/a de procesos junior,Page Personnel,['ingenieria'],"Las principales funciones que realizarás como Ingeniero/a de procesos junior son:

• Apoyar en el análisis y optimización de procesos productivos.
• Colaborar con ...",17/06/2026ValenciaIngenieros/Industria
https://www.tecnoempleo.com/ingeniero-diseno-producto-page-personnel/solidworks-autocad/rf-ba8a1cddc2ab93e08944,Ingeniero/a de Diseño de Producto,Page Personnel,"['Solidworks', 'Autocad', 'Revit']","Perfil buscado (Hombre/Mujer)

Como Ingeniero/a de Producto deberás llevar a cabo las siguientes responsabilidades:

• Diseñar y desarrollar productos dentro del ...",17/06/2026AlicanteIngenieros/Industria
https://www.tecnoempleo.com/low-speed-aircraft-performance-software-developer-/fortran-python/rf-51921a19f22be3c33f42,Low-Speed Aircraft Performance Software Developer,Airbus,"['Fortran', 'Python', 'Linux']","Job Description:

An opportunity for a Software Developer has arisen within Airbus Operations, Getafe (Madrid). The selected candidate will join the Airbus Flight Physics ...",17/06/2026MadridProgramador
https://www.tecnoempleo.com/tecnico-mantenimiento-industrial-page-personnel/mantenimiento/rf-d53c1f8dd21863a7544f,Técnico de mantenimiento industrial,Page Personnel,['mantenimiento'],"Perfil buscado (Hombre/Mujer)

Mantenimiento preventivo y correctivo de las líneas de producción. 

Detección y solución de averías.
• Importante multinacional ...",17/06/2026MadridIngenieros/Industria
https://www.tecnoempleo.com/microsoft-dynamics-365-developer-page-personnel/dynamics-365-power-platfor/rf-af7f18a222a693d50f49,Microsoft Dynamics 365 Developer,Page Personnel,"['Dynamics 365', 'Power Platform', 'C#']","Como Microsoft Dynamics 365 CRM Developer, serás responsable del desarrollo, evolución y mantenimiento de soluciones CRM enterprise dentro del ecosistema Dynamics 365 ...",17/06/2026Madrid (Híbrido)Programador33.000€ - 42.000€ b/a
https://www.tecnoempleo.com/manager-bim-michael-page/revit/rf-3dfd14828263d3d01b46,Manager BIM,Michael Page,"['BIM', 'Revit']","Perfil buscado (Hombre/Mujer)

Misión

Implantación BIM de los proyectos de Obra Civil (carreteras, ferroviario, drenaje y estructuras asociadas), asegurando estándares...",17/06/2026BizkaiaIngenieros/Industria
https://www.tecnoempleo.com/director-supply-chain-hays/lean-supply-chain/rf-dff716b9e273631bd74d,Director/a de Supply Chain,HAYS,"['Lean', 'Supply Chain']","Tu nueva empresa
Importante empresa industrial ubicada en Pamplona.

Tu nuevo puesto
Te encargarás de definir, liderar e impulsar la estrategia integral de Supply Chain, ...",17/06/2026NavarraIngenieros/Industria
https://www.tecnoempleo.com/responsable-calidad-michael-page/iso/rf-6c981923926d73b9b84e,Responsable Calidad,Michael Page,"['calidad', 'ISO']","Las principales funciones que realizarás como Responsable de calidad en Alcoy son:

• Asegurar que los productos y los procesos cumplen con todas las normativas y está...",17/06/2026AlicanteConsultor
https://www.tecnoempleo.com/desarrollador-java-microservicios-gfr-technologies/java/rf-2c60122e22a103c06143,Desarrollador/a Java Microservicios,GFR Technologies SE,"['java', 'microservicios']","GFT es una compañía pionera en transformación digital que desarrolla soluciones sostenibles basadas en nuevas tecnologías, como la inteligencia artificial y blockchain/DLT...",17/06/2026BarcelonaProgramador
https://www.tecnoempleo.com/ingeniero-tecnico-industrial-hays/automatizacion/rf-16fc1a007290e318e949,Ingeniero/a Técnico/a Industrial,HAYS,['Automatizacion'],"Desde Hays estamos colaborando con una empresa industrial en pleno crecimiento, sólida y con fuerte presencia. Buscamos incorporar un/a Ingeniero/a Técnico/a Industrial para...",17/06/2026AlbaceteIngenieros/Industria24.000€ - 30.000€ b/a
https://www.tecnoempleo.com/resp-mantenimiento-interino-michael-page/plc-scada/rf-378110d8320873a6f14b,Resp. de Mantenimiento interino,Michael Page,"['PLC', 'SCADA', 'GMAO']","Reportando a la Dirección de Planta, gestionará un equipo propio de técnicos internos y proveedores externos especializados.

Responsabilidades principales

• Gestió...",17/06/2026Asturias (Presencial)Ingenieros/IndustriaContrato temporal
https://www.tecnoempleo.com/sales-engineer-michael-page/ingenieria-industrial-mecanica/rf-d4431dc50275432f024d,Sales Engineer,Michael Page,"['Ingeniería Industrial', 'Mecánica']","• Gestionar la actividad comercial en la zona de Cataluña, desarrollando negocio en clientes industriales y de transporte.
• Identificar nuevas oportunidades de mercado ...",17/06/2026BarcelonaIngenieros/Industria
https://www.tecnoempleo.com/ingeniero-hw-fw-sector-aeroespacial-page-personnel/hardware-electronica/rf-5d43102f628f43b3144c,Ingeniero HW FW- Sector aeroespacial,Page Personnel,"['Hardware', 'electrónica', 'PCB']","Las funciones que desarrollará el Ingeniero/a Electrónico/a de Hardware serán las siguientes:

• Diseño y desarrollo de hardware electrónico analógico, digital y de ...",17/06/2026BarcelonaElectrónica
https://www.tecnoempleo.com/fullstack-software-engineer-ust/reactjs-typescript/rf-5c361cb502ae034fda4f,FullStack Software Engineer,UST,"['reactjs', 'typescript', 'springboot.']","We are looking for the very Top Talent…and we would be delighted if you were to join our team!

More in details, UST is a multinational company based in North America, ...",17/06/2026Madrid (Híbrido)Programador
https://www.tecnoempleo.com/consultor-sap-pp-michael-page/sap/rf-564e1ca332cc2314544a,Consultor SAP PP,Michael Page,['SAP'],"Perfil buscado (Hombre/Mujer)

Actuar como punto de conexión entre negocio e IT en el ámbito de fabricación.

Liderar proyectos SAP de principio a fin (end-to-end).

...",17/06/2026BarcelonaConsultor
https://www.tecnoempleo.com/senior-scrum-master-ecommerce-knowmad-mood/kanban-agile/rf-eb141e5042675350b741,Senior Scrum Master - Ecommerce,knowmad mood,"['Scrum', 'Kanban', 'Agile']","We are knowmad mood! 

 Somos una compañía líder en transformación digital, en constante evolución y a la vanguardia de la tecnología. 

Buscamos un/a Senior Scrum ...",17/06/2026100% remotoJefe de Equipo
https://www.tecnoempleo.com/programador-plc-siemens-omron-page-personnel/tia-portal-fanuc/rf-a9d510315240b32f894e,Programador PLC Siemens y Omron,Page Personnel,"['PLC', 'TIA Portal', 'Siemens']","Programación de PLCs principalmente con TIA Portal (Siemens) y Omron.
Desarrollo y modificación de programas de automatización industrial.
Puesta en marcha de ...",17/06/2026MadridIngenieros/Industria
https://www.tecnoempleo.com/planificador-produccion-michael-page/atex/rf-59141863d26373e98e42,Planificador de Producción,Michael Page,['ATEX'],"Supervisar y coordinar la actividad productiva diaria en planta.

Gestionar y dar soporte directo a los jefes de turno, definiendo prioridades y asegurando la correcta ...",17/06/2026Barcelona (Presencial)Ingenieros/Industria
https://www.tecnoempleo.com/consultor-wms-sga-manhattan-grupo-digital/wms/rf-c4871613a263a31b5449,Consultor/a WMS / SGA MANHATTAN,Grupo Digital,"['wms', 'sga', 'manhattan']","Descripción
en GP DIGITAL buscamos para cliente del sector  RETAIL 

CONSULTOR/A WMS / SGA MANHATTAN 
¿Te gustaría participar en proyectos de transformación logística y...",17/06/2026100% remotoConsultor
https://www.tecnoempleo.com/tecnico-sistemas-con-discapacidad-page-personnel/lan-wan/rf-4d4e12d9226b83d96044,Técnico de sistemas con discapacidad,Page Personnel,"['LAN', 'WAN', 'WLAN']","• Administración de redes: Configuración y mantenimiento de redes LAN, WAN y WLAN.
• Protocolos de enrutamiento y switching: BGP, OSPF, EIGRP, VLANs.
• Seguridad en ...",17/06/2026MadridTécnico de Sistemas
https://www.tecnoempleo.com/genesys-java-technical-leader-bnp-paribas/genesys-cloud-spring-boot/rf-90921b8b324f43cde340,Genesys Java Technical Leader,BNP Paribas,"['Genesys Cloud', 'Java', 'Spring Boot']","About the job

South Europe Technologies (S.ET Iberia) is one of BNP Paribas Personal Finance´s shared services centers, dedicated to delivering outstanding IT solutions to...",17/06/2026Madrid (Híbrido)Jefe de Equipo
https://www.tecnoempleo.com/sap-co-consultant-michael-page/sap-co/rf-d1eb138312bad3821d4a,SAP CO Consultant,Michael Page,"['SAP CO', 'SAP']","• Implementar, configurar y gestionar módulos de SAP CO según las necesidades del negocio.
• Colaborar con los equipos internos para identificar y resolver problemas ...",17/06/2026Barcelona (Presencial)Consultor
https://www.tecnoempleo.com/data-technical-product-manager-f-m-d-axpo-group/data-platform-data-enginee/rf-485c18ed32ab236b7845,Data Technical Product Manager (f/m/d),Axpo Group,"['Data Platform', 'Data Engineering', 'Data Governance']","Workload: 100%

We are looking for a highly motivated Data Technical Product Manager who, with a deep technical understanding of the Axpo Data Platform, will help business ...",17/06/2026MadridBig Data
https://www.tecnoempleo.com/qa-manual-with-experience-in-clm-ust/test-cicd/rf-156e18ae727923b9e942,QA Manual (with experience in CLM),UST,"['test', 'cicd']","We are looking for the very Top Talent…and we would be delighted if you were to join our team!

More in details, UST is a multinational company based in North America, ...",17/06/2026Madrid (Híbrido)Tester/QA
https://www.tecnoempleo.com/frontend-react-tv-knowmad-mood/react-native-javascript/rf-a18e184f3289b37f8b4f,Frontend React - TV,knowmad mood,"['React', 'React Native', 'JavaScript']","Únete a nuestro equipo como Frontend React de uno de nuestros principales clientes, se trata de un cliente del sector de la TV (SmartTV). Se trata de un cliente internacional...",17/06/2026100% remotoProgramador
https://www.tecnoempleo.com/ingeniero-industrial-proyectos-page-personnel/hidraulica-mecanica/rf-702514da3216934aea44,Ingeniero/a Industrial de Proyectos,Page Personnel,"['Hidráulica', 'Mecánica', 'Osmosis']","• Gestión de proyectos en sus diferentes fases: diseño, fabricación y montaje de sistemas de tratamiento de agua para la industria farmacéutica, alimentaria y cosmética...",17/06/2026Madrid (Híbrido)Ingenieros/Industria27.000€ - 33.000€ b/a
https://www.tecnoempleo.com/arquitecto-software-ia-devops-michael-page/node-nestjs/rf-cf2111731263437eb44f,Arquitecto de Software - IA y DevOps,Michael Page,"['node', 'NestJS', 'PHP']","Perfil buscado (Hombre/Mujer)

El Arquitecto/a tendrá libertad para definir la arquitectura de sus proyectos, elegir las herramientas más adecuadas e implantar los está...",17/06/2026Zaragoza (Híbrido)Arquitecto TIC48.000€ - 72.000€ b/a
https://www.tecnoempleo.com/senior-net-developer-c-aspnet-core-apis-knowmad-mo/net-c/rf-5708131b127983f3f544,"Senior .NET Developer (C#, ASP.NET Core, APIs)",knowmad mood,"['.net', 'C#', 'ASP.NET']","We are knowmad mood! 

 Somos una compañía líder en transformación digital, en constante evolución y a la vanguardia de la tecnología. Nacimos para provocar un cambio ...",17/06/2026100% remotoProgramador
https://www.tecnoempleo.com/ingeniero-procesos-page-personnel/industrial-sap/rf-5bbb1fdcc22973f27443,Ingeniero/a de procesos,Page Personnel,"['industrial', 'SAP']","Perfil buscado (Hombre/Mujer)

Las principales funciones que realizarás como Ingeniero/a de Procesos son: 

• Participación en la planificación industrial.
• ...",17/06/2026MurciaIngenieros/Industria30.000€ - 36.000€ b/a
https://www.tecnoempleo.com/people-tech-lead-michael-page/workday/rf-abd11e444267b320ba4b,People Tech Lead,Michael Page,['Workday'],"El People Tech Lead tendrá las siguientes funciones:

• Gestionar y liderar proyectos tecnológicos enfocados en la mejora de los procesos de recursos humanos.
• ...",17/06/2026Madrid (Presencial)Jefe de Equipo60.000€ - 60.000€ b/a
https://www.tecnoempleo.com/consultor-funcional-business-central-l-berit/dynamics-365-business-central/rf-8dbb1b73b21973657b4d,Consultor/a Funcional Business Central,LÃBERIT,"['Dynamics 365', 'Business Central', 'Navision']","¡En Lãberit estamos buscando a la próxima persona crack en Consultoría Funcional de Business Central!

¿Eres de quienes disfrutan traduciendo necesidades reales en ...",17/06/2026A Coruña (Híbrido)Analista
https://www.tecnoempleo.com/analista-programador-mainframe-cobol-db2-aubay/mainframe/rf-822914c8623ae3d48d4f,Analista Programador/a Mainframe COBOL DB2,Aubay,"['Mainframe', 'COBOL', 'DB2']","Funciones

¿Quiénes somos Aubay?

Somos una multinacional europea creada en 1997 con presencia en España desde hace más de 20 años, cotizamos en bolsa con el índice...",17/06/2026BizkaiaAnalista Programador
https://www.tecnoempleo.com/tecnico-compras-gmv/navision-excel/rf-5d30175bc296a3ca564d,Técnico/a de Compras,GMV,"['Navision', 'Excel']","Si sabes contar... Contamos contigo! ¡tu sitio está con nosotros! Estamos ampliando nuestro equipo del departamento de compras. Nos gusta ir al grano, te vamos a contar lo ...",17/06/2026Madrid (Híbrido)Administrativo
https://www.tecnoempleo.com/ingeniero-procesos-michael-page/gmp-lean/rf-cb6e1d0ad2f263b9184b,Ingeniero/a Procesos,Michael Page,"['GMP', 'Lean', 'CAPA']","• Analizar, diseñar y optimizar procesos de fabricación de medicamentos líquidos estériles (soluciones, suspensiones y emulsiones).
Definir y controlar parámetros crí...",17/06/2026BarcelonaIngenieros/Industria
https://www.tecnoempleo.com/tecnico-wms-supply-chain-grupo-digital/retail-unix/rf-dd771eab727be3a45046,Tecnico WMS Supply Chain,Grupo Digital,"['wms', 'supply', 'chain']","Descripción
En GRUPO DIGITAL buscamos para importante compañía del sector retail cubrir vacante de

Tecnico WMS  Supply Chain 

Trabaja en un entorno clave de logística y ...",17/06/2026100% remotoIngenieros/Industria
https://www.tecnoempleo.com/ingeniero-junior-integracion-hw-sw-gmv/c-git/rf-b9611d4b424573ceb145,Ingeniero/a Junior de Integración HW/SW,GMV,"['C', 'C++', 'Git']","En proyectos de navegación embarcada para defensa, cada decisión técnica tiene impacto en la fiabilidad, el rendimiento y la integración del sistema final. En GMV podrás ...",17/06/2026Madrid (Híbrido)Electrónica
https://www.tecnoempleo.com/programador-plc-page-personnel/tia-portal-siemens/rf-07ad1e8272f963fb7747,Programador/a PLC,Page Personnel,"['TIA Portal', 'Siemens', 'PLC']","• Programación y puesta en marcha de PLC Siemens utilizando TIA Portal.
• Trabajo bajo estándares de automoción.
• Participación en proyectos de automatización ...",17/06/2026Barcelona (Híbrido)Ingenieros/Industria30.000€ - 45.000€ b/a
https://www.tecnoempleo.com/technology-manager-sector-eolico-segula-technologi/teamcenter-autocad/rf-355a1224e28de3f6c24f,Technology Manager (Sector Eólico),Segula Technologies,"['Teamcenter', 'AutoCAD', 'Teamcenter Visualization']","Descripción

¿Quieres formar parte de una empresa innovadora, presente en sectores tan importantes como automoción, rail, energético o aeroespacial entre otros?
Desde ...",17/06/2026NavarraConsultor
https://www.tecnoempleo.com/plan-desarrollo-industrial-ingeniero-junior-page-p/ingenieria/rf-4b861faf426d73092e46,Plan de Desarrollo Industrial - Ingeniero junior,Page Personnel,"['ingenieria', 'industrial']","Perfil buscado (Hombre/Mujer)

• Apoyo en el seguimiento y control del proceso productivo en planta
• Participación en distintas fases de producción (descarga, secado...",17/06/2026BarcelonaIngenieros/IndustriaContrato temporal
https://www.tecnoempleo.com/it-project-manager-page-personnel/scrum-kanban/rf-60c819bbf2e813ab1f46,IT Project Manager,Page Personnel,"['Scrum', 'Kanban', 'Jira']","💼 Rol: Project Manager IT

Sueldo: hasta 40.000€ según experiencia

Contrato: Indefinido directamente con la empresa

Incorporación: Inmediata

Horario: Jornada...",17/06/2026Madrid (Híbrido)Jefe de Proyecto33.000€ - 42.000€ b/a
https://www.tecnoempleo.com/tecnico-it-campo-sat-hays/windows-linux/rf-ccc21f0a02ae632fa74a,Técnico/a IT de Campo (SAT),HAYS,"['Windows', 'Linux', 'Microsoft 365']","Desde HAYS estamos colaborando con una compañía tecnológica multinacional especializada en el desarrollo de soluciones para estaciones de servicio, actualmente en pleno ...",17/06/2026Álava y otrasSoporte Técnico
https://www.tecnoempleo.com/sap-qm-consultant-accenture/sap/rf-15cd135cd221d3d93c4f,SAP QM Consultant,Accenture,['SAP'],"At Accenture Technology, we help our clients transform their businesses by leveraging the power of SAP and the latest digital technologies. You will join a global team of ...",17/06/2026BarcelonaConsultor
https://www.tecnoempleo.com/ingeniero-procesos-page-personnel/excel-business-central/rf-96191bac7291c355144e,Ingeniero/a de Procesos,Page Personnel,"['Excel', 'Business Central', 'SAP']","Como Ingeniero/a de Operaciones Logísticas deberás llevar a cabo las siguientes funciones:

• Seguimiento y mejora de los procesos de almacén (recepción, ubicación, ...",17/06/2026MurciaConsultor
https://www.tecnoempleo.com/scrum-master-agile-ai-automation-aubay/kanban/rf-2fca183192e713c65546,Scrum Master (Agile & AI Automation),Aubay,"['agile', 'scrum', 'Kanban']","Funciones
 
 Descripción del puesto:
Buscamos un/a Scrum Master con sólida experiencia en entornos ágiles y tecnológicos para liderar equipos multidisciplinares y ...",17/06/2026Barcelona (Híbrido)Jefe de Equipo
https://www.tecnoempleo.com/brand-manager-fmgc-michael-page/seo-sem/rf-61721693e24b93812c44,Brand Manager - FMGC,Michael Page,"['SEO', 'SEM', 'marketing']","Estrategia de Marca

• Implementar y monitorizar la estrategia global de marca en distintos mercados y canales
• Garantizar coherencia y alineación de la marca a nivel...",17/06/2026BizkaiaMarketing
https://www.tecnoempleo.com/ingeniero-ia-page-personnel/tensorflow-pytorch/rf-a161145dc2d453dc6e48,Ingeniero IA,Page Personnel,"['TensorFlow', 'PyTorch', 'Python']","Perfil buscado (Hombre/Mujer)

• Diseñar, desarrollar y optimizar modelos de inteligencia artificial y aprendizaje automático.
• Implementar soluciones tecnológicas ...",17/06/2026MadridInteligencia Artificial/Machine Learning60.000€ - 72.000€ b/a
https://www.tecnoempleo.com/beca-ahe-web-developer-airbus/ux-ui/rf-ba6e17a782adb378e34f,BECA AHE - Web developer,Airbus,['UX/UI'],"Job Description:

Ready to join one of our Graduate Programs in Spain?

We are looking for recent graduates from different disciplines interested in developing their ...",17/06/2026AlbaceteDesarrollador WebContrato prácticas
https://www.tecnoempleo.com/isami-structural-analysis-simulation-framework-air/c-python/rf-deca17c492ba73609141,ISAMI+ Structural Analysis Simulation Framework,Airbus,"['C++', 'Python', 'Qt']","Job Description:

An opportunity for a Structural Analysis Software Developer has arisen within Airbus Operations, Getafe (Madrid).

The selected candidate will join the ...",17/06/2026MadridProgramador
https://www.tecnoempleo.com/sap-erp-inhouse-consultant-for-prc-ehs-pp-airbus/hana/rf-71201d0d42e49393bf43,"SAP ERP Inhouse Consultant for PRC, EHS & PP",Airbus,"['SAP', 'HANA']","Job Description:

About Us

At Airbus, our purpose is to pioneer sustainable aerospace for a safe and united world. To achieve this, our internal digital landscape must be...",17/06/2026MadridConsultor
https://www.tecnoempleo.com/back-end-software-engineer-santander/java-kotlin/rf-ddec16597239332e7943,Back-End Software Engineer,Santander,"['Java', 'Kotlin', 'Spring Boot']","Back-End Software Engineer

Country: Spain

Santander Auto Software is looking for a Back End Engineer

Santander Auto Software, a greenfield program where we are ...",17/06/2026100% remotoProgramador
https://www.tecnoempleo.com/java-developer-ust/sonarqube-spring/rf-367e1463323063f9b748,Java developer,UST,"['java', 'sonarqube', 'spring']","¡Seguimos buscando talento…y nos encantaría que te unieras a nuestro equipo!

Para que nos conozcas algo mejor, UST es una multinacional norteamericana certificada como ...",17/06/2026100% remotoProgramador
https://www.tecnoempleo.com/crm-specialist-sector-relojeria-lujo-page-personne/salesforce/rf-1c0c1fde92951347b641,CRM Specialist - sector relojería lujo,Page Personnel,['Salesforce'],"Perfil buscado (Hombre/Mujer)

• Gestión integral del CRM (Salesforce) para el mercado Iberia.
• Análisis y explotación de datos del equipo de ventas con visión 360...",17/06/2026Madrid (Híbrido)Técnico Software36.000€ - 39.000€ b/a
https://www.tecnoempleo.com/director-fabrica-page-personnel/ingenieria/rf-c42014e1c262b3703d44,Director/a de Fabrica,Page Personnel,['ingenieria'],"Perfil buscado (Hombre/Mujer)

• Supervisar el funcionamiento general de la fábrica y sus operaciones.
• Coordinar al jefe de planta y al adjunto de fábrica.
• ...",17/06/2026MadridIngenieros/Industria39.000€ - 54.000€ b/a
https://www.tecnoempleo.com/responsable-ingeniero-mantenimiento-michael-page/gmao-tpm/rf-012b1d9db290b3e8c44a,Responsable / Ingeniero de Mantenimiento,Michael Page,"['GMAO', 'TPM']","Reportando a Dirección de Planta, será responsable de asegurar la disponibilidad y el correcto funcionamiento de los equipos e instalaciones productivas así como facilities...",17/06/2026BarcelonaIngenieros/Industria
https://www.tecnoempleo.com/senior-data-analytics-engineer-ey/microsoft-fabric-azure/rf-60fc179852d69373c045,Senior Data & Analytics Engineer,EY,"['Microsoft Fabric', 'Azure', 'Synapse']","En EY, estamos preparados para afrontar el futuro con confianza, ""shape the future with confidence""

Nuestro objetivo es apoyarte para que alcances el éxito dentro de un ...",17/06/2026BarcelonaBig Data
https://www.tecnoempleo.com/data-scientist-ebury/python-sql/rf-e9bc17ffc24133a1064b,Data Scientist,Ebury,"['Python', 'SQL', 'Google Cloud Platform']","Ebury helps ambitious businesses unlock global growth, and we take the same approach with our people. We encourage innovation and movement, collaboration and problem-solving, ...",17/06/2026Madrid (Híbrido)Analista
https://www.tecnoempleo.com/senior-data-analyst-treasury-ebury/sql-ai/rf-f8971793a203633d594a,Senior Data Analyst - Treasury,Ebury,"['SQL', 'AI', 'dbt']","Ebury helps ambitious businesses unlock global growth, and we take the same approach with our people. We encourage innovation and movement, collaboration and problem-solving, ...",17/06/2026Málaga (Híbrido) y otrasAnalista Programador
https://www.tecnoempleo.com/responsable-mantenimiento-industrial-michael-page/gmao/rf-a67c1feb4201f3a5404f,Responsable de mantenimiento Industrial,Michael Page,['GMAO'],"Reportando a Gerencia, se encargará de:

• Gestionar al equipo de mantenimiento formado por aproximadamente 5 personas entre internos y externos
• Planificar el ...",17/06/2026BarcelonaIngenieros/Industria48.000€ - 60.000€ b/a
https://www.tecnoempleo.com/graphic-designer-temporal-6-meses-page-personnel/indesign-illustrator/rf-09421b0f4296e3bcac45,Graphic Designer - temporal 6 meses,Page Personnel,"['InDesign', 'Illustrator', 'Photoshop']","• Producción y adaptación de materiales gráficos digitales y offline siguiendo estrictamente las guías de marca corporativa
• Desarrollo de piezas como brochures, ...",17/06/2026Madrid (Híbrido)Diseño gráfico30.000€ - 30.000€ b/aContrato temporal
https://www.tecnoempleo.com/tecnico-ciberseguridad-ia-junior-grupo-digital/python-sql/rf-7c201eeb92a3d3839144,Tecnico Ciberseguridad + IA Junior,Grupo Digital,"['ciberseguridad', 'ia', 'python']","Descripción
en GP DIGITAL buscamos para cliente ser sector banca 

Técnico  Ciberseguridad  + IA  jr

¿Quieres iniciar tu carrera en ciberseguridad dentro de un entorno ...",17/06/2026Madrid (Presencial)Ciberseguridad
https://www.tecnoempleo.com/ingeniero-datos-e-ia-segula-technologies/openshift-kubernetes/rf-e5fa1bb0a286d3f8c143,Ingeniero de Datos e IA,Segula Technologies,"['OpenShift', 'Kubernetes', 'CI/CD']","¿Quieres formar parte de una empresa innovadora, presente en sectores tan importantes como automoción, rail, energético o aeroespacial entre otros?
Desde SEGULA ...",17/06/2026Madrid (Híbrido)Big Data
https://www.tecnoempleo.com/instalador-sistemas-seguridad-sua-corp/risco-hikvision/rf-a10c1804a26fe34ab34a,Instalador/a Sistemas de Seguridad,SUA CORP,"['RISCO', 'HIKVISION', 'NUO']","– Experiencia demostrable mínima de 5 años en instalación de sistemas de seguridad electrónica.
– Experiencia en CCTV, sistemas de alarma, control de accesos y ...",17/06/2026MálagaElectrónica30.000€ - 36.000€ b/a
https://www.tecnoempleo.com/ingeniero-devops-pss/ci-cd-terraform/rf-43311f031220e38ecb44,Ingeniero DevOps,PSS,"['CI/CD', 'Terraform', 'Kubernetes']","¿Te gustaría impulsar tu carrera en el sector IT con un proyecto sólido y un equipo de profesionales excepcionales? Si valoras la estabilidad y el crecimiento profesional, ...",17/06/2026Barcelona (Híbrido)DevOps42.000€ - 42.000€ b/a
https://www.tecnoempleo.com/tecnico-en-microinformatica-grupo-sermicro/windows-soporte/rf-dfec1ed172d353bf8c45,Técnico/a  en Microinformática,Grupo Sermicro,"['windows', 'soporte', 'hardware']","¡Te invitamos a formar parte de nuestro equipo!
Actualmente estamos buscando un Técnico/a de Soporte informático para trabajar en un servicio para grandes empresas.
Te ...",17/06/2026BarcelonaHelpdesk
https://www.tecnoempleo.com/arch-plataforma-computo-contenedores-cajamar-tecno/cka-ckad/rf-ad3a198ee23733651440,Arch de Plataforma de Cómputo y Contenedores,Cajamar Tecnología,"['CKA', 'CKAD', 'CKS']","¿Quiénes somos?
Cajamar Tecnología A.I.E. es una empresa de Grupo Cajamar conformada por más de 300 profesionales y cuya actividad principal se centra en, IA generativa ...",17/06/2026AlmeríaArquitecto TIC
https://www.tecnoempleo.com/teleoperador-retenciones-con-aleman-sosmatic/office/rf-66e4155a023843db4e4c,Teleoperador/a (retenciones) con alemán,Sosmatic,['Office'],"Se requiere teleoperador/a para el área de Retenciones y Fidelización. Buscamos una persona con habilidades en retención de clientes y enfoque en venta consultiva, capaz de...",17/06/2026Barcelona (Híbrido) y otrasComercial21.000€ - 24.000€ b/a
https://www.tecnoempleo.com/jefe-proyecto-analitica-clientes-cajamar-tecnologi/devops-mlops/rf-cb601c382264137f514a,Jefe de Proyecto Analítica Clientes,Cajamar Tecnología,"['DevOps', 'MLOps', 'SQL']","¿Quiénes somos?  

Cajamar Tecnología es una empresa de servicios que forma parte del Grupo Financiero Cajamar, con presencia a nivel nacional. 

Nos caracterizamos por ser...",17/06/2026Almería (Híbrido) y otrasJefe de Proyecto
https://www.tecnoempleo.com/enterprise-artificial-intelligence-architect-epam/ai-ml/rf-cb6212ee6283e318ec41,Enterprise Artificial Intelligence Architect,EPAM,"['AI', 'ML', 'AWS']","We’re looking for an Enterprise Artificial Intelligence Architect to join our team in Barcelona, Spain, in a remote working mode.

The Enterprise Artificial Intelligence ...",16/06/2026BarcelonaArquitecto TIC
https://www.tecnoempleo.com/senior-qa-automation-engineer-java-epam/selenium-webdriver/rf-a98b105dc2e78330794f,Senior QA Automation Engineer (Java),EPAM,"['QA', 'Selenium', 'WebDriver']",Are you a forward-thinking professional with a strong background in QA Automation and an interest in financial services? Join EPAM in Madrid as a QA Automation Engineer in the...,16/06/2026MadridTester/QA
https://www.tecnoempleo.com/senior-frontend-developer-react-page-personnel/javascript-net-core/rf-1f901337425a5335b246,Senior Frontend Developer React,Page Personnel,"['Javascript', 'React', '.Net Core']","• Participación en nuevos desarrollos desde cero.
• Asegurar la calidad del código.
• Aplicar buenas prácticas de testeo asegurando la escalabilidad del producto...",16/06/2026Barcelona (Híbrido)Desarrollador Web
https://www.tecnoempleo.com/pmo-junior-second-window/project-manager/rf-3ab91a5842d593b39e4b,PMO Junior,Second Window,"['Project Manager', 'PMO']","¡Te ofrecemos crecer con nosotros en una de nuestras unidades tecnológicas como PMO Junior, participando en un proyecto del sector sanitario con un amplio ecosistema de ...",16/06/2026BarcelonaJefe de Proyecto
https://www.tecnoempleo.com/senior-software-developer-java-react-cmv-consultor/java/rf-85aa143142c2a3981f42,Senior Software Developer (Java + React),CMV Consultores,"['JAVA', 'REACT']","En CMV Consultores buscamos incorporar un Senior Software Developer (Java + React) para uno de nuestros clientes, dentro de un proyecto estable y de larga duración en el ...",16/06/2026Málaga (Híbrido) y otrasProgramador
https://www.tecnoempleo.com/personal-tecnico-proxy-po-cajamar-tecnologia/jira-qlick/rf-ab271f6bb23ef344d446,Personal Técnico Proxy PO,Cajamar Tecnología,"['JIRA', 'QLICK', 'POWER BI']","Banco de Crédito Cooperativo (BCC), necesita incorporar personal en la Dirección de Personas y Tecnología como Personal Técnico en la oficina Proxy- 8945

¿Qué ...",16/06/2026Madrid y otrasTécnico de Gestión
https://www.tecnoempleo.com/chief-technology-officer/react-python/rf-f0ad1ea6d2c5d3d5a84b,Chief Technology Officer,Empresa fabricante de soluciones de embasado,"['React', 'Python', 'Java']","Chief Technology Officer (CTO) 
Polígono Santiga (Barcelona) | Entorno Internacional

¿Te apasiona transformar la tecnología en ventaja competitiva para el negocio? 
Somos ...",16/06/2026Barcelona (Presencial)Analista Programador
https://www.tecnoempleo.com/cloud-focused-developer-kubernetes-aws-cmv-consult/docker-ci-cd/rf-fbc41196a2c763f4fe4c,Cloud-Focused Developer Kubernetes & AWS,CMV Consultores,"['kubernetes', 'AWS', 'Docker']","Buscamos un/a Cloud-Focused Developer con experiencia en entornos cloud-native, contenedores y automatización, para incorporarse a un proyecto estable con tecnologías ...",16/06/2026Barcelona (Híbrido) y otrasDevOps
https://www.tecnoempleo.com/infrastructure-operations-cloud-architect-panel-si/aws-controltower/rf-4b39154b42c9a37ffe4a,Infrastructure & Operations Cloud Architect,PANEL Sistemas Informáticos,"['AWS', 'ControlTower', 'IAM']","🚀 ¡Nueva oportunidad para expertos en Cloud!

¿Te apasiona la arquitectura en la nube y la seguridad? ¡Únete a nuestro equipo!
📌 Rol: Infrastructure & Operations ...",16/06/2026100% remotoTécnico de Sistemas
https://www.tecnoempleo.com/desarrollador-java-microservicios-ust/spring-boot-api-rest/rf-dbc01d92621ec315a046,Desarrollador Java microservicios,UST,"['java', 'spring boot', 'api rest']"," ¡Seguimos buscando talento…y nos encantaría que te unieras a nuestro equipo!

Para que nos conozcas algo mejor, UST es una multinacional norteamericana certificada ...",16/06/2026100% remotoProgramador
https://www.tecnoempleo.com/desarrollador-python-c-para-cajeros-automaticos-gi/c-pyside/rf-4663152882a233806745,Desarrollador Python/C++ para Cajeros Automáticos,GISTRA,"['Python', 'C++', 'PySide']","Buscamos incorporar desarrolladores para participar en el desarrollo y evolución de nuestra plataforma de cajeros automáticos y sistemas de gestión de efectivo.

El trabajo...",16/06/2026ValenciaProgramador
https://www.tecnoempleo.com/instalador-fibra-optica-ftth-i-m-ostema-onoma-mult/ftth/rf-a75c1a906242f3fa2643,Instalador Fibra Optica (FTTH) I+M,Ostema-Onoma Multiservicios SL,['ftth'],"En Ostema, empresa en crecimiento dentro del sector de las telecomunicaciones, buscamos instaladores FTTH para ampliar nuestro equipo técnico.

Funciones principales:

...",16/06/2026Ourense y otrasTécnico de Mantenimiento1.500€ - 1.800€ b/m
https://www.tecnoempleo.com/especialista-grc-baoss/iso-iec-27001/rf-da8811ebe2d593e81345,Especialista GRC,Baoss,"['GRC', 'ISO', 'IEC 27001']","Buscamos Especialista en Gobierno, Riesgo y Cumplimiento (GRC) en ciberseguridad con sólida experiencia en entornos corporativos y capacidad para traducir marcos normativos ...",16/06/2026Barcelona y otrasCiberseguridad
https://www.tecnoempleo.com/desarrollador-react-ingles-alto-cas-training/react-query-vitest/rf-b8c31c0bd2e5f36bf747,Desarrollador/a REACT Inglés alto,CAS TRAINING,"['REACT', 'REACT QUERY', 'Vitest']",Buscamos un/a Programador/a Senior Front End React para incorporarse de forma inmediata a un proyecto de larga duración dentro de un entorno de trabajo ágil e internacional...,16/06/2026100% remotoAnalista Programador33.000€ - 42.000€ b/a
https://www.tecnoempleo.com/programador-navision-business-central-frescos-elab/business-central-sql-se/rf-d7c517dcb24cd3fa7e43,Programador/a NAVISION BUSINESS CENTRAL,FRESCOS Y ELABORADOS DELISANO,"['NAVISION', 'BUSINESS CENTRAL', 'SQL SERVER']","El perfil que estamos buscando es un/a profesional con titulación universitaria en Ingeniería informática o similar, y experiencia profesional mínima entre 3-5 años en ...",16/06/2026Valencia (Híbrido)Analista Programador30.000€ - 45.000€ b/a
https://www.tecnoempleo.com/ingeniero-seguridad-redes-baoss/firewalls-ids/rf-aea511de92a0335bc94d,Ingeniero/a de Seguridad de Redes,Baoss,"['Firewalls', 'IDS', 'IPS']","Buscamos especialista en seguridad de redes para participar en el diseño, implementación y evolución de soluciones de ciberseguridad en entornos complejos.


🔧 Funciones...",16/06/2026Sevilla y otrasRedes
https://www.tecnoempleo.com/data-engineer-aws-data-services-ust/scala-spark/rf-1f79116622ec93bdb245,Data Engineer AWS Data Services,UST,"['Scala', 'Spark', 'AWS']","¡Seguimos buscando talento...y nos encantaría que te unieras a nuestro equipo!

Para que nos conozcas algo mejor, UST es una multinacional norteamericana certificada como ...",16/06/2026100% remotoBig Data
https://www.tecnoempleo.com/pmo-junior-gestion-proyectos-it-baoss/scrum-kanban/rf-16ce196a1258a3a22245,PMO Junior - Gestión de Proyectos IT,Baoss,"['PMO', 'Scrum', 'Kanban']",Buscamos Project Management Officer (PMO) Junior con experiencia en gestión de proyectos tecnológicos para incorporarse a nuestro equipo y apoyar en iniciativas de ...,16/06/2026Madrid y otrasJefe de Equipo
https://www.tecnoempleo.com/tecnico-gestion-documental-ciberdefensa-cmv-consul/sharepoint-nextcloud/rf-7a3a100e02b413d9a64b,Técnico Gestión Documental - Ciberdefensa,CMV Consultores,"['SHAREPOINT', 'NEXTCLOUD']",En CMV Consultores buscamos incorporar un Técnico Especialista en Gestión Documental y Gestores de Contenidos para uno de nuestros clientes más importantes del sector ...,16/06/2026Madrid (Presencial)Técnico de Gestión
https://www.tecnoempleo.com/tecnico-cnc-page-personnel/cnc/rf-5ac8181a22901327644a,Técnico/a CNC,Page Personnel,['CNC'],"• Operar máquinas CNC siguiendo las especificaciones técnicas establecidas.
• Programar maquinaria CNC utilizando software especializado.
• Realizar ajustes y ...",16/06/2026Alicante (Presencial)Ingenieros/Industria24.000€ - 30.000€ b/a
https://www.tecnoempleo.com/java-developer-microservicios-ingles-alto-grupo-di/spring-boot/rf-4c781f41221f53a1af4a,Java Developer Microservicios (Ingles alto),Grupo Digital,"['java', 'spring boot', 'microservicios']","Descripción
Si buscas un entorno con autonomía técnica y un proyecto de largo recorrido en el sector bancario, esta posición te permitirá trabajar con arquitecturas ...",16/06/2026100% remotoProgramador
https://www.tecnoempleo.com/ingeniero-electronico-junior-michael-page/stm32-arduino/rf-96e1107c228353652749,Ingeniero/a electrónico/a junior,Michael Page,"['STM32', 'Arduino', 'C']","Perfil buscado

El perfil de Ingeniero/a electrónico/a junior tendrá como objetivo:

• Diseño de esquemas electrónicos y apoyo en diseño de PCB.
• Programación ...",16/06/2026Zaragoza (Presencial)Electrónica
https://www.tecnoempleo.com/c-sw-engineer-medical-imaging-software-page-person/c-vtk/rf-aac21a4fe214b3f2bb49,C++ SW engineer- Medical imaging software,Page Personnel,"['C++', 'VTK', 'MITK']","Design and development of clinically usable 2D and 3D tools for our product.
Evaluation of the user experience, identify improvements and implement them.
Implement I/O ...",16/06/2026Barcelona (Híbrido)Programador
https://www.tecnoempleo.com/full-stack-developer-ey/java-spring/rf-61561ca0724723e43d44,Full Stack Developer,EY,"['Java', 'Spring', 'angular']","Senior Full Stack Developer - EY GDS Spain - Hybrid

La oportunidad

Como parte de nuestro equipo de desarrollo en EY, trabajarás como Desarrollador Senior Full Stack con...",16/06/2026Málaga (Híbrido)Programador
https://www.tecnoempleo.com/tecnico-preventa-it-michael-page/microsoft-365-dynamics-365/rf-22521b8912fef3beb342,Tecnico Preventa IT,Michael Page,"['Microsoft 365', 'Dynamics 365', 'Sharepoint']","• Colaborar con el equipo comercial en la identificación de oportunidades y presentación de soluciones IT personalizadas.
• Diseñar y desarrollar propuestas técnicas ...",16/06/2026MadridConsultor
https://www.tecnoempleo.com/embedded-software-engineer-airbus/c-c/rf-78291853426543d69a48,Embedded Software Engineer,Airbus,"['C', 'C++', 'Ada']","Job Description:

MISSION

Within Embedded Sw Engineering department, the candidate will be involved in software development & verification for high integrity airborne ...",16/06/2026Madrid (Híbrido)Electrónica
https://www.tecnoempleo.com/senior-sap-solution-architect-amazon/aws-hana/rf-2c6a1fc9a2c2a3ec7d45,Senior SAP Solution Architect,Amazon,"['SAP', 'AWS', 'hana']","Amazon Web Services (AWS) is seeking an experienced SAP Solutions Architect to help public sector customers design, migrate, and modernize their SAP landscapes on AWS. In this...",16/06/2026MadridArquitecto TIC
https://www.tecnoempleo.com/backend-java-senior-developer-page-personnel/spring-apis-rest/rf-952e1738a28113f45d40,Backend Java Senior Developer,Page Personnel,"['Java', 'Spring', 'APIs REST']","• Construcción de servicios backend eficientes, resilientes y escalables.
• Diseño, desarrollo y mantenimiento de APIs RESTful.
• Mejora y optimización de ...",16/06/2026Barcelona (Híbrido)Programador
https://www.tecnoempleo.com/data-control-project-data-analyst-accenture/rfp-clm/rf-a26e12bc520d53247946,DATA CONTROL / PROJECT DATA ANALYST,Accenture,"['RFP', 'CLM']","Job Description

At Boslan, we are part of Accenture and a reference in Engineering and Consulting services, providing specialized support in the management and end-to-end ...",16/06/2026ZaragozaConsultor
https://www.tecnoempleo.com/manager-ciberseguridad-estrategia-ey/gdpr-ens/rf-0c991497e2d41349b94b,Manager Ciberseguridad - Estrategia,EY,"['Ciberseguridad', 'GDPR', 'ENS']","En EY, damos forma al futuro con confianza.

Aquí encontrarás más que un trabajo: una oportunidad para crecer, aprender y dejar huella.

Únete a nuestros 7.000 ...",16/06/2026Madrid (Híbrido)Ciberseguridad
https://www.tecnoempleo.com/software-engineer-java-react-sopra-steria/spring-microservicios/rf-e6a81a227292d31a314c,Software Engineer (Java/React),Sopra Steria,"['Java', 'Spring', 'react']","Descripción de la empresa

Porque trabajar en Sopra Steria, también es sentir Sopra Steria.

Somos un reconocido líder europeo en consultoría, servicios digitales y ...",16/06/2026SevillaProgramador
https://www.tecnoempleo.com/senior-hardware-validation-engineer-page-personnel/pcb-electronica/rf-c02a1ad1627ac3780544,Senior Hardware Validation Engineer,Page Personnel,"['PCB', 'electronica', 'RF']","• Evaluación y validación de hardware y circuitos integrados en entorno de laboratorio.
• Análisis del comportamiento real del producto, identificando incidencias té...",16/06/2026ValenciaElectrónica
https://www.tecnoempleo.com/iot-technical-support-engineer-page-personnel/modbus-knx/rf-7370149eb2a8d37a1145,IOT Technical Support Engineer,Page Personnel,"['Modbus', 'KNX', 'BACnet']","Perfil buscado (Hombre/Mujer)

• Garantizar que los clientes reciban soporte posventa.
• Ayudar a los clientes a través de las herramientas de ticketing.
• ...",16/06/2026Barcelona (Híbrido)Soporte Técnico
https://www.tecnoempleo.com/on-board-aircraft-performance-software-developer-a/linux-git/rf-9bec1d8c02598304f849,On-Board Aircraft Performance Software Developer,Airbus,"['linux', 'Git', 'Jenkins']","Job Description:

An opportunity for a Software Developer - Aircraft Performance Tools has arisen within Airbus Operations, Getafe (Madrid).

The selected candidate will ...",16/06/2026MadridDevOps
https://www.tecnoempleo.com/software-development-engineer-amazon/java-c/rf-a5351a7ca285e33f754f,Software Development Engineer,Amazon,"['Java', 'C++', 'C#']",Ring is looking for an experienced Software Development Engineer to help build new initiatives on our growing Billing and Subscriptions team. The Billing and Subscriptions ...,16/06/2026MadridProgramador
https://www.tecnoempleo.com/modelador-bim-edificacion-modular-page-personnel/revit/rf-47721322127a63eba047,Modelador/a BIM - Edificación modular,Page Personnel,"['Revit', 'BIM']","• Modelado BIM con Revit de viviendas modulares.
• Desarrollo de detalles constructivos industrializados.
• Coordinación técnica con los equipos de arquitectura, ...",16/06/2026Madrid (Híbrido)Ingenieros/Industria30.000€ - 36.000€ b/a
https://www.tecnoempleo.com/tecnico-i-d-i-michael-page/c-python/rf-909a102b929d636d2a49,Técnico/a de I+D+i,Michael Page,"['C', 'C++', 'python']","Perfil buscado (Hombre/Mujer)

• Desarrollo de aplicaciones Linux para sistemas embebidos
• Diseño e implementación de soluciones Edge / Cloud conectadas
• Uso de ...",16/06/2026Barcelona (Híbrido)DevOps
https://www.tecnoempleo.com/ingeniero-software-net-junior-gmv/net-c/rf-80711efa122f73db4748,Ingeniero/a de software .NET Junior,GMV,"['.NET', 'C#', 'MVC']",Si ves que tu futuro va a ir sobre ruedas …. ¡Tu sitio está con nosotros! Buscamos un/a Desarrollador/a .NET Framework (C#) para el desarrollo de módulos web (MVC) y ...,16/06/2026Valladolid (Híbrido)Programador
https://www.tecnoempleo.com/responsable-marketing-page-personnel/marketing/rf-16471616d27d33d5a340,Responsable de Marketing,Page Personnel,['Marketing'],"• Desarrollar e implementar estrategias de marketing integrales.
• Diseñar y supervisar campañas publicitarias para maximizar la visibilidad de la marca.
• Gestionar...",16/06/2026Las PalmasMarketing
https://www.tecnoempleo.com/consultor-sap-fico-senior-michael-page/s-4hana/rf-f3e610278203b32fcf41,Consultor/a SAP FICO Senior,Michael Page,"['SAP', 'S/4HANA']","• Diseñar y definir soluciones SAP FI/CO alineadas con los requisitos del negocio en diferentes mercados.
• Colaborar con equipos técnicos y áreas de negocio en la ...",16/06/2026BarcelonaConsultor
https://www.tecnoempleo.com/analista-procesos-scrum-master-grupo-digital/scrum/rf-3baf10a912fd33634d4d,Analista procesos / SCRUM MASTER,Grupo Digital,['scrum'],"Descripción
En GRUPO DIGITAL buscamos para incorporar a uno de nuestros clientes 
ANALISTA DE PROCESOS // SCRUM MASTER

Impulsa equipos ágiles en entornos de alto impacto y ...",16/06/2026100% remotoAnalista
https://www.tecnoempleo.com/arquitecto-datos-gmv/ibm-watsonx-azure/rf-f3521bc652bc93904746,Arquitecto/a de Datos,GMV,"['IBM Watsonx', 'Azure', 'Hadoop']","Si disfrutas diseñando plataformas de datos que impulsan decisiones estratégicas y proyectos de alto impacto, este es tu lugar. Nos gusta ir al grano, te vamos a contar lo ...",16/06/2026Madrid (Híbrido) y otrasArquitecto TIC
https://www.tecnoempleo.com/ingeniero-sistemas-misiones-espaciales-gmv/matlab-python/rf-b93c13afc21e43bcf341,Ingeniero/a de Sistemas Misiones Espaciales,GMV,"['Matlab', 'Python', 'Office']",¿Buscas un sitio innovador y consolidado en el que desarrollarte profesionalmente? GMV somos un grupo tecnológico con amplia experiencia. Estamos ampliando nuestros equipos ...,16/06/2026Madrid (Híbrido)Programador
https://www.tecnoempleo.com/junior-developer-java-o-python-ust/aws/rf-0b1719d1f2e893939d45,Junior Developer (Java o Python),UST,"['java', 'python', 'aws']","¡Seguimos buscando talento…y nos encantaría que te unieras a nuestro equipo!

Para que nos conozcas algo mejor, UST es una multinacional norteamericana certificada como ...",16/06/2026100% remotoProgramador
https://www.tecnoempleo.com/3dx-electrical-schematic-designer-grupo-digital/manufacturing-engineering/rf-51c1100532fe63f74742,3DX Electrical Schematic Designer,Grupo Digital,"['manufacturing', 'engineering', '3dx']","Descripción
¿Te interesa trabajar en un entorno internacional impulsando procesos de Manufacturing Engineering sobre tecnología 3DX?

 En GP DIGITAL buscamos un perfil con ...",16/06/2026Madrid (Híbrido)Ingenieros/Industria
https://www.tecnoempleo.com/full-stack-java-react-angular-ingles-alto-grupo-di/spring-boot-node/rf-44f417cf3234f3c12c47,Full Stack Java/React/Angular (Ingles alto),Grupo Digital,"['java', 'spring boot', 'react']","Descripción
¿Te interesa participar en un entorno internacional vinculado al sector de pagos y desarrollar soluciones escalables con tecnologías modernas? Buscamos perfiles...",16/06/2026Madrid (Híbrido)Programador
https://www.tecnoempleo.com/administrador-sistemas-nextret/microsoft-veeam/rf-a6c11f6af28623d5b849,Administrador/a de sistemas,Nextret,"['microsoft', 'veeam', 'VMware']",Buscamos un/a Administrador/a de Sistemas para incorporarse al equipo de Servicios Gestionados de NexTReT en Barcelona. Formarás parte de un entorno técnico exigente y diná...,16/06/2026Barcelona (Híbrido)Administrador39.000€ - 42.000€ b/a
https://www.tecnoempleo.com/ingeniero-ofertas-hays/autocad/rf-09d41c3b62fcb30a8e44,Ingeniero/a de ofertas,HAYS,['AutoCAD'],Desde Hays estamos en búsqueda de un/a Ingeniero/a de Ofertas para una importante compañía especializada en soluciones industriales con proyectos a nivel nacional en ...,16/06/2026ValenciaIngenieros/Industria
https://www.tecnoempleo.com/ai-first-genai-engineer-net-azure-ust/net-c/rf-ad681f028213f340ef43,AI First GenAI Engineer (.NET/Azure),UST,"['.net', 'c#', 'rest api']","We are still looking for the very Top Talent…and we would be delighted if you were to join our team!

More in details, UST is a multinational company based in North ...",16/06/2026MadridInteligencia Artificial/Machine Learning
https://www.tecnoempleo.com/consultor-digital-comunicaciones-hays/marketing/rf-36f116b2a2c9538b8148,Consultor Digital y Comunicaciones,HAYS,['Marketing'],"En HAYS estamos colaborando con una compañía del sector de energías renovables, en un momento clave de crecimiento y consolidación, que busca reforzar su área de ...",16/06/2026Madrid (Híbrido)Marketing
https://www.tecnoempleo.com/cybersecurity-analyst-plexus/active-directory-azure/rf-48791ded52dcf313c34e,Cybersecurity Analyst,Plexus,"['Active Directory', 'Azure', 'ciberseguridad']","Join Plexus Tech. We are looking for a Cybersecurity Analyst profile.

REQUIREMENTS:
  - Minimum professional experience of at least 3 years in cybersecurity projects.
 - ...",16/06/2026MadridCiberseguridad
https://www.tecnoempleo.com/devops-engineer-senior-ey/azure-github/rf-d5a2166192bc63c45d4b,DevOps Engineer - Senior,EY,"['Azure', 'Github', 'Google Cloud']","Cloud DevOps Engineer

The opportunity

We are looking for a Senior DevOps engineer to join our EY GDS Consulting Services team focused on providing cutting - edge IT ...",16/06/2026Málaga (Híbrido)DevOps
https://www.tecnoempleo.com/ingeniero-senior-diseno-page-personnel/solidedge-cad/rf-96721cccd2209356f441,Ingeniero/a Senior de Diseño,Page Personnel,"['SolidEdge', 'CAD']","Perfil buscado (Hombre/Mujer)

Como Ingeniero/a Senior de Diseño deberás:

Diseñar y desarrollar productos completos y sus componentes en 3D.
Elaborar planos técnicos...",16/06/2026EspañaIngenieros/Industria33.000€ - 54.000€ b/a
https://www.tecnoempleo.com/desarrollador-sw-vision-artificial-michael-page/python-c/rf-7b9912c97225933c2b4a,Desarrollador SW Vision artificial,Michael Page,"['Python', 'C++', 'OpenCV']","• Diseñar y desarrollar soluciones de software para sistemas de visión artificial.
• Implementar algoritmos de procesamiento de imágenes y análisis de datos.
• ...",16/06/2026GipuzkoaProgramador
https://www.tecnoempleo.com/sap-sd-consultant-plexus/sap-sd-hana/rf-6a201da5621c930e2343,SAP SD Consultant,Plexus,"['SAP SD', 'HANA']","Join Plexus Tech. We are looking for a Senior SAP SD Consultant profile for an important remote project.

REQUIREMENTS:
  - Senior SAP SD profile with experience in ...",16/06/2026MadridConsultor
https://www.tecnoempleo.com/analista-programador-java-page-personnel/sql-j2ee/rf-edb910ab1212b3214e48,Analista Programador Java,Page Personnel,"['java', 'SQL', 'J2EE']","Perfil buscado (Hombre/Mujer)

• Diseño y desarrollo sobre sus sistemas de gestión, definiendo las soluciones técnicas más adecuadas (arquitectura, comunicaciones, ...",16/06/2026Barcelona (Híbrido)Programador42.000€ - 45.000€ b/a
https://www.tecnoempleo.com/tech-lead-mobile-con-ios-sg-tech/swift/rf-389d11cbc2f07373e941,Tech Lead Mobile con iOS,sg tech,"['Swift', 'iOS']","Descripción

En SG Tech buscamos un/a Tech Lead Mobile iOS para incorporarse a un proyecto de carácter urgente dentro del sector industria. Buscamos un perfil con sólida ...",16/06/2026Madrid (Híbrido) y otrasDesarrollador Móvil
https://www.tecnoempleo.com/cad-cam-programmer-page-personnel/cnc-siemens-nx/rf-317b1c3792026388524b,CAD/CAM Programmer,Page Personnel,"['CNC', 'CAD', 'CAM']","• Definición de estrategias de mecanizado óptimas para componentes de alta precisión.
• Programación de máquinas CNC mediante software CAD/CAM a partir de modelos 3D...",16/06/2026AlicanteIngenieros/Industria27.000€ - 36.000€ b/a
https://www.tecnoempleo.com/technical-sales-engineer-automatizacion-hays/robotica-industrial/rf-609c116f32da33b03a47,Technical Sales Engineer - Automatización,HAYS,"['Robótica', 'industrial', 'Automatización']","Tu nueva empresa
Nuestro cliente es una empresa líder en soluciones de automatización industrial especializada en robótica de soldadura, que desarrolla e integra células ...",16/06/2026BarcelonaConsultor
https://www.tecnoempleo.com/senior-data-engineer-sap-bi-airbus/hana-pyspark/rf-d9571a02b2db5387ac47,Senior Data Engineer - SAP BI,Airbus,"['sap', 'hana', 'PySpark']","Job Description:

An opportunity for a Senior Data Engineer has arisen within Airbus Helicopters (Albacete, Spain)

WHY JOIN US?

 LIFE IN ALBACETE: QUALITY & ...",16/06/2026Albacete (Híbrido)Big Data
https://www.tecnoempleo.com/jira-jsm-administrator-tech-support-axpo-group/rest-api-groovy/rf-403814887214739dd547,Jira & JSM Administrator (Tech support),Axpo Group,"['Jira', 'JSM', 'REST API']","Workload: 80-100%

Are you passionate about driving efficiency and innovation? Join Axpo, Switzerland´s leading power trading and energy production company, and be at the ...",16/06/2026MadridAdministrador
https://www.tecnoempleo.com/pmo-digital-analyst-page-personnel/jira-sharepoint/rf-51191111b22a53b58c4c,PMO Digital Analyst,Page Personnel,"['JIRA', 'SharePoint', 'Excel']","• Responsible for procurement activities (Create PO, good receipt creation, closing POs, Request code/ provider creation in the accounting system)
• Ensure clear tracking...",16/06/2026Barcelona (Híbrido)Analista
https://www.tecnoempleo.com/arquitecto-mainframe-seguros-michael-page/ci-cd/rf-e385113fb27fb3b3d74b,Arquitecto Mainframe - Seguros,Michael Page,"['Mainframe', 'CI/CD']","- Responsable del diseño conceptual de las soluciones de las plataformas de negocio.

- Responsable del cumplimiento de los patrones, procesos, modelos y estrategias ...",16/06/2026Madrid (Híbrido)Arquitecto TIC
https://www.tecnoempleo.com/front-end-architect-plexus/angular-html5/rf-361515c0524b43c7ba43,Front-End Architect,Plexus,"['Angular', 'HTML5', 'CSS3']","Join Plexus Tech. We are looking for a Front-End Architect profile.

REQUIREMENTS:
  - More than 3 years of experience in software design or end-to-end architecture ...",16/06/2026MadridArquitecto TIC
https://www.tecnoempleo.com/devsecops-engineer-f-m-d-axpo-group/ci-cd-azure/rf-973d12a352d713ca9e46,DevSecOps Engineer (f/m/d),Axpo Group,"['CI/CD', 'azure']","Workload: 80-100% 

Join Axpo Services and make an impact in the dynamic and innovative energy industry. As a DevSecOps Engineer, you´ll play a key role in embedding ...",16/06/2026Madrid (Híbrido)DevOps
https://www.tecnoempleo.com/mid-senior-qa-test-engineer-ust/playwright-jira/rf-2da916def29553ea7f4c,Mid-Senior QA Test Engineer,UST,"['Playwright', 'Jira', 'Xray']","We are still looking for the very Top Talent…and we would be delighted if you were to join our team!

More in details, UST is a multinational company based in North ...",16/06/2026Madrid (Híbrido)Tester/QA
https://www.tecnoempleo.com/senior-java-aws-developer-plexus/spring-boot-jpa/rf-b1be165cf25663986a43,Senior Java AWS Developer,Plexus,"['Java', 'Spring Boot', 'JPA']","Join Plexus Tech. We are looking for a Java AWS Developer to join a team where you can contribute and grow.

REQUIREMENTS:
  - At least 5 years of experience in:  - Java, ...",16/06/2026Madrid (Híbrido)Programador
https://www.tecnoempleo.com/desarrollador-fullstack-net-ingles-alto-sopra-ster/net-c/rf-3dba118d823d437aa74c,Desarrollador/a Fullstack .NET - Inglés alto,Sopra Steria,"['.net', 'C#', '.NET Core']","Descripción de la empresa

Porque trabajar en Sopra Steria, también es sentir Sopra Steria.

Somos un reconocido líder europeo en consultoría, servicios digitales y ...",16/06/2026MadridProgramador
https://www.tecnoempleo.com/cloud-operations-team-lead-accenture/azure-aws/rf-fdcf12ddf272233c3d4a,Cloud Operations Team Lead,Accenture,"['Azure', 'AWS', 'GCP']","At Accenture Technology, we help our clients transform and modernize their technology platforms by combining innovation, operational excellence, and talent. You will ...",16/06/2026MadridDevOps
https://www.tecnoempleo.com/senior-cloud-engineer-sre-ust/aws-cicd/rf-a5731636b28243c4ee45,Senior Cloud Engineer & SRE,UST,"['aws', 'cicd']","We are looking for the very Top Talent…and we would be delighted if you were to join our team!
More in details, UST is a multinational company based in North America, ...",16/06/2026100% remotoDevOps
https://www.tecnoempleo.com/consultor-sap-fi-brim-jornada-parcial-grupo-digita/abap/rf-cfb211e26204d307ed4d,Consultor/a SAP FI + BRIM - Jornada parcial,Grupo Digital,"['sap', 'abap']","Descripción
En GRUPO DIGITAL buscamos para importante compañía internacional del sector infraestructuras cubrir vacante de

Consultor/a SAP FI (BRIM CI)  – Jornada ...",16/06/2026100% remotoConsultorJornada media jornada
https://www.tecnoempleo.com/senior-consultant-it-manager-plexus/finops-cloud/rf-c9ca1e06429f33bc654c,Senior Consultant / IT Manager,Plexus,"['FinOps', 'cloud']","Join Plexus Tech. We are looking for a Senior Consultant / IT Manager profile with solid experience in financial technology transformation, IT governance, executive reporting ...",16/06/2026MadridConsultor
https://www.tecnoempleo.com/sr-software-development-engineer-amazon-business-a/java-c/rf-f8731e0be205536db344,"Sr Software Development Engineer, Amazon Business",Amazon,"['Java', 'C++', 'C#']","The Amazon Business team is building a development team to disrupt the way businesses, governments and institutions purchase their supplies.

Our team is focused on building...",16/06/2026MadridProgramador
https://www.tecnoempleo.com/senior-cloud-operations-engineer-accenture/azure-aws/rf-aa2917e612863359a143,Senior Cloud Operations Engineer,Accenture,"['Azure', 'AWS', 'GCP']","En Accenture Technology ayudamos a nuestros clientes a transformar y operar sus plataformas tecnológicas a escala, combinando innovación, excelencia operativa y talento ...",16/06/2026MadridDevOps
https://www.tecnoempleo.com/it-talent-acquisition-specialist-ust/it-recruitment-rrhh/rf-0c21119d9265b3aff84b,IT Talent Acquisition Specialist,UST,"['it recruitment', 'rrhh']","We are looking for the very Top Talent…and we would be delighted if you were to join our team!

More in details, UST is a multinational company based in North America, ...",16/06/2026Madrid (Híbrido)Reclutador
https://www.tecnoempleo.com/desarrollador-php-symfony-hays/mysql-postgresql/rf-8d0719cc328133cb6646,Desarrollador PHP/Symfony,HAYS,"['PHP', 'Symfony', 'MySQL']","Buscamos incorporar un/a Desarrollador/a PHP/Symfony Mid a nuestro equipo de Ingeniería, formado por cerca de 30 desarrolladores organizados en squads según los distintos ...",16/06/2026Gipuzkoa (Presencial)Programador
https://www.tecnoempleo.com/ingeniero-tecnico-proyectos-pci-page-personnel/autocad-presto/rf-5423162f72c0235e0b43,Ingeniero / técnico de proyectos PCI,Page Personnel,"['AutoCAD', 'Presto', 'Revit']","FUNCIONES: 

Buscamos un/a Project manager de PCI con experiencia en el diseño de instalaciones de protección contra incendios. La persona seleccionada será la encargada ...",16/06/2026MadridIngenieros/Industria
https://www.tecnoempleo.com/consultor-funcional-operaciones-michael-page/microsoft/rf-e93a1c9c2228836e1a44,Consultor Funcional Operaciones,Michael Page,['Microsoft'],"• Analizar y documentar los requisitos funcionales de los proyectos tecnológicos.
• Colaborar estrechamente con equipos técnicos y de negocio para garantizar la ...",16/06/2026100% remotoConsultor
https://www.tecnoempleo.com/cybersecurity-manager-delivery-lead-accenture/ciberseguridad/rf-631b11d332f313661348,Cybersecurity Manager / Delivery Lead,Accenture,['Ciberseguridad'],"Accenture es una compañía global líder en servicios profesionales, que ofrece una amplia gama de servicios en estrategia, consultoría, tecnología y operaciones, con ...",16/06/2026A CoruñaCiberseguridad
https://www.tecnoempleo.com/master-data-specialist-page-personnel/sap-excel/rf-91be1ac902a603be6b43,Master Data Specialist,Page Personnel,"['SAP', 'Excel', 'PowerPoint']","Your main tasks will be:

• Data Stewardship: Own the end-to-end process of creating, updating, enriching, and maintaining master data records, adhering to established ...",16/06/2026Madrid (Híbrido)Analista
https://www.tecnoempleo.com/consultor-amazon-agencia-marketing-page-personnel/marketing/rf-beac1bbfc2b3d32b764c,Consultor Amazon - Agencia Marketing,Page Personnel,['Marketing'],"Perfil buscado (Hombre/Mujer)

● Comunicación directa con cliente - construcción de relaciones sólidas a través de la confianza y la transparencia

● Gestión de ...",16/06/2026MadridConsultor24.000€ - 30.000€ b/a
https://www.tecnoempleo.com/data-center-projects-contract-managers-accenture/contract-lifecycle-manage/rf-9e3210c7b243c36b0d4f,DATA CENTER Projects: Contract Managers,Accenture,"['Contract Lifecycle Management', 'RFP']","At Boslan, we are part of Accenture and a reference in Engineering and Consulting services, providing specialized support in the management and end-to-end development of ...",16/06/2026Madrid (Híbrido)Consultor
https://www.tecnoempleo.com/solutions-architect-banca-cloud-grupo-ns/aws-api/rf-c6311d6a62556339594b,Solutions Architect Banca Cloud,Grupo NS,"['AWS', 'API', 'microservicios']","Grupo NS selecciona Solutions Architect para importante proyecto del sector bancario


En Grupo NS buscamos incorporar un/a Solutions Architect con experiencia en entornos ...",16/06/2026Madrid (Híbrido)Arquitecto TIC
https://www.tecnoempleo.com/full-stack-software-engineer-ingles-alto-grupo-dig/java-spring-boot/rf-e8bf1a5d525053a10c43,Full Stack Software Engineer (Ingles alto),Grupo Digital,"['java', 'spring boot', 'react']","Descripción
¿Te interesa participar en un entorno internacional vinculado al sector de pagos y desarrollar soluciones escalables con tecnologías modernas? Buscamos perfiles...",16/06/2026100% remotoProgramador
https://www.tecnoempleo.com/cloud-devops-engineer-devoteam/aws-eks/rf-db3618d0523a23238c4d,Cloud & DevOps Engineer,Devoteam,"['AWS', 'EKS', 'Kafka']","Company Description

Devoteam es una consultora europea líder enfocada en estrategia digital, plataformas tecnológicas, ciberseguridad y transformación empresarial a trav...",16/06/2026100% remotoDevOps
https://www.tecnoempleo.com/senior-data-analyst-6-months-michael-page/excel-sql/rf-462a18a7923353346346,Senior Data Analyst - 6 months,Michael Page,"['Excel', 'SQL']","Reporting to the Manager of this division, your main responsibilities will be:

• Support effective decision-making through analysis of critical issues, including capacity...",16/06/2026Madrid (Presencial)AnalistaContrato temporal
https://www.tecnoempleo.com/senior-network-virtualization-engineer-vmware-acce/ansible-terraform/rf-f3841fa452a05377ad4f,Senior Network Virtualization Engineer / VMware,Accenture,"['VMware', 'Ansible', 'Terraform']","Accenture, reconocida como Great Place To Work®, una compañía líder mundial en servicios profesionales que ayuda a las principales empresas, administraciones públicas y ...",16/06/2026MadridDevOps
https://www.tecnoempleo.com/analista-datos-powerbi-sopra-steria/power-bi-etl/rf-7624176cc2dbe32ca545,Analista de datos PowerBI,Sopra Steria,"['Power BI', 'ETL', 'SQL Server']","Descripción de la empresa

Porque trabajar en Sopra Steria, también es sentir Sopra Steria.

Somos un reconocido líder europeo en consultoría, servicios digitales y ...",16/06/2026MadridAnalista
https://www.tecnoempleo.com/network-engineer-fortinet-accenture/vlan-sd-wan/rf-31dd177a42fb0349d04c,Network Engineer / Fortinet,Accenture,"['VLAN', 'SD WAN', 'FortiManager']","Accenture, reconocida como Great Place To Work®, una compañía líder mundial en servicios profesionales que ayuda a las principales empresas, administraciones públicas y ...",16/06/2026MadridRedes
https://www.tecnoempleo.com/aws-devops-plexus/github-actions-gitops/rf-27e21d1ad29f932a3540,AWS Devops,Plexus,"['AWS', 'DevOps', 'GitHub Actions']","Join Plexus Tech. We are looking for an AWS DevOps to act as a technical reference for delivery teams, ensuring that integration, deployment, versioning, observability and ...",16/06/2026MadridDevOps
https://www.tecnoempleo.com/rpa-developer-page-personnel/uipath-python/rf-e4da168ae23ac3e2a345,RPA Developer,Page Personnel,"['RPA', 'UiPath', 'Python']","The Digital Enablement Analyst will play a key role in supporting the rollout of digital solutions across the finance streams, with a primary focus on Robotic Process ...",16/06/2026Barcelona (Híbrido)Programador
https://www.tecnoempleo.com/especialista-soporte-it-procesos-seidorcons/itil-cloud/rf-104f1b33623e83816a4c,Especialista Soporte IT Procesos,Seidorcons,"['ITIL', 'Cloud', 'virtualización']","Humanizando la Tecnología.

Somos una gran empresa con alma de start-up. Nos organizamos por unidades de conocimiento expertas que colaboran entre sí.

Por ello buscamos...",16/06/2026BarcelonaSoporte Técnico
https://www.tecnoempleo.com/programador-plc-robotica-page-personnel/siemens-tia-portal/rf-b06b13f6f2af53f4434d,Programador PLC y Robótica,Page Personnel,"['PLC', 'Siemens', 'TIA Portal']","• Desarrollo y programación desde cero de PLC Siemens (TIA Portal, PCS7) para la automatización de procesos industriales.
• Diseño, configuración y programación de ...",16/06/2026CórdobaElectrónica
https://www.tecnoempleo.com/qa-tester-100-remoto-ust/testing-python/rf-1ffc1776e21453c3a44b,QA Tester - 100% remoto,UST,"['QA', 'testing', 'python']","¡Seguimos buscando talento…y nos encantaría que te unieras a nuestro equipo!

Para que nos conozcas algo mejor, UST es una multinacional norteamericana certificada como ...",16/06/2026100% remotoTester/QA
https://www.tecnoempleo.com/jefe-proyectos-infraestructura-digital-talent-agen/linux-windows/rf-6264101c42d323f74644,Jefe/a de Proyectos de Infraestructura,Digital Talent Agency,"['linux', 'windows', 'MySQL']","Descripción
Jefe/a de Proyectos de Infraestructura - RemotoEmpresa: Zemsania
Ubicación: Remoto

En Zemsania, buscamos incorporar a nuestro equipo un/a Jefe/a de Proyectos de...",16/06/2026100% remotoTécnico de Sistemas
https://www.tecnoempleo.com/release-manager-ust/itil-aws/rf-0bac160522cb23bc8248,Release Manager,UST,"['itil', 'aws', 'testing']","We are looking for the very Top Talent…and we would be delighted if you were to join our team!

More in details, UST is a multinational company based in North America, ...",16/06/2026100% remotoConsultor
https://www.tecnoempleo.com/software-engineer-f-m-d-axpo-group/net-c/rf-edac1406322d83e5564d,Software Engineer (f/m/d),Axpo Group,"['.net', 'C#']","Workload: 100% 

Join Axpo Iberia as a Software Engineer and play a key role in modernizing our invoicing solutions across multiple countries. Collaborate with cross-...",16/06/2026MadridProgramador
https://www.tecnoempleo.com/desarrollador-sw-para-simuladores-gmv/c-c/rf-705a10d45296232c2048,Desarrollador/a de SW para Simuladores,GMV,"['C', 'C++', 'Python']","Trabajar en simulación para equipos de navegación significa estar cerca del corazón técnico de sistemas que deben comportarse con precisión, robustez y fiabilidad. En GMV...",16/06/2026Madrid (Híbrido)Analista Programador
https://www.tecnoempleo.com/desarrollador-c-michael-page/c-net/rf-a2a61a7c825a9339f148,Desarrollador/a C#,Michael Page,"['C#', '.NET', 'Angular']","• Diseñar, desarrollar y mantener aplicaciones utilizando C# y .NET.
• Experiencia con Angular en la creación de aplicaciones híbridas multiplataforma (iOS y Android) ...",16/06/2026Navarra (Híbrido)Programador
https://www.tecnoempleo.com/responsable-ingenieria-radiofrecuencia-page-person/electronica/rf-e471149382d7a3264045,Responsable de Ingeniería Radiofrecuencia,Page Personnel,"['Radiofrecuencia', 'electronica']","Perfil buscado (Hombre/Mujer)

• Gestionar y supervisar proyectos de instalación y mantenimiento de sistemas de radiofrecuencia en el terreno.
• Garantizar el ...",16/06/2026MadridElectrónica
https://www.tecnoempleo.com/c-sw-tech-lead-full-remote-hays/c-python/rf-9a331dc6222dc3eb0940,C++ SW Tech Lead Full Remote,HAYS,"['C++', 'Python', 'QT']","Tu nueva empresa. Empresa final internacional del sector Industria 4.0. Sus oficinas están en Barcelona, pero es una vacante para trabajar en remoto desde España. Se espera ...",16/06/2026100% remotoJefe de Equipo
https://www.tecnoempleo.com/ai-agentic-engineer-senior-ey/python-flask/rf-01111af6c2bc13b55c4a,AI / Agentic Engineer - Senior,EY,"['Python', 'Flask', 'FastAPI']","AI / Agentic Engineer - Senior - EY GDS Spain - Hybrid

Senior AI / Agentic Engineer

The opportunity

We are seeking a highly skilled and experienced Senior AI / ...",16/06/2026Málaga (Híbrido)Inteligencia Artificial/Machine Learning
https://www.tecnoempleo.com/data-center-security-specialist-dc-security-team-a/office-cctv/rf-f61d159cc2e39343ac40,"Data Center Security Specialist, DC Security team",Amazon,"['Office', 'CCTV', 'Access Control']","Amazon Web Services offers a fast paced, fun, and exciting work environment. We continue to grow at an exponential rate and are looking for talented, bright, and driven ...",16/06/2026ZaragozaConsultor
https://www.tecnoempleo.com/integration-engineer-ust/net-c/rf-739a1d4ea24883397440,Integration Engineer,UST,"['.net', 'c#', 'sql server']","We are still looking for the very Top Talent…and we would be delighted if you were to join our team!

More in details, UST is a multinational company based in North ...",16/06/2026100% remotoDevOps
https://www.tecnoempleo.com/sap-sd-consultant-accenture/sap/rf-332013ec5249b3e0584d,SAP SD Consultant,Accenture,['SAP'],En Accenture creemos en la tecnología como motor de la reinvención total de la empresa. Trabajamos con las plataformas y los partners líderes en el mercado para impulsar ...,16/06/2026SevillaConsultor
https://www.tecnoempleo.com/java-analyst-programmer-messaging-queues-plexus/spring-boot-kafka/rf-a3c51a662290b3f11842,Java Analyst Programmer (Messaging Queues),Plexus,"['Java', 'Spring Boot', 'Kafka']",Join Plexus Tech. We are looking for a Senior Analyst Programmer with at least 5 years of experience in Java and Spring Boot environments to participate in a logistics project...,16/06/2026MadridAnalista Programador
https://www.tecnoempleo.com/aws-devops-plexus/github-actions-argocd/rf-263a19658233b310c340,AWS Devops,Plexus,"['AWS', 'GitHub Actions', 'ArgoCD']","Details

Join Plexus Tech. We are looking for an AWS DevOps profile to act as a technical reference for delivery teams, ensuring that integration, deployment, versioning, ...",16/06/2026MadridDevOps
https://www.tecnoempleo.com/desarrollador-apigee-sopra-steria/restful/rf-6b971c78320373cf7c45,Desarrollador/a Apigee,Sopra Steria,"['Apigee', 'RESTful']","Descripción de la empresa

Porque trabajar en Sopra Steria, también es sentir Sopra Steria.

Somos un reconocido líder europeo en consultoría, servicios digitales y ...",16/06/2026MadridProgramador
https://www.tecnoempleo.com/direccion-ingenieria-michael-page/ingenieria/rf-db41111fe28b83a35745,Dirección Ingeniería,Michael Page,['Ingeniería'],"El perfil seleccionado deberá liderar el departamento y construir una cultura enfocada en que el departamento de Ingeniería asuma más peso específico del que tiene, para ...",16/06/2026BizkaiaIngenieros/Industria
https://www.tecnoempleo.com/desarrollador-camunda-remoto-grupo-digital/bpmn-dmn/rf-d8101f5ad2c323e8dd49,Desarrollador/a Camunda (Remoto),Grupo Digital,"['camunda', 'bpmn', 'dmn']","Descripción
Trabaja diseñando procesos críticos con Camunda en entornos modernos y altamente integrados.
Un reto técnico real donde podrás aportar arquitectura, buenas pr...",16/06/2026100% remotoProgramador
https://www.tecnoempleo.com/firmware-engineer-sector-iiot-page-personnel/c-microcontroladores/rf-41191a0d1218730a2240,Firmware Engineer- Sector IIOT,Page Personnel,"['C', 'C++', 'Microcontroladores']","• Desarrollar y mantener el firmware para diversos dispositivos y sistemas.
• Trabajar en estrecha colaboración con el equipo de ingeniería de hardware.
• Participar...",16/06/2026Barcelona (Híbrido)Electrónica
https://www.tecnoempleo.com/backend-developer-php-page-personnel/laravel-symfony/rf-edd612844206d399fe46,Backend Developer PHP,Page Personnel,"['Laravel', 'Symfony', 'PHP']","• Migrar los servicios en Laravel 8 (ya sin soporte oficial) a versiones actuales.
• Evaluar y ejecutar la consolidación de servicios para reducir la complejidad ...",16/06/2026Barcelona (Híbrido)Programador
https://www.tecnoempleo.com/head-of-industrial-projects-h-m-d-michael-page/cad/rf-371f1c6282cdb3153148,Head of Industrial Projects (h/m/d),Michael Page,['CAD'],"Perfil buscado

El perfil de Head of Industrial Projects tendrá como objetivo:

• Liderar y coordinar un portfolio de proyectos industriales (nuevas líneas, ...",16/06/2026ZaragozaIngenieros/Industria
https://www.tecnoempleo.com/ingeniero-software-c-grupo-digital/windows-linux/rf-4a3e126bf222c3241e42,Ingeniero/a de Software C,Grupo Digital,"['c', 'windows', 'linux']","Descripción
¿Te interesa trabajar en entornos de desarrollo de bajo nivel donde el rendimiento, la optimización y la arquitectura son clave?
Buscamos un/a Ingeniero/a de ...",16/06/2026Madrid (Híbrido)Programador
https://www.tecnoempleo.com/ingeniero-oficina-tecnica-sector-industrial-page-p/cad/rf-be3a16755286a399a347,Ingeniero Oficina Técnica - Sector industrial,Page Personnel,['CAD'],"• Diseño de piezas, componentes y conjuntos mecánicos para los productos fabricados por la empresa.
• Elaboración y modificación de planos técnicos y documentación ...",16/06/2026BarcelonaIngenieros/Industria36.000€ - 45.000€ b/a
https://www.tecnoempleo.com/consultor-odoo-hays/odoo/rf-573418895242831df348,Consultor/a Odoo,HAYS,['Odoo'],"Desde HAYS estamos colaborando con una empresa en pleno crecimiento, ubicada en Bizkaia, que actualmente se encuentra en búsqueda de un/a Consultor/a Odoo para reforzar su á...",16/06/2026Bizkaia (Híbrido)Consultor
https://www.tecnoempleo.com/full-stack-developer-java-angular-sopra-steria/spring-kafka/rf-f76d1fd432d3b36a7847,Full Stack Developer (java/Angular),Sopra Steria,"['Java', 'Angular', 'Spring']","Descripción de la empresa

Porque trabajar en Sopra Steria, también es sentir Sopra Steria.

Somos un reconocido líder europeo en consultoría, servicios digitales y ...",16/06/2026BarcelonaProgramador
https://www.tecnoempleo.com/tecnico-senior-it-hays/itil-sistemas/rf-b9911c9d12c8639f8f44,Técnico Senior IT,HAYS,"['ITIL', 'Sistemas', 'Redes']","Desde HAYS estamos colaborando con una empresa en pleno crecimiento, ubicada en Gipuzkoa, que actualmente se encuentra en búsqueda de un/a Técnico/a Senior IT para reforzar ...",16/06/2026Gipuzkoa (Presencial)Técnico de Sistemas
https://www.tecnoempleo.com/ingeniero-software-c-gmv/c-c/rf-7d30193de214e31ae84e,Ingeniero/a de Software C++,GMV,"['C++', 'C++', 'Python']","¿Buscas un sitio innovador y consolidado en el que desarrollarte profesionalmente? GMV somos un grupo tecnológico con amplia experiencia.
Estamos ampliando nuestros equipos...",16/06/2026Madrid (Híbrido)Programador
https://www.tecnoempleo.com/qhse-manager-hays/sap-iso/rf-ed521f85d2594337e944,QHSE Manager,HAYS,"['SAP', 'ISO', 'BRC']","Tu nueva empresa Grupo multinacional líder en soluciones de packaging flexible, con fuerte presencia internacional y enfoque en innovación, sostenibilidad y calidad.

Tu ...",16/06/2026Barcelona (Presencial)Consultor45.000€ - 60.000€ b/a
https://www.tecnoempleo.com/help-desk-support-con-aleman-e-ingles-sosmatic/active-directory-ticketing/rf-0b4e15030210a378c247,Help Desk Support con alemán e inglés,Sosmatic,"['Active Directory', 'TICKETING']",Buscamos un/a Técnico/a de Soporte Informático Nivel 1 para incorporarse a nuestro departamento de IT. Serás el primer punto de contacto para la resolución de incidencias ...,16/06/2026Barcelona (Híbrido)Helpdesk24.000€ - 27.000€ b/a
https://www.tecnoempleo.com/analista-funcional-riesgo-credito-capital-cajamar-/python-sql/rf-fcd71bf3d234739f244b,Analista Funcional - Riesgo de Crédito y Capital,Cajamar Tecnología,"['R', 'Python', 'SQL']","Analista Funcional - Riesgo de Crédito y Capital
En Cajamar Tecnología, necesitamos incorporar a una persona en la oficina Risk & Financial.

Cajamar Tecnología es una ...",16/06/2026Almería (Híbrido) y otrasAnalista
https://www.tecnoempleo.com/tecnico-infraestructuras-operacion-ti-cajamar-tecn/itil-cobit/rf-e76f1d5a7288d30eb04e,Técnico Infraestructuras y Operación de TI,Cajamar Tecnología,"['ITIL', 'COBIT']","En Cajamar Tecnología, necesitamos incorporar a una persona en la oficina Gestión del Servicio (SMO). 

¿Quiénes somos?  

 Cajamar Tecnología es una empresa de servicios...",16/06/2026Almería (Híbrido) y otrasTécnico de Sistemas
https://www.tecnoempleo.com/software-developer-engineer-in-test-java-ust/qa-automation/rf-72e81b9d825f33988f4c,Software Developer Engineer in Test Java,UST,"['QA', 'Automation', 'Java']","We are still looking for the very Top Talent...and we would be delighted if you were to join our team!

More in details, UST is a multinational company based in North America...",16/06/2026Madrid (Híbrido)Consultor
https://www.tecnoempleo.com/tecnico-grc-riesgos-it-cumplimiento-baoss/ciberseguridad-iso/rf-da901ce7a2fc731ef94c,Técnico/a GRC - Riesgos IT y Cumplimiento,Baoss,"['GRC', 'Ciberseguridad', 'ISO']","Buscamos Técnico/a GRC – Riesgos IT y Cumplimiento para incorporarse a un equipo especializado en Gobernanza, Riesgos y Cumplimiento, participando en proyectos relacionados...",16/06/2026Madrid y otrasCiberseguridad
https://www.tecnoempleo.com/qa-engineer-macadam-technologies/maestro-typescript/rf-f0c61049025f5381fa47,QA Engineer,Macadam Technologies S.L.,"['Maestro', 'Typescript']","THE ROLE

Working at Macadam as our QA Engineer, you will be the technical architect of our automated testing suites. Your mission is to bridge the gap between manual QA and ...",16/06/2026BarcelonaTester/QA36.000€ - 48.000€ b/a
https://www.tecnoempleo.com/ai-engineer-generative-ai-data-gfr-technologies-se/python-tensorflow/rf-8b5a1483929883dc0344,AI Engineer (Generative AI & Data),GFR Technologies SE,"['Python', 'TensorFlow', 'PyTorch']","GFT es una compañía pionera en transformación digital. Diseñamos soluciones de negocio centradas en la inteligencia artificial (AI-Centric), modernizamos infraestructuras ...",15/06/2026Madrid (Híbrido)Inteligencia Artificial/Machine Learning
https://www.tecnoempleo.com/senior-software-engineer-mobile-factorial/react/rf-46ed1b30823793493a47,Senior Software Engineer - Mobile,Factorial,['React'],"Hello! 

Do you want to help us redefine how AI powers the future of Business Management software, not as an add-on, but as a core part of how people work, decide and grow...",15/06/2026BarcelonaProgramador
https://www.tecnoempleo.com/ai-product-engineer-operations-domain-factorial/llm-python/rf-cae4190c228af3d40e4b,AI Product Engineer - Operations Domain,Factorial,"['LLM', 'AI', 'Python']","Hello! 

Do you want to help us redefine how AI powers the future of Business Management software, not as an add-on, but as a core part of how people work, decide and grow...",15/06/2026Barcelona (Híbrido)Inteligencia Artificial/Machine Learning
https://www.tecnoempleo.com/rwe-data-analyst-expert-sanofi/qlik-tableau/rf-e4f31ef262c0236d5742,RWE Data Analyst Expert,Sanofi,"['Qlik', 'Tableau', 'MicroStrategy']","Job title: Real World Evidence (RWE) Data Analyst Expert

Location: Barcelona

% of travel expected: Travel required as per business need

Job type: Permanent and Full ...",15/06/2026Barcelona (Híbrido)Big Data
https://www.tecnoempleo.com/senior-sap-successfactors-consultant-ey/sap/rf-de4d1007f2a8c36d5745,Senior SAP SuccessFactors Consultant,EY,"['SAP', 'SuccessFactors']","The opportunity 

As a member of our team in the EY GDS Spain office in Malaga, you´ll have a chance to extend your knowledge & experience by working on interesting ...",15/06/2026Málaga (Híbrido)Consultor
https://www.tecnoempleo.com/senior-react-developer-plexus/react/rf-94cc1e7d62c1d3f43e42,Senior React Developer,Plexus,['react'],"Details

Join Plexus Tech. We are looking for a React Developer to join a large-scale, long-term project with significant growth opportunities.
 
With our hybrid model, ...",15/06/2026Madrid (Híbrido)Programador
https://www.tecnoempleo.com/perfil-fullstack-javascript-nodejs-arelance/typescrit-vue3-nodejs/rf-82d7190ee27ab3a75845,Perfil FullStack (Javascript y NodeJS),Arelance,"['Javascript', 'Typescrit', 'Vue3 NodeJS']","En Arelance sabemos que las personas son el activo más importante dentro de una empresa 💡, y por tanto invertimos muchos esfuerzos en buscar a los mejores profesionales ...",15/06/2026Barcelona (Híbrido)Analista Programador27.000€ - 30.000€ b/a
https://www.tecnoempleo.com/tecnico-soporte-multimedia/multimedia/rf-6f971f4a229de32b6042,Técnico/a de soporte multimedia,Empresa tecnologica,['Multimedia'],Buscamos incorporar un/a Técnico/a de Soporte Audiovisual para colaborar en un proyecto de servicios informáticos orientado a la gestión y operación de sistemas en el á...,15/06/2026Barcelona (Presencial)Soporte TécnicoJornada media jornada
https://www.tecnoempleo.com/lider-trazabilidad-calidad-datos-cajamar-tecnologi/azure-sql/rf-5cfb10bf5228e3ff1741,Líder trazabilidad y calidad datos,Cajamar Tecnología,"['AZURE', 'SQL', 'Big Data']","Personal Líder-Ingeniería en trazabilidad y calidad de dato en Almería, Madrid, Salamanca, Sevilla, Valencia, Granada o Murcia

Descripción del puesto: 

Promover e ...",15/06/2026Almería (Híbrido) y otrasBig Data
https://www.tecnoempleo.com/tecnico-campo-arelance/microsoft-365-windows/rf-6ab61934c2d7c37d4942,Técnico/a de Campo,Arelance,"['Microsoft 365', 'Windows', 'antivirus']",En Arelance sabemos que las personas son el activo más importante dentro de una empresa y por tanto invertimos muchos esfuerzos en buscar los mejores profesionales para ...,15/06/2026Barcelona (Presencial)Soporte Técnico
https://www.tecnoempleo.com/responsable-programa-alcampo/j2ee-oracle-financials/rf-5df01ac3d2ce932d6744,Responsable de Programa,Alcampo,"['J2EE', 'Oracle Financials', 'Jira']","En Alcampo creemos en la fuerza de las personas para transformar el mundo y queremos que quienes trabajan con nosotros vivan en un ambiente propicio para hacerlo, por eso ...",15/06/2026Madrid (Híbrido)Jefe de Equipo
https://www.tecnoempleo.com/analista-ciberseguridad-junior-second-window/ciberseguridad/rf-b6231de8a27fe382d848,Analista Ciberseguridad Junior,Second Window,['Ciberseguridad'],En Second Window seleccionamos a un/a Analista de Seguridad Junior con perfil analítico y funcional para integrarse en un proyecto de envergadura global en Madrid. Si te ...,15/06/2026MadridCiberseguridad
https://www.tecnoempleo.com/desarrollador-front-end-react-nextjs-baoss/javascript-es6/rf-4b781ba1d2264310314e,Desarrollador/a Front-End (React / Next.js),Baoss,"['JavaScript', 'ES6', 'React']","Buscamos un/a Desarrollador/a Front-End. La persona seleccionada participará en el desarrollo y evolución de aplicaciones orientadas a mejorar los procesos empresariales, ...",15/06/2026Madrid (Híbrido)Desarrollador Web
https://www.tecnoempleo.com/qa-engineer-mscope/selenium-cypress/rf-6f5e1470d20b93a42744,QA Engineer,mscope,"['selenium', 'cypress', 'playwright']","What we offer
• QA Strategy: Transform manual QA into efficient and scalable processes, providing
quality reporting for teams and clients.
• Continuous Integration: Build ...",15/06/2026Madrid (Híbrido)Tester/QA
https://www.tecnoempleo.com/java-opensource-developer-remoto-o-presencial-zylk/liferay-html/rf-13f211a432881301bd40,Java Opensource Developer (remoto o presencial),ZYLK,"['liferay', 'java', 'html']",Buscamos developers en Java con al menos 1 año de experiencia que tengan interés en desarrollarse profesionalmente en nuestra compañía y con la posibilidad de trabajar en ...,15/06/2026100% remotoAnalista Programador21.000€ - 36.000€ b/a
https://www.tecnoempleo.com/qa-automation-engineer-grupo-digital/microservicios-e2e/rf-88b316ac325af3bf864c,QA Automation Engineer,Grupo Digital,"['microservicios', 'e2e', 'api rest']","Descripción
¿Te gustaría participar en un entorno tecnológico de alta exigencia donde la calidad del software es una pieza clave del desarrollo?
Buscamos un/a SDET con ...",15/06/2026Madrid (Híbrido)Tester/QA
https://www.tecnoempleo.com/tecnico-marketing-360-page-personnel/marketing/rf-881d1c8d327703fe8d4c,Técnico/a de Marketing 360,Page Personnel,['Marketing'],"Reportando al Gerente, la persona seleccionada se responsabilizará de:

• Elaboración y planificación de Plan de Marketing de la compañía a nivel nacional e ...",15/06/2026BarcelonaMarketing
https://www.tecnoempleo.com/ingeniero-devops-openshift-grupo-digital/devops/rf-43091cfa126a63212740,Ingeniero/a DevOps OpenShift,Grupo Digital,"['devops', 'openshift']","Descripción
¿Te interesa participar en proyectos de desarrollo y evolución de aplicaciones en entornos cloud-native?
Buscamos un perfil técnico con experiencia en ...",15/06/2026Madrid (Presencial)DevOps
https://www.tecnoempleo.com/senior-fullstack-php-michael-page/symfony-html/rf-dad0104fa2b7f3c35646,Senior Fullstack PHP,Michael Page,"['PHP', 'Symfony', 'HTML']","• Desarrollo de funcionalidades de producto en PHP con Symfony (Back-end).
• HTML, CSS, JAVASCRIPT (Trabajan con Vue.js)
• Escalado y consolidación de productos ...",15/06/2026Madrid (Híbrido)Programador30.000€ - 60.000€ b/a
https://www.tecnoempleo.com/gestor-proyectos-it-salud-grupo-digital/project-manager/rf-d3cc12c0926e6327674d,Gestor/a Proyectos IT Salud,Grupo Digital,['project manager'],"Descripción
Si tienes experiencia liderando proyectos complejos en el ámbito sanitario y quieres participar en iniciativas estratégicas de transformación digital en Salud...",15/06/2026Barcelona (Híbrido)Jefe de Proyecto
https://www.tecnoempleo.com/system-administrador-senior-hays/postgresql-redis/rf-689510f2323c43cc8442,System Administrador Senior,HAYS,"['PostgreSQL', 'Redis', 'NGINX']","Desde HAYS busquem una persona amb experiència, curiositat i genes de fer créixer una infraestructura sòlida, segura i preparada per al futur per una empresa tecnològica ...",15/06/2026Girona (Híbrido)DevOps
https://www.tecnoempleo.com/cloud-architect-senior-cloud-engineer-deloitte/google-cloud-platform-gcp/rf-07871c7832444335bd41,Cloud Architect / Senior Cloud Engineer,Deloitte,"['Google Cloud Platform', 'GCP', 'Vertex AI']","Te imaginas participando en la transformación de las principales organizaciones nacionales e internacionales?

En Deloitte estamos comprometidos con generar un impacto en ...",15/06/2026Madrid (Híbrido)DevOps
https://www.tecnoempleo.com/senior-java-developer-aubay/spring-openapi/rf-170418d422d873afbe44,Senior Java Developer,Aubay,"['java', 'spring', 'OpenAPI']","Funciones
 
 Sobre el proyecto:

Buscamos un/a Programador/a Senior Java para incorporarse a un proyecto estratégico dentro del sector médico. Formarás parte de un ...",15/06/2026Barcelona (Híbrido)Programador
https://www.tecnoempleo.com/system-administrator-hays/postgresql-redis/rf-c0f1199d223493c04a4f,System Administrator,HAYS,"['PostgreSQL', 'Redis', 'NGINX']","Desde HAYS busquem una persona amb experiència, curiositat i genes de fer créixer una infraestructura sòlida, segura i preparada per al futur per una empresa tecnològica ...",15/06/2026Girona (Híbrido)DevOps
https://www.tecnoempleo.com/responsable-infraestructura-mainframe-michael-page/ibm-z-os/rf-f5b31bcd725263f0474d,Responsable Infraestructura Mainframe,Michael Page,"['IBM', 'Mainframe', 'z/OS']","• Supervisar y gestionar la infraestructura mainframe para garantizar su óptimo rendimiento y disponibilidad.
• Coordinar al equipo técnico encargado de la administraci...",15/06/2026MadridTécnico de Sistemas74.000€ - 80.000€ b/a
https://www.tecnoempleo.com/tecnico-rrhh-hays/ats/rf-0f6e1bfe625a439be04b,Tecnico/a de RRHH,HAYS,"['RRHH', 'ATS']","Para una empresa en la zona de a La Vall d´Albaida, estamos en búsqueda de un/a Técnico/a de RRHH Junior que quiera continuar impulsando su carrera dentro del área de ...",15/06/2026Valencia (Híbrido)Reclutador
https://www.tecnoempleo.com/senior-bi-analyst-michael-page/power-bi-sql/rf-cd121262922b13487d43,Senior BI Analyst,Michael Page,"['Power BI', 'SQL', 'Synapse']","The Senior BI Analyst will do:

• Build and develop our data platform and data lake architecture, ensuring scalability, reliability, and performance.
• Collaborate with...",15/06/2026Madrid (Híbrido)Analista
https://www.tecnoempleo.com/tecnico-informatico-tech-solutions-michael-page/windows-windows-server/rf-eda51d1cb27b23120f47,Técnico/a informático (Tech solutions),Michael Page,"['Windows', 'Windows Server', 'Office']","• Diagnóstico y resolución de incidencias IT en entorno de oficina (conectividad, aplicaciones, sistema operativo).
• Soporte técnico presencial a usuarios (On-site ...",15/06/2026Madrid (Presencial)Soporte Técnico
https://www.tecnoempleo.com/senior-data-strategist-michael-page/crm-kpi/rf-6b1a189a2242832c0d4f,Senior Data Strategist,Michael Page,"['CRM', 'KPI', 'marketing']","• Data Strategy & Lifecycle Management: Lead the definition and execution of end-to-end data strategies, covering the entire lifecycle from data collection and enrichment to...",15/06/2026BarcelonaAnalista
https://www.tecnoempleo.com/ia-engineer-page-personnel/inteligencia-artificial/rf-affc19180240837aca4c,IA Engineer,Page Personnel,['Inteligencia Artificial'],"• Formación de producto DCU a clientes o equipo comercial
• Incorporar automatizaciones e IA en DCU, analizando necesidades y aplicando soluciones
• Gestión de la ...",15/06/2026Girona (Presencial)Inteligencia Artificial/Machine Learning
https://www.tecnoempleo.com/software-engineer-java-sdd-knowmad-mood/spring/rf-033e1276e286d3498443,Software Engineer Java + SDD,knowmad mood,"['java', 'spring']","We are knowmad mood! 

 Somos una compañía líder en transformación digital, en constante evolución y a la vanguardia de la tecnología. Nacimos para provocar un cambio ...",15/06/2026100% remotoProgramador
https://www.tecnoempleo.com/applied-ai-engineer-santander/python-langgraph/rf-fa7a1fd9229913fc9048,Applied AI Engineer,Santander,"['Python', 'LangGraph', 'AutoGen']","Applied AI Engineer

Country: Spain

IT STARTS HERE

Santander (www.santander.com) is evolving from a global, high-impact brand into a technology-driven organization, ...",15/06/2026TarragonaInteligencia Artificial/Machine Learning
https://www.tecnoempleo.com/senior-windows-server-administrator-accenture/windows-server/rf-d07f1f3bc2ebb3432a49,Senior Windows Server Administrator,Accenture,['Windows Server'],"Accenture, reconocida como Great Place To Work®, una compañía líder mundial en servicios profesionales que ayuda a las principales empresas, administraciones públicas y ...",15/06/2026MadridAdministrador
https://www.tecnoempleo.com/tecnico-junior-o-semitecnico-mecanico-michael-page/autocad-solidworks/rf-0d6915f7b2658300d54e,Técnico/a junior o semitécnico mecánico,Michael Page,"['AutoCAD', 'SolidWorks', 'Tekla']","Perfil buscado

Tendrás una posición muy transversal, actuando como apoyo entre fábrica, obra y oficina técnica:

• Visitas a cliente y apoyo en planta

• Toma ...",15/06/2026Huesca y otrasIngenieros/Industria
https://www.tecnoempleo.com/kam-amazon-michael-page/amazon-business-excel/rf-25dc1cf65265833f1f48,KAM Amazon,Michael Page,"['Amazon Business', 'Excel', 'Power BI']","• Take full ownership of the local Amazon Business P&L, ensuring sales growth, profitability, and market share objectives are met in alignment with global strategic ...",15/06/2026BarcelonaMarketing
https://www.tecnoempleo.com/devops-engineer-hays/linux-iac/rf-3b5815c172a0631aac40,Devops Engineer,HAYS,"['Linux', 'IaC', 'CI/CD']","Tu nueva empresa. Desde Hays, estamos trabajando para un cliente final que se encuentra en búsqueda de un DevOps Engineer. En este rol, serás responsable de diseñar, ...",15/06/2026Barcelona (Híbrido)DevOps
https://www.tecnoempleo.com/project-manager-junior-electrico-data-centers-page/project-manager/rf-0935168e422df3e89e46,Project Manager junior Eléctrico - Data centers,Page Personnel,['Project Manager'],"FUNCIONES:

• Responsabilidad sobre la ejecución de obras asignadas dentro de la línea de negocio de centros de datos junto con el Project Manager senior.
• Direcció...",15/06/2026Madrid (Híbrido)Ingenieros/Industria36.000€ - 42.000€ b/a
https://www.tecnoempleo.com/data-engineer-sanofi/python-shell/rf-559715d3f2a7b3f57d4c,Data Engineer,Sanofi,"['Python', 'Shell', 'ETL']","Job title: Data Engineer

- Location: Barcelona, Spain

About the job

We are an innovative global healthcare company with one purpose: to chase the miracles of science ...",15/06/2026Barcelona (Híbrido)Big Data45.000€ - 76.000€ b/a
https://www.tecnoempleo.com/programador-plc-senior-page-personnel/siemens-step7/rf-36021ef2f2f7532a3148,Programador/a PLC Senior,Page Personnel,"['PLC', 'Siemens', 'Step7']","• Programación, modificación y mantenimiento de PLCs y sistemas de automatización industrial.
• Diagnóstico, análisis y resolución de incidencias en planta.
• ...",15/06/2026Valencia (Presencial)Ingenieros/Industria33.000€ - 42.000€ b/a
https://www.tecnoempleo.com/programador-cobol-aubay/jcl-db2/rf-a2ab1f8c621143f86344,Programador/a Cobol,Aubay,"['cobol', 'JCL', 'DB2']","Funciones
 
 Programación de tareas y nuevos desarrollos de complejidad media/alta

Horario flexible de lunes a jueves de 7:30 a 9.30h hasta las 16:30 o 18.30h (en funci...",15/06/2026BarcelonaProgramador
https://www.tecnoempleo.com/rwe-data-scientist-sanofi/machine-learning-deep-learning/rf-0f271a35d225e32a0b4d,RWE Data Scientist,Sanofi,"['data', 'machine learning', 'Deep Learning']","RWE Data Scientist 

- Location: Barcelona, Spain

About the job

Our Team

Our Hubs are a crucial part of how we innovate, improving performance across every Sanofi ...",15/06/2026Barcelona (Híbrido)Analista
https://www.tecnoempleo.com/microsoft-dynamics-365-solutions-architect-michael/dynamics-365-power-plat/rf-67a11604a2a6434c8949,Microsoft Dynamics 365 Solutions Architect,Michael Page,"['Dynamics 365', 'Power Platform', 'Power Apps']","• Diseñar e implementar soluciones basadas en Microsoft Dynamics 365 según las necesidades del negocio y los sistemas existentes.
• Colaborar con equipos ...",15/06/2026Madrid (Híbrido)Arquitecto TIC
https://www.tecnoempleo.com/flight-test-instrumentation-engineer-airbus/telemetry-wireshark/rf-8b1018be82506313c541,Flight Test Instrumentation Engineer,Airbus,"['Telemetry', 'Wireshark', 'IPerf']","Job Description:

An opportunity for a Flight Test Instrumentation Engineer has arisen within Airbus Defence and Space, Getafe (Madrid).

The mission of Flight Tests ...",15/06/2026MadridIngenieros/Industria
https://www.tecnoempleo.com/project-manager-industrial-michael-page/project-manager/rf-15211711528ab3bfdb44,Project Manager Industrial,Michael Page,['Project Manager'],"Las principales funciones que realizarás como Project manager Industrial son:

• Planificar, coordinar y supervisar proyectos.
• Gestionar los recursos necesarios para...",15/06/2026ValenciaJefe de Proyecto
https://www.tecnoempleo.com/product-manager-page-personnel/product-manager-marketing/rf-14b918cfb2f253dbf442,Product Manager,Page Personnel,"['Product Manager', 'marketing']","Perfil buscado (Hombre/Mujer)

• Definir y ejecutar la estrategia de producto y el roadmap de lanzamientos (nuevas formaciones).
• Ser responsable 360º de un portfolio...",15/06/2026Madrid (Híbrido)Jefe de Equipo30.000€ - 33.000€ b/a
https://www.tecnoempleo.com/senior-data-engineer-ust/dataiku-sql/rf-74bf1e2a7295b36d1244,Senior Data Engineer,UST,"['Dataiku', 'SQL', 'Python']","We are looking for the very Top Talent…and we would be delighted if you were to join our team!

More in details, UST is a multinational company based in North America, ...",15/06/2026Madrid (Híbrido)Big Data
https://www.tecnoempleo.com/electromecanico-a-page-personnel/industrial-mecanica/rf-61571a26e220d30bbd43,Electromecánico/a,Page Personnel,"['industrial', 'mecánica', 'electricidad']","Las principales funciones que realizarás como Electromecánico/a son:

• Realizar el mantenimiento preventivo y correctivo de la maquinaria industrial.
• Diagnosticar ...",15/06/2026Valencia (Presencial)Técnico de Mantenimiento27.000€ - 30.000€ b/a
https://www.tecnoempleo.com/senior-event-manager-michael-page/marketing/rf-f1e21278c24533d92646,Senior Event Manager,Michael Page,['marketing'],"Perfil buscado (Hombre/Mujer)

• Gestión integral de los proyectos asignados, desde la fase inicial hasta la entrega final
• Elaboración de propuestas, presupuestos y...",15/06/2026Madrid (Híbrido)Marketing54.000€ - 60.000€ b/a
https://www.tecnoempleo.com/tecnico-soporte-onsite-grupo-digital/intune-hypercare/rf-8fe71c01d26a53f1cb42,Tecnico soporte ONSite,Grupo Digital,"['soporte', 'intune', 'hypercare']","Descripción
en GP DIGITAL buscamos para cliente ser sector  IT

Técnico de Soporte Onsite – Granada (Presencial)

¿Te gustaría formar parte de un proyecto estratégico ...",15/06/2026Granada (Presencial)Soporte Técnico
https://www.tecnoempleo.com/backend-engineer-nodejs-aws-aubay/terraform/rf-298e166fc2df83cc1143,Backend Engineer Node.js +AWS,Aubay,"['node', 'AWS', 'Terraform']","Funciones
 
 Ubicación: Puesto híbrido en Barcelona (cerca Metro Bogatell) (3-4 días en remoto, 1-2 días presenciales a la semana)
 
Estamos buscando un Backend ...",15/06/2026Barcelona (Híbrido)DevOps
https://www.tecnoempleo.com/ingeniero-procesos-page-personnel/ingenieria-industrial/rf-2d63195af28b53f5d74a,Ingeniero/a de Procesos,Page Personnel,"['ingenieria', 'industrial']","Las principales funciones que realizarás como Ingeniero/a de Procesos son:

• Analizar y optimizar los procesos de producción para maximizar la eficiencia.
• Diseñar...",15/06/2026CastellónIngenieros/Industria
https://www.tecnoempleo.com/energy-test-means-engineer-airbus/labview-veristand/rf-6e5718de4229333f894c,Energy Test Means Engineer,Airbus,"['LabVIEW', 'VeriStand', 'DIAdem']","Job Description:

Come Join Our Team!

An opportunity for an Energy Test Means Engineer has arisen within Airbus Defence and Space, Getafe (Madrid). The selected candidate...",15/06/2026MadridIngenieros/Industria
https://www.tecnoempleo.com/senior-net-angular-developer-michael-page/net-core-net/rf-ca22192e822ee3b5be45,Senior .NET & Angular Developer,Michael Page,"['.NET Core', '.NET', 'Angular']","• Desarrollar y evolucionar aplicaciones .NET (Core / Framework) y Angular, asegurando calidad, rendimiento y mantenibilidad.
• Trabajar de forma totalmente autónoma en ...",15/06/2026Barcelona (Híbrido)Programador
https://www.tecnoempleo.com/operador-l2-ciberseguridad-gmv/windows-linux/rf-866b1798a27143e90248,Operador/a L2 de Ciberseguridad,GMV,"['Ciberseguridad', 'Windows', 'Linux']",Si el único programa que se te resiste es el de la lavadora… ¡Tu sitio está con nosotros! Estamos ampliando nuestros equipos en el sector ciberseguridad para asumir ...,15/06/2026Madrid (Presencial)Ciberseguridad
https://www.tecnoempleo.com/tecnico-calidad-page-personnel/iso-reach/rf-ccd41ffed22fd352fe47,Técnico/a de calidad,Page Personnel,"['ISO', 'REACH', 'calidad']","Formarás parte del área de Sistema de Gestión y serás responsable de garantizar el correcto mantenimiento y cumplimiento del Sistema Integrado de Gestión (Calidad, Medio ...",15/06/2026Barcelona (Presencial)Sistemas de Calidad
https://www.tecnoempleo.com/tecnico-supply-chain-page-personnel/supply-chain/rf-720612ed52cdd366204e,Técnico/a de Supply Chain,Page Personnel,['Supply Chain'],"• Gestionar aclaraciones técnicas y de alcance con los subcontratistas.
• Confirmar y/o renegociar costes y plazos de entrega.
• Formalizar pedidos.
• Seguimiento ...",15/06/2026Sevilla (Híbrido)Ingenieros/Industria
https://www.tecnoempleo.com/senior-ia-automation-engineer-michael-page/python-apis-rest/rf-f1531d1072d8732f3d40,Senior IA Automation Engineer,Michael Page,"['Python', 'APIs REST', 'Microservicios']","• Diseñar, desarrollar e implementar soluciones de automatización basadas en Inteligencia Artificial (IA).
• Analizar los procesos existentes para identificar ...",15/06/2026Madrid (Híbrido)Inteligencia Artificial/Machine Learning
https://www.tecnoempleo.com/electromecanico-a-page-personnel/plc-hmi/rf-517a107f5274d3a5db4a,Electromecánico/a,Page Personnel,"['PLC', 'HMI']","Las principales funciones como electromecánico/a en Murcia serán:

En fábrica

• Montaje de maquinaria mecánicamente, eléctricamente y neumáticamente.
• Carga ...",15/06/2026MurciaIngenieros/Industria30.000€ - 36.000€ b/a
https://www.tecnoempleo.com/ai-search-innovation-strategist-feverup/llm-seo/rf-037b193e020e63fb774d,AI Search Innovation Strategist,FeverUp,"['LLM', 'SEO', 'Python']","Hey there! 
We´re Fever, the world´s leading tech platform for culture and live entertainment.

Our mission? To democratize access to culture and entertainment. With our ...",15/06/2026Madrid (Híbrido)Analista Programador
https://www.tecnoempleo.com/data-engineer-frances-sopra-steria/scala-spark/rf-d40e1373924f3318544c,Data Engineer (Francés),Sopra Steria,"['scala', 'spark']","Descripción de la empresa

Porque trabajar en Sopra Steria, también es sentir Sopra Steria.

Somos un reconocido líder europeo en consultoría, servicios digitales y ...",15/06/2026Madrid (Híbrido)Big Data
https://www.tecnoempleo.com/software-engineer-for-aircraft-simulator-airbus/c-python/rf-fe9d139ef213c3127742,Software Engineer for Aircraft Simulator,Airbus,"['C++', 'Python', 'Jenkins']","Job Description:

If you are passionate about fighter aircrafts, you spend hours with flight simulators and you are looking for an opportunity to work in a company with ...",15/06/2026MadridIngenieros/Industria
https://www.tecnoempleo.com/sap-basis-consultant-sap-rise-cloud-grupo-digital/sap-basis-sap-rise/rf-005e1b1a622773aa1944,SAP Basis Consultant SAP RISE & Cloud,Grupo Digital,"['sap basis', 'sap rise', 'hana']","Descripción
¿Te gustaría participar en proyectos de transformación SAP de gran impacto trabajando con entornos SAP RISE y SAP S/4HANA?
Buscamos un perfil SAP Basis con ...",15/06/2026100% remotoConsultor
https://www.tecnoempleo.com/functional-product-owner-business-client-ust/agile-jira/rf-d9df182a22be236ed44e,Functional Product Owner (Business Client),UST,"['agile', 'jira', 'confluence']","We are looking for the very Top Talent…and we would be delighted if you were to join our team!

More in details, UST is a multinational company based in North America, ...",15/06/2026100% remotoResponsable de Producto
https://www.tecnoempleo.com/sap-sd-order-to-cash-consultant-ey/hana/rf-2a2b198632dc133ef243,SAP SD/Order to Cash Consultant,EY,"['sap', 'hana']","SAP SD/Order to Cash Senior Consultant
Right now, we are looking for an SAP SD/Order to Cash Senior Consultant to join our EY GDS Consulting Services team focused on ...",15/06/2026MálagaConsultor
https://www.tecnoempleo.com/desarrollador-java-wso2-sopra-steria/mulesoft-apigee/rf-3a6113aa92e4b35bef4a,Desarrollador Java + WSO2,Sopra Steria,"['java', 'WSO2', 'MuleSoft']","Descripción de la empresa

Porque trabajar en Sopra Steria, también es sentir Sopra Steria.

Somos un reconocido líder europeo en consultoría, servicios digitales y ...",15/06/2026MadridProgramador
https://www.tecnoempleo.com/head-of-operations-michael-page/adobe-creative-suite-dam/rf-619d17e49253c3462843,Head of Operations,Michael Page,"['Adobe Creative Suite', 'DAM', 'PMP']","Perfil buscado

• Excelencia Operacional

• Asegurar estándares de calidad y cumplimiento de plazos. Optimizar capacidad, recursos y procesos mediante estandarizació...",15/06/2026MadridJefe de Proyecto
https://www.tecnoempleo.com/consultor-it-sanitario-sopra-steria/analisis-consultoria/rf-1b8e1edfb21513728d4f,Consultor/a IT Sanitario,Sopra Steria,"['analisis', 'consultoria']","Descripción de la empresa

Porque trabajar en Sopra Steria, también es sentir Sopra Steria.

Somos un reconocido líder europeo en consultoría, servicios digitales y ...",15/06/2026Sevilla (Híbrido)Consultor
https://www.tecnoempleo.com/core-digital-campus-sap-developer-f-m-d-airbus/hana-fiori/rf-281d1ba0821763388b4b,CORE DIGITAL CAMPUS - SAP Developer (f/m/d),Airbus,"['sap', 'hana', 'fiori']","Job Description:

Airbus Helicopters is looking for a SAP Product Manager, Digital Enablement & Learning Platforms (f/m/d) to join our ERP team based in Albacete, Spain.

...",15/06/2026AlbaceteProgramador
https://www.tecnoempleo.com/business-analyst-digital-talent-agency/jira-confluence/rf-8a481256425513983340,Business Analyst,Digital Talent Agency,"['jira', 'confluence']","Descripción
Business Analyst - Hibrido Madrid 📊
Ubicación: Las Tablas, Madrid (Modelo Híbrido) 📍
Tipo de Contrato: Contrato con Zemsania Global Group 🤝

En ...",15/06/2026Madrid (Híbrido)Analista
https://www.tecnoempleo.com/ingeniero-junior-proyectos-industriales-page-perso/industrial/rf-72d41d14227773880149,Ingeniero/a Junior Proyectos Industriales,Page Personnel,['industrial'],"• Dar soporte en la gestión y coordinación de proyectos industriales.
• Participar en la planificación, seguimiento y control de plazos y costes.
• Colaborar con ...",15/06/2026SevillaIngenieros/Industria
https://www.tecnoempleo.com/mecanico-industrial-page-personnel/mecanica/rf-d99e135e822aa346214b,Mecánico industrial,Page Personnel,['mecanica'],"• Control del funcionamiento y reparación de maquinaria industrial.
• Montaje y desmontaje de maquinaria.
• Mantenimiento correctivo y preventivo de maquinaria.
• ...",15/06/2026ToledoIngenieros/Industria
https://www.tecnoempleo.com/administrador-linux-almacenamiento-gmv/kubernetes-netapp/rf-7ffd17b4324bb3321446,"Administrador/a Linux, Almacenamiento",GMV,"['Linux', 'Kubernetes', 'NetAPP']",¿Quieres enfrentarte a nuevos retos sin renunciar a la estabilidad que da un grupo tecnológico de amplia experiencia? En GMV estamos ampliando nuestro equipo corporativo ...,15/06/2026Madrid (Híbrido)Técnico de Sistemas
https://www.tecnoempleo.com/microsoft-dynamics-365-lead-developer-michael-page/dynamics-365-azure/rf-8956141ba20773c28347,Microsoft Dynamics 365 Lead Developer,Michael Page,"['Dynamics 365', 'Azure']","• Desarrollar y personalizar soluciones en Microsoft Dynamics 365 para satisfacer las necesidades específicas del negocio.
• Supervisar y liderar proyectos de ...",15/06/2026Madrid (Híbrido)Consultor
https://www.tecnoempleo.com/tecnico-diseno-con-autocad-page-personnel/3d/rf-87a11a64f2a9334aab44,Técnico/a de Diseño con AutoCAD,Page Personnel,"['AutoCAD', '3D']","• Elaboración de planos y diagramas en 2D y 3D mediante AutoCAD.
• Asistencia técnica telefónica a clientes a nivel nacional e internacional.
• Visitas puntuales (...",15/06/2026MadridIngenieros/Industria30.000€ - 36.000€ b/a
https://www.tecnoempleo.com/desarrollador-frontend-senior-digital-talent-agenc/typescript-angular/rf-1fc313c432b2131b0345,Desarrollador/a Frontend Senior,Digital Talent Agency,"['typescript', 'angular', 'react']","Descripción
Desarrollador/a Frontend Senior - Hibrido Barcelona 💻
¡Únete a Zemsania y lidera la innovación en el sector medioambiental! 🌍

Zemsania Global Group ...",15/06/2026Barcelona (Híbrido)Desarrollador Web
https://www.tecnoempleo.com/electromecanico-sat-page-personnel/electromecanica/rf-dd7f1390e2d083601946,Electromecánico SAT,Page Personnel,['Electromecánica'],"Perfil buscado (Hombre/Mujer)

Asesorarás técnicamente a clientes, te coordinarás con equipos internos y garantizarás el cumplimiento de los estándares de seguridad, ...",15/06/2026GipuzkoaTécnico de Mantenimiento30.000€ - 36.000€ b/a
https://www.tecnoempleo.com/consultor-sap-sd-grupo-digital/sap-sd/rf-821b1c94127913e6644c,Consultor SAP SD,Grupo Digital,"['sap sd', 'sap']","Descripción
en GP DIGITAL buscamos para cliente ser sector alimentacion

CONSULTOR SAP SD  

Únete a un proyecto estable en entorno SAP, participando en iniciativas clave de...",15/06/2026100% remotoConsultor
https://www.tecnoempleo.com/tecnico-mantenimiento-industrial-page-personnel/electromecanica-mecatronic/rf-1a681b4582ee93cd6844,Técnico/a de Mantenimiento Industrial,Page Personnel,"['electromecánica', 'mecatrónica']","• Realizar el mantenimiento preventivo y correctivo de maquinaria industrial con sistemas electrohidráulicos.
• Diagnosticar y resolver averías en equipos eléctricos e...",15/06/2026BizkaiaIngenieros/Industria27.000€ - 30.000€ b/a
https://www.tecnoempleo.com/agile-facilitator-m-f-d-basf/azure-devops/rf-b7b0154172fcc3fdbf4e,Agile Facilitator (m/f/d),BASF,"['agile', 'Azure DevOps']","WELCOME TO BASF

At BASF Digital Hub Madrid we develop innovative digital solutions for BASF, create new exciting customer experiences and business growth, and drive ...",15/06/2026MadridConsultor
https://www.tecnoempleo.com/cloud-engineer-l3-michael-page/azure-vmware/rf-63ee15413298237d374e,Cloud Engineer (L3),Michael Page,"['Azure', 'VMware', 'Terraform']","Essential Roles & Responsibilities

• Implement and support Azure and Private Cloud infrastructure solutions
• Configure, manage, and optimise compute, storage, ...",15/06/2026BarcelonaDevOps
https://www.tecnoempleo.com/sap-manufacturing-operations-expert-michael-page/hana-salesforce/rf-09ed12cfd2eca387df41,SAP Manufacturing & Operations Expert,Michael Page,"['SAP', 'HANA', 'Salesforce']","• Design and develop architectural solutions for Manufacturing & Operations processes, with a strong focus on SAP logistics modules (PP, PM, QM, and CS).
• Collaborate ...",15/06/2026Barcelona (Híbrido)Arquitecto TIC
https://www.tecnoempleo.com/consultor-oracle-funcional-engineering-center-delo/oracle-erp-cloud/rf-42661aaa0280d3baff41,Consultor Oracle funcional - Engineering Center,Deloitte,"['Oracle ERP Cloud', 'Oracle']","Te imaginas participando en la transformación de las principales organizaciones nacionales e internacionales?

En Deloitte estamos comprometidos con generar un impacto en ...",15/06/2026Zaragoza (Híbrido)Consultor
https://www.tecnoempleo.com/s4-hana-order-to-cash-master-data-lead-sanofi/sap/rf-0eec126512ddb3a3ee4e,S4 Hana Order to Cash Master Data Lead,Sanofi,"['sap', 'hana']","S4 Hana Order to Cash Master Data Lead 

- Location: Barcelona, Spain

About the Job

This position is part of the Business System Owner team within the Order to Serve (...",15/06/2026Barcelona (Híbrido)Jefe de Equipo
https://www.tecnoempleo.com/project-manager-ingenieria-fabricacion-michael-pag/project-manager/rf-1da4115b127473ad284d,Project Manager - Ingeniería y fabricación,Michael Page,['Project Manager'],"Perfil buscado (Hombre/Mujer)

El/la Project Manager, reportando a Operations Manager, se encargará de:

• Gestionar el proyecto completo en cuanto a alcance y ...",15/06/2026BarcelonaIngenieros/Industria45.000€ - 54.000€ b/a
https://www.tecnoempleo.com/project-manager-page-personnel/project-manager/rf-407c1fd782465340684d,Project Manager,Page Personnel,['project manager'],"Perfil buscado (Hombre/Mujer)

• Liderar proyectos dentro del área de automoción, asegurando su correcta ejecución.
• Gestionar plazos, costes y calidad, así como ...",15/06/2026ValenciaJefe de Proyecto45.000€ - 45.000€ b/a
https://www.tecnoempleo.com/sms-manager-michael-page/safety-risk-management/rf-7a7517e3b22ff3dbcc4e,SMS Manager,Michael Page,"['safety', 'risk management']","Buscamos un/a SMS Manager, un rol clave para garantizar que la seguridad no solo esté definida en procesos, sino integrada en el día a día de la operación.

Será una ...",15/06/2026MadridConsultor
https://www.tecnoempleo.com/tecnico-mantenimiento-industrial-page-personnel/electromecanica/rf-28b616fe72a93326ea40,Técnico/a de Mantenimiento Industrial,Page Personnel,"['electromecanica', 'industrial']","Perfil buscado (Hombre/Mujer)

Formarás parte del equipo de mantenimiento, participando activamente en el buen funcionamiento de la planta:

Realizarás el mantenimiento ...",15/06/2026ÁlavaIngenieros/Industria27.000€ - 30.000€ b/a
https://www.tecnoempleo.com/ingeniero-proyectos-page-personnel/industrial-autocad/rf-61341e02a2071356934c,Ingeniero de Proyectos,Page Personnel,"['industrial', 'Autocad']","El cometido principal del candidato/a será dar soporte técnico y comercial en el desarrollo de proyectos industriales, principalmente relacionados con turbinas de vapor. ...",15/06/2026BarcelonaIngenieros/Industria
https://www.tecnoempleo.com/product-manager-ingles-avanzado-page-personnel/sap-pim/rf-26161b84b2a233cd014d,Product manager inglés avanzado,Page Personnel,"['SAP', 'PIM', 'Power BI']","• Diseñar estrategias creativas para lanzamientos de productos.
• Elaborar argumentarios de venta y campañas de marketing adaptadas al canal.
• Diseñar y actualizar...",15/06/2026Madrid (Híbrido)Jefe de Proyecto30.000€ - 36.000€ b/a
https://www.tecnoempleo.com/data-demand-manager-senior-p-c-sanofi/bi/rf-0a2a1459f23423beb340,Data Demand Manager Senior P&C,Sanofi,"['data', 'BI']","Data Demand Manager Senior P&C 

- Location: Barcelona, Spain

About the Job

The Data Senior Demand Manager for People & Culture serves as strategic leader and primary ...",15/06/2026Barcelona (Híbrido)Jefe de Equipo
https://www.tecnoempleo.com/project-manager-michael-page/office-sap/rf-acdd193f92efb3fce442,Project Manager,Michael Page,"['Office', 'Project', 'SAP']","• Planificar, coordinar y supervisar proyectos de ingeniería en el sector industrial y de fabricación.
• Coordinar el desarrollo de proyectos en distintas ubicaciones ...",15/06/2026ZaragozaJefe de Proyecto
https://www.tecnoempleo.com/practicas-consultoria-ciberseguridad-ey/ciberseguridad/rf-f6ff19451238a3afaa4f,Prácticas Consultoría Ciberseguridad,EY,['Ciberseguridad'],"En EY, damos forma al futuro con confianza.

En EY encontrarás mucho más que un empleo: una oportunidad real para crecer, aprender y dejar huella en una firma global lí...",15/06/2026BarcelonaCiberseguridadContrato prácticas
https://www.tecnoempleo.com/rpa-hyperautomation-developer-page-personnel/uipath-power-platform/rf-1b22101a828cf3cd694b,RPA / Hyperautomation Developer,Page Personnel,"['RPA', 'UiPath', 'Power Platform']","The RPA / Hyperautomation Developer is responsible for designing, developing, and implementing intelligent automation (RPA) solutions to improve operational efficiency by ...",15/06/2026Barcelona (Híbrido)Programador
https://www.tecnoempleo.com/fp-grado-ingenieria-industrial-junior-page-personn/industrial/rf-3b3e16d1d218e30b5f4a,FP /  Grado Ingeniería industrial Junior,Page Personnel,['Industrial'],"• Gestionar proyectos industriales, asegurando el cumplimiento de los plazos y estándares de calidad establecidos.
• Desarrollar y mantener relaciones comerciales con ...",15/06/2026GuadalajaraIngenieros/IndustriaContrato temporal
https://www.tecnoempleo.com/java-camunda-engineer-tech-solutions-michael-page/spring/rf-9123124f3262436c2741,Java - Camunda Engineer (Tech solutions),Michael Page,"['java', 'spring', 'Camunda']","Perfil buscado (Hombre/Mujer)

• Diseñar, modelar e implementar procesos de negocio utilizando Camunda (BPMN, DMN y CMMN).
• Desarrollar y mantener aplicaciones ...",15/06/2026100% remotoAnalista Programador
https://www.tecnoempleo.com/senior-sap-logistics-consultant-michael-page/sap/rf-cf411939029ec32ae54a,Senior SAP Logistics Consultant,Michael Page,['SAP'],"• Gestionar y liderar proyectos SAP relacionados con logística, asegurando el cumplimiento de los objetivos establecidos.
• Analizar y documentar los requerimientos del ...",15/06/2026A CoruñaConsultor
https://www.tecnoempleo.com/project-manager-construccion-industrializada-page-/project-manager/rf-a68815292270e3b0f34c,Project Manager Construcción Industrializada,Page Personnel,['Project Manager'],"• Gestión y supervisión de proyectos de construcción modular residencial, principalmente vivienda unifamiliar.
• Coordinación y seguimiento de varias obras de manera ...",15/06/2026MadridIngenieros/Industria
https://www.tecnoempleo.com/internship-machine-learning-for-stress-analyses-ai/python-machine-learning/rf-529f1268721633b8be42,INTERNSHIP Machine Learning for Stress Analyses,Airbus,"['Python', 'Machine Learning']","Job Description:

Ready to join one of our Graduate Programs in Spain?

AIRBUS offer more than 70 vacancies for our full time graduate program in Spain - #Discover II 2026...",15/06/2026MadridInteligencia Artificial/Machine Learning
https://www.tecnoempleo.com/programador-java-spring-batch-grupo-digital/spring-batch/rf-ceb313be02d7635cc44d,Programador/a Java Spring Batch,Grupo Digital,"['java', 'spring batch', 'spring']","Descripción
Buscamos perfiles con experiencia en Java Spring Batch y conocimientos del estándar EIAC para incorporarse a un proyecto estable, 100% remoto

Condiciones:
...",15/06/2026100% remotoProgramador
https://www.tecnoempleo.com/ingeniero-diseno-mecanico-page-personnel/solidworks-autocad/rf-77a71ac762e073c5394b,Ingeniero/a de Diseño Mecánico,Page Personnel,"['Solidworks', 'Autocad']","Las funciones principales son:

• Diseñar, desarrollar e implementar soluciones mecánicas innovadoras para proyectos específicos.
• Supervisar el proceso de ...",15/06/2026MadridIngenieros/Industria33.000€ - 45.000€ b/aJornada intensiva mañana
https://www.tecnoempleo.com/desarrollador-abap-wm-ewm-seidorcons/sap/rf-44e31502629ca3181b43,Desarrollador/a ABAP WM/EWM,Seidorcons,"['SAP', 'ABAP']","Humanizando la Tecnología. 

Somos una gran empresa con alma de start-up. Nos organizamos por unidades de conocimiento expertas que colaboran entre sí. 

Por ello ...",15/06/2026BarcelonaProgramador
https://www.tecnoempleo.com/android-developer-accenture/kotlin/rf-c9bd191e729ae35aa946,Android Developer,Accenture,"['Kotlin', 'Android']","Accenture Song accelerates growth and value for our clients. It is where professionals reimagine industries, products, and services-covering everything from ideation to ...",15/06/2026100% remotoDesarrollador Móvil
https://www.tecnoempleo.com/soporte-aplicaciones-senior-entorno-lamp-tuyu-tech/linux-apache/rf-6d7a186ee245e33beb42,Soporte de Aplicaciones Senior (Entorno LAMP),Tuyú Technology,"['LAMP', 'LINUX', 'APACHE']",¿Tienes más de 3 años de experiencia en entornos LAMP? Buscamos un Soporte de Aplicaciones Senior (Entorno LAMP) - Responsable de Proyectos para mantener aplicaciones de ...,15/06/2026Madrid (Híbrido) y otrasSoporte Técnico36.000€ - 39.000€ b/a
https://www.tecnoempleo.com/project-manager-it-automation-page-personnel/python-aws/rf-735b109ac28053b3eb4d,Project Manager - IT & Automation,Page Personnel,"['Python', 'AWS', 'Azure']","Entender los procesos de negocio y detectar oportunidades de mejora a nivel tecnológico.
Diseñar e implementar soluciones IT orientadas a la automatización y eficiencia ...",12/06/2026Madrid (Híbrido)Jefe de Proyecto39.000€ - 45.000€ b/a
https://www.tecnoempleo.com/tecnico-marketing-page-personnel/cms-ecommerce/rf-51d21fc0228ae3f72144,Técnico de Marketing,Page Personnel,"['CMS', 'ecommerce', 'marketing']","• Definir e implementar la estrategia de marketing alineada con el plan de crecimiento
• Gestionar y optimizar la página web, incluyendo la integración de pedidos ...",12/06/2026ValenciaMarketing
https://www.tecnoempleo.com/business-analyst-wealth-management-ust/data-modeling-xml/rf-631c1b9d527833987d4c,Business Analyst (wealth management),UST,"['data modeling', 'xml', 'SQL']","We are looking for the very Top Talent…and we would be delighted if you were to join our team!

More in details, UST is a multinational company based in North America, ...",12/06/2026MadridAnalista
https://www.tecnoempleo.com/senior-data-engineer-ust/tableau-python/rf-065a1b7b922f93526b42,Senior Data Engineer,UST,"['tableau', 'python', 'sql']","We are looking for the very Top Talent…and we would be delighted if you were to join our team!

More in details, UST is a multinational company based in North America, ...",12/06/2026Madrid (Híbrido)Big Data
https://www.tecnoempleo.com/business-analyst-it-ingles-alto-grupo-digital/business-analyst/rf-647617c872b003940147,Business Analyst IT (Ingles alto),Grupo Digital,['business analyst'],"Descripción
Buscamos una persona con perfil consultivo y visión técnica, capaz de entender las necesidades del cliente y comunicarse con equipos multidisciplinares en ingl...",12/06/2026Barcelona (Híbrido)Analista
https://www.tecnoempleo.com/middleware-cloud-engineer-nextret/ibm-websphere-apache-tomcat/rf-a581172e32ca53b99241,Middleware & Cloud Engineer,Nextret,"['IBM WebSphere', 'Apache Tomcat', 'middelware']","¿Tienes experiencia administrando entornos middleware, web servers y cloud infrastructure, y te gustaría participar en proyectos internacionales dentro de una multinacional ...",12/06/2026Barcelona (Híbrido)DevOps
https://www.tecnoempleo.com/consultor-wms-sga-manhattan-grupo-digital/wms/rf-78371abef230e3808549,Consultor/a WMS / SGA MANHATTAN,Grupo Digital,"['wms', 'sga', 'manhattan']","Descripción
en GP DIGITAL buscamos para cliente del sector  RETAIL 

CONSULTOR/A WMS / SGA MANHATTAN 
¿Te gustaría participar en proyectos de transformación logística y...",12/06/2026100% remotoConsultor
https://www.tecnoempleo.com/project-manager-banca-riesgos-recuperaciones-grupo/middleware-tallyman/rf-e440176ba24c4308db4e,Project Manager Banca. Riesgos y Recuperaciones,Grupo Digital,"['middleware', 'tallyman', 'powercurve']","Descripción
¿Te gustaría liderar proyectos IT dentro del sector bancario en áreas clave como Riesgos y Recuperaciones?
 Buscamos una persona con visión de negocio y ...",12/06/2026Barcelona (Híbrido)Jefe de Proyecto
https://www.tecnoempleo.com/tecnico-ndt-page-personnel/rt/rf-6d1d1b9442d0931c6042,Técnico/a NDT,Page Personnel,"['NDT', 'RT']","Tu misión principal será llevar a cabo la preparación, ejecución y documentación de ensayos no destructivos (NDT), asegurando el cumplimiento de los estándares de ...",12/06/2026Alicante (Presencial)Ingenieros/Industria30.000€ - 36.000€ b/a
https://www.tecnoempleo.com/tecnico-mecatronico-junior-page-personnel/mecatronica-electronica/rf-820d141b52f35388e945,Técnico/a Mecatrónico/a Junior,Page Personnel,"['Mecatrónica', 'Electrónica']","• Reparación, diagnóstico y puesta a punto de equipos industriales (principalmente motores y componentes).
• Montaje y verificación de sistemas a nivel mecánico y el...",12/06/2026BarcelonaElectrónica
https://www.tecnoempleo.com/tecnico-electromecanico-a-page-personnel/electromecanica/rf-8b4012563232d3eb4e40,Técnico/a Electromecánico/a,Page Personnel,['Electromecánica'],"• Realizar el mantenimiento preventivo y correctivo de la maquinaria industrial.
• Supervisar y resolver averías de equipos electromecánicos.
• Colaborar con el ...",12/06/2026Valencia (Presencial)Ingenieros/Industria27.000€ - 30.000€ b/a
https://www.tecnoempleo.com/electromecanico-a-page-personnel/industrial-mecanica/rf-5a281a91520323f53745,Electromecánico/a,Page Personnel,"['Industrial', 'Mecánica']","Las principales funciones como electromecánico/a en Castellón serán:

* Realizar tareas de mantenimiento correctivo y preventivo.
* Intervenir en averías mecánicas con...",12/06/2026CastellónIngenieros/Industria33.000€ - 36.000€ b/a
https://www.tecnoempleo.com/programador-senior-c-page-personnel/c/rf-c3091b5f12e13319bf4a,Programador Senior C++,Page Personnel,['C++'],"• Diseñar, desarrollar y optimizar aplicaciones en lenguaje C++.
• Colaborar con equipos multidisciplinares para integrar soluciones tecnológicas.
• Implementar ...",12/06/2026Madrid (Presencial)Programador39.000€ - 54.000€ b/a
https://www.tecnoempleo.com/analista-ciberseguridad-senior-l2-l3-deloitte/siem-splunk/rf-cbc6163a42f79335934b,Analista de Ciberseguridad Senior (L2/L3),Deloitte,"['Ciberseguridad', 'SIEM', 'Splunk']","Te imaginas participando en la transformación de las principales organizaciones nacionales e internacionales?

En Deloitte estamos comprometidos con generar un impacto en ...",12/06/2026Madrid y otrasCiberseguridad
https://www.tecnoempleo.com/senior-software-engineer-backend-java-kotlin-aubay/spring-hibernate/rf-276415c03274f3e9ab41,Senior Software Engineer Backend (Java/Kotlin),Aubay,"['Java', 'Kotlin', 'Spring']","Funciones

Algunas de las tareas y retos que encontrarás:

Escalar sistemas de alta demanda que procesan miles de reservas diarias manteniendo alta disponibilidad y ...",12/06/2026MadridProgramador
https://www.tecnoempleo.com/tecnico-seleccion-it-aubay/rrhh/rf-db0c1e6e520e8303b044,Técnico/a de selección IT,Aubay,['RRHH'],"Funciones

- Publicación de ofertas de empleo: Redactar y publicar ofertas de empleo en diferentes plataformas
- Screening y Preselección: Revisar currículums, realizar ...",12/06/2026Barcelona (Híbrido)Reclutador
https://www.tecnoempleo.com/devops-aws-ingles-aubay/terraform-gitlab/rf-f5961bdf82f0137a1b4c,DevOps + AWS + inglés,Aubay,"['AWS', 'Terraform', 'GitLab']","Funciones

- Gestionar infraestructura en AWS mediante Terraform (IaC)
- Mantener y optimizar pipelines CI/CD en GitLab
- Desarrollar automatizaciones y scripts en Python...",12/06/2026Barcelona (Híbrido)DevOps
https://www.tecnoempleo.com/aws-cloud-engineer-con-ingles-aubay/terraform-gitlab-ci/rf-9a1f1053924d53ad7a4a,AWS Cloud Engineer con inglés,Aubay,"['AWS', 'Terraform', 'GitLab CI']","Funciones

- Diseñar y arquitectar infraestructuras AWS seguras y escalables.
- Implementar Infraestructura como Código (Terraform) y automatizar despliegues con GitLab-...",12/06/2026Barcelona (Híbrido)DevOps
https://www.tecnoempleo.com/desarrollador-oracle-webcenter-sites-ows-aubay/oracle-webcenter-sites-html/rf-c621152082ba13a04f41,Desarrollador/a Oracle WebCenter Sites (OWS),Aubay,"['Oracle WebCenter Sites', 'OWS', 'HTML']","Funciones

¿Quiénes somos Aubay?

Somos una multinacional europea creada en 1997 con presencia en España desde hace más de 20 años, cotizamos en bolsa con el índice...",12/06/2026100% remotoProgramador
https://www.tecnoempleo.com/data-center-security-manager-dc-security-team-amaz/aws-office/rf-7058180b829003b2b24c,"Data Center Security Manager, DC Security team",Amazon,"['AWS', 'Office', 'Outlook']","Amazon Web Services (AWS) provides storage, compute and other solutions to customers, globally. Our customers trust, and expect, us to protect their data with impeccable ...",12/06/2026ZaragozaJefe de Proyecto
https://www.tecnoempleo.com/analista-programador-java-cloud-cas-training/microservicios-springboot/rf-1d9e1e89927d33e61348,Analista programador/ JAVA Cloud,CAS TRAINING,"['java', 'microservicios', 'springboot']",Buscamos un/a Analista Programador/a Java especializado/a en arquitecturas de microservicios para incorporarse a un equipo de desarrollo innovador y participar en proyectos de...,12/06/2026100% remotoAnalista Programador33.000€ - 39.000€ b/a
https://www.tecnoempleo.com/backend-developer-java-cmv-consultores/kafka-microservicios/rf-07a31eb8a264b3f78249,Backend Developer Java,CMV Consultores,"['kafka', 'microservicios', 'java']","Desde nuestro equipo estamos buscando un/a Backend Developer con sólida experiencia en Java y arquitecturas de microservicios, para incorporarse a un proyecto estable y de ...",12/06/2026Barcelona (Híbrido)Programador
https://www.tecnoempleo.com/desarrollador-business-central-michael-page/business-central-dynamics-365/rf-89d018a752423376684e,Desarrollador Business Central,Michael Page,"['Business Central', 'Dynamics 365']","Perfil buscado (Hombre/Mujer)

• Desarrollar y personalizar soluciones en Microsoft Dynamics 365 Business Central según las necesidades del cliente.
• Participar en el...",12/06/2026BarcelonaProgramador
https://www.tecnoempleo.com/desarrollador-junior-c-michael-page/c-git/rf-1c391470924873141e40,Desarrollador/a Junior C++,Michael Page,"['C++', 'C', 'Git']","Perfil buscado (Hombre/Mujer)

¿Cuál será tu misión?

• Participar en el desarrollo y mejora de funcionalidades software junto a perfiles técnicos con experiencia...",12/06/2026Barcelona (Híbrido)Programador
https://www.tecnoempleo.com/analista-programador-cobol-sector-bancario-grupo-n/sql-oracle/rf-fb0c181e72b493e55c4c,Analista Programador/a Cobol (sector bancario),Grupo NS,"['SQL', 'COBOL', 'oracle']","Desde Grupo NS estamos seleccionando Programadores y Analistas Programadores con al menos 3 años de experiencia en Cobol y sector bancario, especialmente en medios de pago, ...",12/06/2026100% remotoAnalista Programador
https://www.tecnoempleo.com/desarrollador-rpg-mainframe-cmv-consultores/as400-ibm/rf-f43a1ba9225403919a4f,Desarrollador/a RPG Mainframe,CMV Consultores,"['AS400', 'IBM', 'RPG']","Buscamos un/a Desarrollador/a RPG Mainframe para incorporarse a un proyecto estable en entorno tecnológico legacy, con foco en mantenimiento evolutivo y desarrollo de ...",12/06/2026100% remotoProgramador
https://www.tecnoempleo.com/jefe-proyecto-tms-panel-sistemas-informaticos/sap-tm-oracle-tms/rf-c6f1174992c8931fd14b,Jefe/a de Proyecto TMS,PANEL Sistemas Informáticos,"['SAP TM', 'Oracle TMS', 'Blue Yonder']","📣 ¡Estamos buscando un/a Jefe/a de Proyecto TMS!
📍 Híbrido – Villaverde (Madrid)
🚚 Sector: Logística / Transporte / Cadena de Suministro

¿Tienes experiencia ...",12/06/2026100% remotoJefe de Proyecto
https://www.tecnoempleo.com/desarrollador-oracle-apex-panel-sistemas-informati/pl-sql-sql/rf-ea781ea882a1639ee646,Desarrollador/a Oracle APEX,PANEL Sistemas Informáticos,"['Oracle', 'APEX', 'PL/SQL']","📣 ¡Estamos contratando! Desarrollador/a Oracle APEX – Modalidad Híbrida (Zona Sur de Madrid)

¿Tienes experiencia en Oracle APEX y buscas un nuevo reto profesional...",12/06/2026Madrid (Híbrido)Programador
https://www.tecnoempleo.com/consultor-salesforce-tech-solutions-michael-page/apex/rf-0e401366e20303ce5142,Consultor Salesforce (Tech solutions),Michael Page,"['Salesforce', 'Apex']","• Liderar el diseño, la implementación y la optimización de soluciones Salesforce en Service, Sales y Consumer Goods Clouds.
• Colaborar con stakeholders de negocio ...",12/06/2026Madrid (Híbrido)Consultor
https://www.tecnoempleo.com/ingeniero-observabilidad-devops-sre-o-platform-dig/opentelemetry-prometheu/rf-19b0144022491397d542,"Ingeniero/a Observabilidad, DevOps, SRE o Platform",Digital Talent Agency,"['OpenTelemetry', 'Prometheus', 'Grafana']","Descripción
Ingeniero/a Observabilidad, DevOps, SRE o Platform Engineering 
¡Únete a Zemsania y lidera la próxima generación de ingeniería de plataformas!

En Zemsania, ...",12/06/2026100% remotoTécnico de Sistemas45.000€ - 60.000€ b/a
https://www.tecnoempleo.com/desarrollador-angular-cas-training/ios/rf-e54a1887c23e03aeb04b,Desarrollador/a ANGULAR,CAS TRAINING,"['ANGULAR', 'IOS']","Desarrollador/a Frontend Angular (Mid-Senior)

Estamos ampliando nuestro equipo de desarrollo para el área de Web Empresas y buscamos perfiles Frontend Angular con ...",12/06/2026100% remotoAnalista Programador27.000€ - 30.000€ b/a
https://www.tecnoempleo.com/senior-fullstack-angular-nodejs-remoto/node-angular-mongodb/rf-8e97169512c123aa2b4d,Senior FullStack Angular/NodeJS,Grupo Sermicro,"['Node', 'Angular', 'MongoDB']","En DIMÁTICA, una empresa reconocida como gold partner de Microsoft, nos especializamos en soluciones de diseño, desarrollo y mantenimiento de software en entornos ...",12/06/2026100% remotoAnalista Programador
https://www.tecnoempleo.com/nodejs-angular-senior-fullstack-grupo-sermicro/nodejs-mongodb/rf-3f831c9432a2c339f14a,NODE.JS/ANGULAR Senior Fullstack,Grupo Sermicro,"['Node.js', 'Angular', 'MongoDB']","This opportunity is only for residents in Spain

At DIMÁTICA, a company recognised as a Microsoft PARTNER, we specialise in software design, development and maintenance ...",12/06/2026100% remotoAnalista Programador
https://www.tecnoempleo.com/desarrollador-moodle-php-teletrabajo-seltime/html-css/rf-ec1b1ba0b28073a2e640,Desarrollador Moodle PHP (Teletrabajo),Seltime,"['Moodle', 'PHP', 'HTML']","SELTIME compañía española en proceso de expansión, líder en dar soluciones tecnológicas específicas a cada cliente y un trato personalizado a nuestros técnicos, ...",12/06/2026100% remotoAnalista Programador
https://www.tecnoempleo.com/consultor-pmo-it-cmv-consultores/jira-power-bi/rf-76a21167221c03c1f748,Consultor PMO (IT),CMV Consultores,"['jira', 'power bi', 'office']","Buscamos un/a Consultor/a con 2-3 años de experiencia en la gestión de proyectos IT para incorporarse a nuestra Oficina de Gestión de Proyectos (PMO) en Cataluña.

En este...",12/06/2026Barcelona (Híbrido)Consultor30.000€ - 36.000€ b/a
https://www.tecnoempleo.com/ingeniero-sistemas-control-hays/digsilent-cape/rf-e38a13cec20283e4f649,Ingeniero/a de Sistemas de Control,HAYS,"['DigSilent', 'Cape', 'ETAP']","Puesto de Trabajo: Ingeniero/a de Sistemas de Control y Protecciones de Subestaciones 🚀
¿Te apasiona el diseño y desarrollo de sistemas de control, protecciones y ...",12/06/2026ZaragozaIngenieros/Industria
https://www.tecnoempleo.com/frontend-developer-hays/react-adobe-experience-manager/rf-4ff514914203834bfa4f,Frontend Developer,HAYS,"['React', 'Adobe Experience Manager', 'AEM']","Frontend Developer (React) - Adobe Experience Manager (AEM)
Buscamos incorporar un/a Frontend Developer especializado/a en React con experiencia en Adobe Experience Manager (...",12/06/2026EspañaProgramador
https://www.tecnoempleo.com/frontend-developer-react-hays/javascript-typescript/rf-cd2015a5327f23fe4d47,Frontend Developer React,HAYS,"['React', 'JavaScript', 'TypeScript']","Your new company
A leading international company with a strong digital focus is looking for a Frontend Engineer to join its Platform team. This team plays a key role in ...",12/06/2026Barcelona (Híbrido)Programador
https://www.tecnoempleo.com/tecnico-electromecanico-industrial-michael-page/mecatronica/rf-fad31f5d62f4630da94c,Técnico Electromecánico Industrial,Michael Page,"['industrial', 'mecatrónica']","Realizar el mantenimiento preventivo y correctivo de maquinaria industrial pesada.
Diagnosticar y reparar averías de carácter eléctrico, mecánico, neumático e hidrá...",12/06/2026BarcelonaIngenieros/Industria
https://www.tecnoempleo.com/middle-back-end-developer-nodejs-ia-michael-page/nodejs-typescript/rf-e654133b52ff23813f4b,Middle Back end developer Node.js + IA,Michael Page,"['Node.js', 'TypeScript', 'Express']","• Diseño y desarrollo de nuevas funcionalidades junto al equipo de producto
• Mejora de arquitectura y optimización de rendimiento de la plataforma
• Desarrollo de ...",12/06/2026Madrid (Híbrido)Programador33.000€ - 45.000€ b/a
https://www.tecnoempleo.com/consultor-senior-sap-ps-sd-michael-page/hana-abap/rf-65711eafe21ac3116f4f,Consultor Senior SAP PS/SD,Michael Page,"['SAP', 'HANA', 'ABAP']","• Gestión y mantenimiento de los módulos SAP PS y SD
• Configuración del sistema SAP y gestión de datos maestros globales
• Participación en rollouts, ...",12/06/2026Madrid (Presencial)Consultor
https://www.tecnoempleo.com/programador-java-open-api-second-window/springboot-open-api/rf-2ad41b08a28c43d95244,Programador Java/Open Api,Second Window,"['java', 'Springboot', 'Open Api']","¡Te ofrecemos crecer con nosotros en una de nuestras unidades tecnológicas como Desarrollador/a Java Backend (Spring Boot), en un puesto estable dentro de un entorno ...",12/06/2026100% remotoProgramador
https://www.tecnoempleo.com/analista-software-funcional-page-personnel/analisis/rf-e5f91874e2b87395d847,Analista de Software funcional,Page Personnel,['analisis'],"• Análisis y diseño funcional de nuevas funcionalidades y mejoras sobre la plataforma, asegurando la coherencia con las necesidades del negocio y la experiencia de usuario...",12/06/2026100% remotoAnalista33.000€ - 45.000€ b/a
https://www.tecnoempleo.com/pmo-telecomunicaciones-michael-page/pmp-prince2/rf-e11414282203032a7547,PMO Telecomunicaciones,Michael Page,"['PMP', 'PRINCE2', 'Agile']","Perfil buscado

* Dirección end‑to‑end de proyectos Telco.

* Planificación, seguimiento y control de hitos, riesgos e incidencias.

* Coordinación de equipos ...",12/06/2026MadridJefe de Proyecto48.000€ - 60.000€ b/a
https://www.tecnoempleo.com/data-engineer-f-m-d-axpo-group/python-etl/rf-633d11afa2bd43b78e44,Data Engineer (f/m/d),Axpo Group,"['Python', 'ETL']","Workload 80-100%

Welcome to the land where data meets technology! In your role as data engineer, you will get to work first-hand on building and managing the data ...",12/06/2026Madrid (Híbrido)Big Data
https://www.tecnoempleo.com/senior-site-reliability-engineer-factorial/terraform-ansible/rf-44bb17793205238b8747,Senior Site Reliability Engineer,Factorial,"['Terraform', 'Ansible', 'IaC']","Hello! 

We´re looking for a Senior Site Reliability Engineer to join our Infrastructure Team in the Platform Domain.

Platform Domain 

Our mission is to keep the ...",12/06/2026Barcelona y otrasDevOps
https://www.tecnoempleo.com/senior-python-django-developers-plexus/python/rf-322b1cc3b209a35e994c,Senior Python-Django Developers,Plexus,"['Python', 'Django']","Join Plexus Tech. We are looking for new colleagues with at least 4 years of professional experience developing with Python and Django.
 
Requirements:
 
  -  Python and ...",12/06/2026100% remotoProgramador
https://www.tecnoempleo.com/senior-net-developers-plexus/net/rf-558e16bb221963452c48,Senior .NET Developers,Plexus,['.net'],"Details

Join Plexus Tech. We are looking for senior profiles with a minimum of 7 years of experience in .NET to join a project in the leisure sector.
 
REQUIREMENTS...",12/06/2026Madrid (Híbrido)Programador
https://www.tecnoempleo.com/tecnico-informatico-helpdesk-con-ingles-sosmatic/windows/rf-7257147a023cf3ea124f,Técnico Informático Helpdesk con Inglés,Sosmatic,"['Windows', 'helpdesk']",¿Te apasiona la tecnología y tienes habilidades para resolver problemas? Estamos buscando un Técnico/a Informático/a helpdesk para unirse a nuestro equipo en un puesto a ...,12/06/2026Madrid (Presencial)Helpdesk16.000€ - 18.000€ b/a
https://www.tecnoempleo.com/programador-natural-adabas-baoss/jcl/rf-945116841243f351a14b,Programador/a - Natural Adabas,Baoss,"['Natural', 'Adabas', 'JCL']","Buscamos Programadores/oras con sólida experiencia en entornos Natural Adabas para incorporarse a un proyecto estable en modalidad 100% remota.


Funciones:

-Desarrollo y ...",12/06/2026Sevilla y otrasAnalista Programador
https://www.tecnoempleo.com/software-developer-java-react-c1-ingles-cmv-consul/java/rf-d59d18747245a32ad845,Software Developer - Java & React (C1 Inglés),CMV Consultores,"['java', 'react']","¿Te gustaría formar parte de un proyecto tecnológico de alto impacto en un entorno internacional? Buscamos un/a Senior Software Developer especializado/a en Java y React, ...",12/06/2026Sevilla (Híbrido) y otrasDesarrollador Web
https://www.tecnoempleo.com/auditor-riesgos-it-ciberseguridad-baoss/grc-riesgos-it/rf-99481bf292fa132dcf40,Auditor/a - Riesgos IT y Ciberseguridad,Baoss,"['ciberseguridad', 'GRC', 'Riesgos IT']","Buscamos un/a Auditor/ora en Análisis de Riesgo IT y Ciberseguridad para incorporarse a un equipo especializado en gestión de riesgos tecnológicos, cumplimiento normativo y...",12/06/2026Barcelona y otrasAuditor
https://www.tecnoempleo.com/helpdesk-jornada-parcial-sosmatic/lan-wan/rf-6dee14cd72bde33c6e4f,Helpdesk / jornada parcial,Sosmatic,"['LAN', 'WAN', 'WiFi']",Buscamos un/a Agente de Soporte Técnico N1 con experiencia en atención al cliente y soporte para servicios de internet y telecomunicaciones. La persona seleccionada ...,12/06/2026100% remotoHelpdesk15.000€ - 16.000€ b/aJornada media jornada
https://www.tecnoempleo.com/it-business-analyst-ai-driven-cmv-consultores/bpm-bmat/rf-59651b81529c33e58741,IT Business Analyst (AI-Driven),CMV Consultores,"['BPM', 'BMAT']","¿Tienes experiencia como Analista Funcional pero sientes que el futuro está en la Inteligencia Artificial?

En este rol Techno-functional, no solo documentarás procesos; ...",12/06/2026Barcelona (Híbrido)Analista27.000€ - 36.000€ b/a
https://www.tecnoempleo.com/analista-programador-mainframe-cobol-db2-arelance/jcl-cics/rf-1b9e11a3d26bd3c09e4f,Analista Programador/a Mainframe COBOL-DB2,Arelance,"['cobol', 'DB2', 'Mainframe']",En Arelance sabemos que las personas son el activo más importante dentro de una empresa y por tanto invertimos muchos esfuerzos en buscar los mejores profesionales para ...,12/06/2026BizkaiaAnalista33.000€ - 39.000€ b/a
https://www.tecnoempleo.com/tecnico-redes-baoss/soporte-fortinet/rf-058f14fc82cb739b3147,Técnico/a de Redes,Baoss,"['Soporte', 'Fortinet', 'Fortigate']","Buscamos Técnico/a de Redes con experiencia en entornos de networking y seguridad para incorporarse a un proyecto estable ubicado en Eskoriatza (Gipuzkoa).

La persona ...",12/06/2026Gipuzkoa y otrasRedes
https://www.tecnoempleo.com/tecnico-compliance-it-seguridad-baoss/magerit-octave/rf-eb471e1812ba93c3114c,Técnico de Compliance IT y Seguridad,Baoss,"['MAGERIT', 'OCTAVE', 'NIST']","Buscamos un/a Técnico/a de Compliance IT y Seguridad de la Información para participar en proyectos clave dentro de un entorno regulado, dinámico y con alto impacto en el ...",12/06/2026MadridCiberseguridad21.000€ - 45.000€ b/a
https://www.tecnoempleo.com/desarrollador-python-aws-cas-training/api-devops/rf-f58d1566325a0374a642,Desarrollador/a Python Aws,CAS TRAINING,"['python', 'api', 'devops']","Buscamos un/a Senior Python Developer para incorporarse a un proyecto estratégico dentro del sector asegurador, participando en el diseño, desarrollo y evolución de ...",12/06/2026Barcelona (Híbrido)Analista Programador36.000€ - 42.000€ b/a
https://www.tecnoempleo.com/consultor-seguridad-iso-27001-baoss/iso-27001-ens/rf-9c21183562f7739bd145,Consultor/a de Seguridad ISO 27001,Baoss,"['ISO 27001', 'ENS']","Consultor/a de Seguridad de la Información (ISO 27001 / ENS)

En Baoss buscamos incorporar a un/a Consultor/a de Seguridad de la Información con experiencia en entornos ...",12/06/2026100% remotoConsultor
https://www.tecnoempleo.com/backend-developer-cmv-consultores/java-microservicios/rf-134a1ab4321183df5f46,Backend Developer,CMV Consultores,"['Java', 'Microservicios', 'AWS']","Buscamos un/a Backend Developer con sólida experiencia en desarrollo Java y mentalidad DevOps para incorporarse a un proyecto crítico en el sector industrial, enfocado en el...",12/06/2026100% remotoDevOps36.000€ - 42.000€ b/a
https://www.tecnoempleo.com/auditor-it-baoss/auditoria-iso27001/rf-6d8e12270230d3fd9d43,Auditor/a IT,Baoss,"['auditoria', 'IT', 'ISO27001']","Buscamos Auditor IT para incorporarse en un importante cliente del sector banca, participando en proyectos clave relacionados con la revisión y mejora de los sistemas de ...",12/06/2026Madrid y otrasAuditor
https://www.tecnoempleo.com/tech-lead-crm-marketing-automation-baoss/salesforce-marketing-cloud-market/rf-4ab51646c27ab3b7cc4c,Tech Lead CRM & Marketing Automation,Baoss,"['Salesforce Marketing Cloud', 'CRM']","Tech Lead CRM & Marketing Automation (Salesforce Marketing Cloud)

📍 Ubicación: España (modelo híbrido – presencialidad parcial en cliente)
🕐 Jornada: Completa...",12/06/2026Madrid (Híbrido)Consultor
https://www.tecnoempleo.com/soporte-it-autonomo-backfill-advance-global-it-sup/active-directory-sccm/rf-a1c512dc0297d33d1143,Soporte IT (Autónomo/Backfill),Advance Global IT Support,"['Active Directory', 'SCCM', 'Intune']","Position: Soporte IT  (Autónomo/Backfill)
Contract Duration: 2 Years
Visits: 10 visits per month
Working Days: Monday & Thursday
Language Requirement: B2 English + Local ...",12/06/2026La RiojaHelpdesk18€ - 24€ b/hJornada por horas
https://www.tecnoempleo.com/tecnico-seguimiento-riesgo-tecnologico-cajamar-tec/teams-sharepoint/rf-e4221cd2f233c3ac2442,Tecnico-Seguimiento de Riesgo Tecnologico,Cajamar Tecnología,"['Teams', 'SharePoint', 'RGPD']","¿Quiénes somos?

Cajamar Tecnología A.I.E. es una empresa de Grupo Cajamar conformada por más de 300 profesionales y cuya actividad principal se centra en, IA generativa ...",12/06/2026Almería (Híbrido)Ciberseguridad
https://www.tecnoempleo.com/tecnico-informatico-jr-ciberseguridad-30h-sosmatic/active-directory-azure/rf-702018d2c2fd8324714d,Técnico/a informático/a JR ciberseguridad (30h),Sosmatic,"['active directory', 'azure', 'VPN']","Buscamos un perfil técnico/a informático/a Junior especializado/a en ciberseguridad, para importante multinacional ubicada en Montcada

Las tareas diarias, más centradas en...",12/06/2026Barcelona (Presencial)Ciberseguridad18.000€ - 21.000€ b/a
https://www.tecnoempleo.com/product-manager-michael-page/product-manager/rf-763c133e722cd3425a48,Product Manager,Michael Page,['Product Manager'],"• Diseñar y gestionar el ciclo de vida de los productos desde su conceptualización hasta su lanzamiento al mercado.
• Colaborar estrechamente con los equipos de ...",12/06/2026100% remotoJefe de Proyecto
https://www.tecnoempleo.com/consultor-ventas-aftermarket-grupo-digital/sap-microsoft-dynamics/rf-51d51b5b12f81319054c,Consultor/a de Ventas Aftermarket,Grupo Digital,"['SAP', 'Microsoft Dynamics', 'Incadea']","Descripción
Independent Aftermarket (IAM) – Desarrollo de Concesionarios y Talleres
Descripción General

Buscamos un/a Aftermarket Sales Consultant con experiencia y ...",12/06/2026Madrid (Presencial)Consultor
https://www.tecnoempleo.com/director-tecnico-a-hays/ingenieria-mecanica/rf-ae7e1250326c436ba149,Director/a Técnico/a,HAYS,"['ingeniería', 'mecánica']","🛠️ Director/a Técnico/a (Enfoque Mecánico)
📍 Ubicación: Zaragoza / alrededores

🏢 Empresa: Cliente final (sector industrial)

💼 Tipo de contrato: ...",12/06/2026ZaragozaIngenieros/Industria45.000€ - 54.000€ b/a
https://www.tecnoempleo.com/trade-marketing-strategy-manager-michael-page/marketing/rf-499a105ac283c3192d41,Trade Marketing Strategy Manager,Michael Page,['Marketing'],"Perfil buscado (Hombre/Mujer)

Definir y ejecutar la estrategia de marketing alineada con objetivos comerciales.
Liderar campañas clave anuales y activaciones físicas en ...",12/06/2026MálagaMarketing
https://www.tecnoempleo.com/responsable-oficina-tecnica-michael-page/manufacturing-industrial/rf-9a6b19b8d2d3e3963143,Responsable de Oficina Técnica,Michael Page,"['Manufacturing', 'industrial']","Reportando a Director de Operaciones, trabajarás liderando la oficina técnica en la parte de industrialización:

• Coordinar y supervisar los proyectos de ingeniería ...",12/06/2026SevillaJefe de Equipo
https://www.tecnoempleo.com/responsable-produccion-michael-page/lean-industria-40/rf-11701c12125cf3dfcb41,Responsable de producción,Michael Page,"['Lean', 'Industria 4.0']","Reportando a Dirección de operaciones, será responsable de definir, implementar y optimizar la estrategia industrial de la compañía, garantizando la eficiencia operativa, ...",12/06/2026BizkaiaIngenieros/Industria
https://www.tecnoempleo.com/pmo-senior-sector-seguros-grupo-digital/pmo/rf-70131d0582c3a3015d41,PMO Senior (Sector Seguros),Grupo Digital,['pmo'],"Descripción
Únete a un programa internacional de transformación en el sector asegurador, coordinando iniciativas estratégicas entre negocio y tecnología en entornos ...",12/06/2026Madrid (Híbrido)Jefe de Proyecto
https://www.tecnoempleo.com/service-delivery-manager-it-ingles-alto-grupo-digi/soporte-microinformatic/rf-29971d403221a36d6146,Service Delivery Manager IT (Ingles Alto),Grupo Digital,"['soporte', 'microinformatica']","Descripción
Únete a un servicio estratégico de Cash Management dentro del sector bancario, liderando la operación y evolución de un entorno crítico de soporte IT.
 Tendr...",12/06/2026100% remotoSoporte Técnico
https://www.tecnoempleo.com/tecnico-soporte-provision-3g-4g-5g-michael-page/bss-crm/rf-a5281e426237136d5444,"Técnico Soporte Provisión 3G, 4G, 5G",Michael Page,"['3G', '4G', '5G']","• Reportando al Coordinador de Soporte a Negocio, responsable de la planificación diaria y semanal.
• Colaborar con clientes internos (PMs y otras áreas) y con clientes...",12/06/2026100% remotoRedes24.000€ - 30.000€ b/a
https://www.tecnoempleo.com/salesforce-commerce-cloud-funcional-hays/salesforce-commerce-cloud-sfcc/rf-86771ced22f4a398bc4b,Salesforce Commerce Cloud - Funcional,HAYS,"['Salesforce Commerce Cloud', 'SFCC', 'JavaScript']","Desde Hays estamos colaborando con una agencia internacional. Estamos en búsqueda de un/a Salesforce Commerce Cloud Developer OR Consultant - FREELANCE.

Funciones
• ...",12/06/2026100% remotoAnalista Programador
https://www.tecnoempleo.com/gestion-proyectos-michael-page/3d-solid-designer-baan/rf-d0061d5e62b9833fd94d,Gestión de Proyectos,Michael Page,"['3D Solid Designer', 'Baan', 'Repcon']","Perfil buscado (Hombre/Mujer)

• Planificar los pedidos y su seguimiento durante todo el proceso de fabricación desde el diseño a la entrega. 
• Asegurar que el ...",12/06/2026BizkaiaJefe de Proyecto
https://www.tecnoempleo.com/ingeniero-electrico-hays/electrica-industrial/rf-018e19944248d3518541,Ingeniero/a eléctrico,HAYS,"['Eléctrica', 'Industrial', 'Electrónica']","Tu nueva empresa 
En Hays estamos seleccionando un perfil de ingeniero/a eléctrico/a para una ingeniería de instalaciones ubicada en Madrid en crecimiento, especializada en...",12/06/2026Madrid (Híbrido)Electrónica
https://www.tecnoempleo.com/sap-plm-consultant-michael-page/sap-plm/rf-f91617df52842362b248,SAP PLM Consultant,Michael Page,"['SAP PLM', 'SAP']","• Implement and maintain SAP PLM solutions to optimize product lifecycle management processes.
• Collaborate with cross-functional teams to identify and address business ...",12/06/2026Barcelona (Híbrido)Consultor
https://www.tecnoempleo.com/ingeniero-planificacion-produccion-michael-page/industrial/rf-59d8130a32d0e3d03b4e,Ingeniero/a de Planificación y Producción,Michael Page,['Industrial'],"La persona seleccionada realizará las siguientes funciones:

• Planificar y coordinar las actividades de producción para garantizar el cumplimiento de los plazos ...",12/06/2026ZaragozaIngenieros/Industria
https://www.tecnoempleo.com/sap-sd-consultant-accenture/hana/rf-0a541f0ba25ef3cd5a42,SAP SD Consultant,Accenture,"['sap', 'hana']",En Accenture creemos en la tecnología como motor de la reinvención total de la empresa. Trabajamos con las plataformas y los partners líderes en el mercado para impulsar ...,12/06/2026100% remotoConsultor
https://www.tecnoempleo.com/it-senior-pmo-accenture/scrum-kanban/rf-f8211f9012e7833f3140,IT Senior PMO,Accenture,"['PMO', 'SCRUM', 'KANBAN']",En Accenture creemos en la tecnología como motor de la reinvención total de la empresa. Trabajamos con las plataformas y los partners líderes en el mercado para impulsar ...,12/06/2026AsturiasJefe de Proyecto
https://www.tecnoempleo.com/3rd-line-support-engineer-technical-support-ust/vbnet-net/rf-18961b1f52251384f849,3rd Line Support Engineer / Technical Support,UST,"['vb.net', '.net', 'sql']","We are still looking for the very Top Talent…and we would be delighted if you were to join our team!

More in details, UST is a multinational company based in North ...",12/06/2026100% remotoProgramador
https://www.tecnoempleo.com/responsable-diseno-mecanico-michael-page/fem-fea/rf-bc1017322291e325a64c,Responsable de Diseño Mecánico,Michael Page,"['FEM', 'FEA', 'DfMA']","• Supervisar y liderar el equipo de diseño mecánico para garantizar la correcta ejecución de proyectos.
• Desarrollar y optimizar diseños mecánicos que cumplan con ...",12/06/2026SevillaIngenieros/Industria
https://www.tecnoempleo.com/senior-vulnerability-engineer-michael-page/python-go/rf-7ada145fe23403613f49,Senior Vulnerability Engineer,Michael Page,"['Python', 'Go', 'AWS']","Reporting to the Manager of this division, your main responsibilities will be:

Operate the vulnerability management platform and associated processes, including maintaining...",12/06/2026Barcelona (Híbrido)CiberseguridadContrato temporal
https://www.tecnoempleo.com/investigador-experto-en-fabricacion-hays/ded-waam/rf-65e11e22b2f73339b94f,Investigador/a experto en Fabricación,HAYS,"['DED', 'WAAM']","Tu nueva empresa Desde Hays buscamos a una persona con iniciativa, curiosidad y vocación investigadora, que quiera crecer en un entorno de referencia en fabricación avanzada...",12/06/2026GipuzkoaI+D45.000€ - 54.000€ b/a
https://www.tecnoempleo.com/senior-project-engineer-hays/office-cad/rf-f23e1db70252639ffe4a,Senior Project Engineer,HAYS,"['Office', 'CAD']","Desde Hays estamos en búsqueda de un/a Senior Project Engineer para incorporarse a un departamento de Ingeniería, reportando directamente a la persona responsable del área ...",12/06/2026ValenciaIngenieros/Industria
https://www.tecnoempleo.com/tecnico-ciberseguridad-siem-sopra-steria/ciberseguridad/rf-2d9e1819d278839e404a,Técnico Ciberseguridad SIEM,Sopra Steria,"['Ciberseguridad', 'SIEM']","Descripción de la empresa

Porque trabajar en Sopra Steria, también es sentir Sopra Steria.

Somos un reconocido líder europeo en consultoría, servicios digitales y ...",12/06/2026MadridCiberseguridad
https://www.tecnoempleo.com/project-manager-it-transformacion-digital-grupo-di/agile-scrum/rf-2e721a9b129183371746,Project Manager IT transformacion digital,Grupo Digital,"['agile', 'scrum']","Descripción
en GRUPO DIGITAL  Buscamos  para  cliente del sector RETAIL 
Project Manager IT "" transformación digital"" 
Lidera proyectos IT de alto impacto en entornos ...",12/06/2026Madrid (Híbrido)Jefe de Proyecto
https://www.tecnoempleo.com/digital-marketing-hays/seo-sem/rf-354712f98218e376864b,Digital Marketing,HAYS,"['SEO', 'SEM', 'Marketing']","Desde HAYS estamos trabajando con una compañía global de tecnología que opera en el sector financiero.

Estamos en la búsqueda de un/a Digital Sales Specialist (Senior) ...",12/06/2026Madrid (Híbrido)Marketing
https://www.tecnoempleo.com/direccion-marketing-desarrollo-michael-page/bi/rf-64af1c4c827fc3bd9e44,Dirección de Marketing y Desarrollo,Michael Page,"['BI', 'Marketing']","Visión cliente, BI y crecimiento. Impulsar una visión integral del cliente mediante BI y análisis de datos para identificar oportunidades de captación, vinculación, venta...",12/06/2026BarcelonaMarketing
https://www.tecnoempleo.com/electromecanico-a-hays/electromecanica/rf-6bc91fb4b25f63f7ad4d,Electromecánico/a,HAYS,['Electromecánica'],"Desde Hays estamos colaborando con una empresa industrial del sector alimentación, consolidada y con proyecto estable, que busca incorporar un/a Electromecánico/a Industrial...",12/06/2026Murcia (Presencial) y otrasIngenieros/Industria
https://www.tecnoempleo.com/qa-tester-accesibilidad-ust/jira-confluence/rf-726e1f09325d539fcc4b,QA Tester Accesibilidad,UST,"['QA', 'jira', 'confluence']","¡Seguimos buscando talento…y nos encantaría que te unieras a nuestro equipo!

Para que nos conozcas algo mejor, UST es una multinacional norteamericana certificada como ...",12/06/2026100% remotoTester/QA
https://www.tecnoempleo.com/modelador-revit-mep-page-personnel/revit/rf-8ef81f2102d543ceaf46,Modelador/a Revit MEP,Page Personnel,['Revit'],"• Crear y gestionar modelos en Revit MEP para proyectos de construcción.
• Colaborar con los equipos técnicos para garantizar el cumplimiento de los requisitos del ...",12/06/2026ValenciaIngenieros/Industria18.000€ - 24.000€ b/a
https://www.tecnoempleo.com/ingeniero-diseno-mecanico-page-personnel/autodesk-inventor/rf-9b411bb81255e3be0144,Ingeniero/a de Diseño mecánico,Page Personnel,"['Autodesk', 'Inventor']","• Desarrollar diseños mecánicos utilizando Autodesk Inventor.
• Colaborar con el equipo de ingeniería para definir especificaciones técnicas.
• Realizar ...",12/06/2026SevillaIngenieros/Industria
https://www.tecnoempleo.com/tecnico-mantenimiento-sector-aeronautico-michael-p/electricidad-hidraulica/rf-a001129ef23ed3edb649,Técnico mantenimiento - Sector aeronautico,Michael Page,"['electricidad', 'hidráulica', 'mecatrónica']","Bajo la supervisión del Responsable de Turno, te encargarás de:

• Mantenimiento y reparación electromecánica de componentes aeronáuticos.
• Desmontaje, bobinado, ...",12/06/2026BizkaiaTécnico de Mantenimiento
https://www.tecnoempleo.com/junior-it-support-help-desk-ey/soporte-microinformatica/rf-a33411d8421d73607f4a,Junior IT Support - Help Desk,EY,"['soporte', 'microinformática']","En EY, damos forma al futuro con confianza.

En EY encontrarás mucho más que un empleo: una oportunidad real para crecer, aprender y dejar huella en una firma global lí...",12/06/2026Madrid (Híbrido)Helpdesk
https://www.tecnoempleo.com/ingeniero-diseno-plastico-michael-page/cad/rf-a80015eda2e8f385a445,Ingeniero/a de Diseño de plástico,Michael Page,['CAD'],"La persona seleccionada deberá realizar las siguientes funciones:

• Diseñar y desarrollar componentes de plástico según especificaciones técnicas.

• Colaborar ...",12/06/2026ZaragozaIngenieros/Industria
https://www.tecnoempleo.com/senior-backend-platform-engineer-kubernetes-knowma/kubernetes/rf-12421f9c427f63acd543,Senior Backend Platform Engineer (Kubernetes),knowmad mood,['Kubernetes'],"We are knowmad mood! 

 Somos una compañía líder en transformación digital, en constante evolución y a la vanguardia de la tecnología. 

 Formado por más de 3.000 ...",12/06/2026100% remotoDevOps
https://www.tecnoempleo.com/engineering-maintenance-manager-michael-page/capex/rf-b7b91b8892463374244d,Engineering & Maintenance Manager,Michael Page,['CAPEX'],"• Liderar y coordinar las actividades de mantenimiento preventivo, correctivo y predictivo en las instalaciones.
• Garantizar el cumplimiento de los estándares de ...",12/06/2026ValladolidIngenieros/Industria
https://www.tecnoempleo.com/digital-marketing-social-media-specialist-page-per/wordpress/rf-ba6a191fb2def3b56e41,Digital Marketing & Social Media Specialist,Page Personnel,"['WordPress', 'marketing']","• Definir y ejecutar la estrategia de marketing digital internacional B2B.
• Liderar la estrategia de redes sociales, con especial foco en Instagram y LinkedIn, orientada...",12/06/2026Madrid (Presencial)Marketing36.000€ - 42.000€ b/a
https://www.tecnoempleo.com/supervisor-linea-hays/industrial/rf-cf0510ffb22273fc5b4f,Supervisor/a de línea,HAYS,['industrial'],Desde Hays estamos en búsqueda de un/a Supervisor/a de Línea para su incorporación a una importante compañía del sector industrial con la que estamos colaborando en la ...,12/06/2026ValenciaIngenieros/Industria
https://www.tecnoempleo.com/tecnico-sat-automatizacion-page-personnel/electronica-automatizacion/rf-dc4f19a6821b43a27f42,Técnico SAT Automatización,Page Personnel,"['Electrónica', 'Automatización']","• Customer care.
• Resolución de consultas técnicas y gestión de incidencias, así como apoyo en la planificación técnica.
• Gestión y seguimiento de clientes...",12/06/2026Madrid (Híbrido)Electrónica30.000€ - 36.000€ b/a
https://www.tecnoempleo.com/programador-bms-michael-page/schneider-ecostruxure/rf-d067100fb280038b524b,Programador/a BMS,Michael Page,"['BMS', 'Schneider', 'EcoStruxure']","• Programar y configurar sistemas BMS, especialmente Schneider.
• Definir señales, alarmas, históricos, consignas, tendencias y pantallas.
• Participar en visitas a ...",12/06/2026Barcelona (Híbrido)Ingenieros/Industria
https://www.tecnoempleo.com/sap-succesfactors-consultant-michael-page/successfactors/rf-e813179fc2c59365c742,SAP SuccesFactors Consultant,Michael Page,"['SAP', 'SuccessFactors']","• Liderar la implementación de módulos de SAP SuccessFactors en la organización.
• Colaborar con los equipos internos para identificar necesidades y proponer ...",12/06/2026Barcelona (Híbrido)Consultor
https://www.tecnoempleo.com/l1-soc-analyst-ust/siem-ciberseguridad/rf-44241973027c7311c44b,L1 SOC Analyst,UST,"['SIEM', 'ciberseguridad', 'Palo Alto']","We are looking for the very Top Talent…and we would be delighted if you were to join our team!

More in details, UST is a multinational company based in North America, ...",12/06/2026100% remotoCiberseguridad
https://www.tecnoempleo.com/it-service-manager-iam-cybersecurity-ust/ciberseguridad/rf-d9a1188c729253e4c94d,"IT Service Manager (IAM, Cybersecurity)",UST,"['Ciberseguridad', 'IAM']","We are still looking for the very Top Talent…and we would be delighted if you were to join our team!

More in details, UST is a multinational company based in North ...",12/06/2026100% remotoCiberseguridad
https://www.tecnoempleo.com/jefe-planta-michael-page/industrial-manufacturing/rf-64e610b0c2a9d3506f43,Jefe de Planta,Michael Page,"['industrial', 'manufacturing']","• Supervisar y coordinar todas las actividades de producción en la planta.
• Garantizar el cumplimiento de los estándares de calidad y seguridad.
• Optimizar los ...",12/06/2026AsturiasIngenieros/Industria
https://www.tecnoempleo.com/fpga-engineer-audiovisual-industry-page-personnel/xilinx-vivado/rf-7731148b921c832b6046,FPGA engineer - Audiovisual industry,Page Personnel,"['FPGA', 'Xilinx', 'Vivado']","• Design and implement FPGA-based systems using Xilinx devices
• Develop and maintain designs in VHDL
• Architect and optimize digital hardware for video processing ...",12/06/2026BarcelonaElectrónica48.000€ - 60.000€ b/a
https://www.tecnoempleo.com/desarrollador-java-jsp-knowmad-mood/spring/rf-28b217aa620f03ccf141,Desarrollador Java | JSP,knowmad mood,"['java', 'spring', 'JSP']","We are knowmad mood! 

 Somos una compañía líder en transformación digital, en constante evolución y a la vanguardia de la tecnología. Nacimos para provocar un cambio ...",12/06/2026100% remotoProgramador
https://www.tecnoempleo.com/retail-media-sales-specialist-adsales-michael-page/marketing-excel/rf-b5751acf02a6e3a97344,Retail Media Sales Specialist (AdSales),Michael Page,"['Marketing', 'Excel', 'Google']","Responsable de la estrategia de Partner Marketing, alineando las necesidades de comunicación de los Partners a las del equipo comercial de Category Management.
El objetivo ...",12/06/2026EspañaMarketing
https://www.tecnoempleo.com/ingeniero-procesos-fabricacion-michael-page/ingenieria-electronica/rf-c45a185ae2373326124f,Ingeniero de Procesos/Fabricación,Michael Page,"['Ingeniería', 'Electrónica']","La persona seleccionada liderará la línea en cuestiones de mejora de implantación, mejora de rendimientos y análisis de datos, para eso, se desempeñarán las siguientes ...",12/06/2026BizkaiaElectrónica
https://www.tecnoempleo.com/full-stack-developer-net-react-ust/net-azure/rf-b81016f2c2d893226847,Full Stack Developer (.Net/React),UST,"['.net', 'react', 'azure']","We are still looking for the very Top Talent…and we would be delighted if you were to join our team!

More in details, UST is a multinational company based in North ...",12/06/2026Madrid (Híbrido)Programador
https://www.tecnoempleo.com/ingeniero-electrico-michael-page/ingenieria-electrica/rf-2846141512e913031947,Ingeniero/a eléctrico,Michael Page,['Ingeniería Eléctrica'],"Funciones

Desarrollo de ingeniería eléctrica en proyectos industriales
Participación en proyectos de instalaciones eléctricas y energía
Coordinación con equipos mec...",12/06/2026A CoruñaIngenieros/Industria
https://www.tecnoempleo.com/ingeniero-procesos-michael-page/lean/rf-b592170e52e0a329574a,Ingeniero/a de Procesos,Michael Page,['Lean'],"Las principales funciones que realizarás como Ingeniero/a de Procesos son: 

• Ejecución y seguimiento del plan de producción, asegurando el correcto funcionamiento de ...",12/06/2026AlicanteIngenieros/Industria
https://www.tecnoempleo.com/microsoft-cloud-security-engineer-devoteam/windows-server-ad/rf-f68c12d752aae308d14b,Microsoft Cloud Security Engineer,Devoteam,"['Microsoft', 'Windows Server', 'AD']","Descripción de la empresa

Devoteam es una consultora europea líder especializada en estrategia digital, plataformas tecnológicas, ciberseguridad y transformación ...",12/06/2026Barcelona (Presencial)Ciberseguridad
https://www.tecnoempleo.com/director-produccion-hays/lean-kaizen/rf-48a71fed42c5c376d248,Director/a de Producción,HAYS,"['Lean', 'Kaizen', 'Six Sigma']","Tu nueva empresa Importante compañía industrial, en pleno proceso de crecimiento y transformación, busca incorporar un/a Director/a de Producción para liderar un proyecto ...",12/06/2026Madrid (Presencial)Ingenieros/Industria
https://www.tecnoempleo.com/operador-it-ingles-alto-sopra-steria/soporte-monitorizacion/rf-8f3f1302c2f62359e347,Operador IT (inglés alto),Sopra Steria,"['soporte', 'monitorización', 'sistemas']","Descripción de la empresa

Porque trabajar en Sopra Steria, también es sentir Sopra Steria.

Somos un reconocido líder europeo en consultoría, servicios digitales y ...",12/06/2026MadridSoporte Técnico
https://www.tecnoempleo.com/data-science-manager-for-supply-chain-accenture/python-sql/rf-741d17349246e3a84d4c,Data Science Manager for Supply Chain,Accenture,"['Python', 'R', 'SQL']","Accenture Data & AI for Supply Chain Team

We are a global Data & AI for Supply Chain Center of Excellence with 200+ professionals, transforming supply chain operations by ...",12/06/2026Madrid (Híbrido)Big Data
https://www.tecnoempleo.com/senior-mobile-engineer-f-m-d-axpo-group/react-typescript/rf-60301d9ec21933660743,Senior Mobile Engineer (F/M/D),Axpo Group,"['react', 'TypeScript', 'HTML5']","Workload: 80-100%

Help us shape intuitive mobile experiences for a leading Swiss energy brand. Join a cross-functional team in Madrid, build with a modern stack, and make ...",12/06/2026Madrid (Híbrido)Desarrollador Móvil
https://www.tecnoempleo.com/tech-lead-net-sopra-steria/net-angular/rf-41ac165a825a539e664b,Tech lead .NET,Sopra Steria,"['.net', 'angular']","Descripción de la empresa

Porque trabajar en Sopra Steria, también es sentir Sopra Steria.

Somos un reconocido líder europeo en consultoría, servicios digitales y ...",12/06/2026Madrid (Híbrido)Jefe de Equipo
https://www.tecnoempleo.com/desarrollador-net-devoteam/net-c/rf-ac201a61826ea3348b4c,Desarrollador/a .NET,Devoteam,"['.net', 'C#', 'ASP.NET']","Descripción de la empresa

Devoteam es una consultora europea líder enfocada en estrategia digital, plataformas
tecnológicas, ciberseguridad y transformación ...",12/06/2026100% remotoProgramador
https://www.tecnoempleo.com/cybersecurity-engineer-hays/ciberseguridad-siem/rf-1fe91342327c8363ac41,Cybersecurity engineer,HAYS,"['ciberseguridad', 'SIEM']","Tu nueva empresa. Desde Hays, trabajamos para una compañía multinacional, cliente final, del Vallés Occidental, que busca un Ingeniero de Ciberseguridad que proteja los ...",12/06/2026Barcelona (Híbrido)Ciberseguridad
https://www.tecnoempleo.com/ingeniero-sr-proyectos-industriales-michael-page/cad/rf-04a914cfe26fe362c14f,Ingeniero Sr de Proyectos Industriales,Michael Page,['CAD'],"Perfil buscado (Hombre/Mujer)

• Contacto directo y diario con los proveedores de equipos, instalaciones y servicios.
• Realizar control de calidad del trabajo (...",12/06/2026ValenciaIngenieros/Industria
https://www.tecnoempleo.com/cloud-engineer-cloud-ops-accenture/azure-aws/rf-1c37170d220ce33f244b,Cloud Engineer / Cloud Ops,Accenture,"['Azure', 'AWS', 'GCP']","- At Accenture Technology, we drive our clients´ digital transformation through innovative, secure, and scalable cloud solutions. You will work in complex, high-impact ...",12/06/2026MadridTécnico de Sistemas
https://www.tecnoempleo.com/software-engineer-python-lynx-santander/sql/rf-5da51a97920db33e0c48,Software Engineer Python - Lynx,Santander,"['Python', 'SQL']","Software Engineer Python - Lynx

Country: Spain

Lynx Financial Crime Tech está buscando un/a Software Engineer (Python) para nuestras oficinas en Madrid.

POR QUÉ ...",12/06/2026MadridProgramador
https://www.tecnoempleo.com/data-analytics-genai-entorn-internacional-accentur/aws-azure/rf-3e691f015282b30e2540,"Data, Analytics & GenAI - Entorn Internacional",Accenture,"['AWS', 'Azure', 'GCP']","Accenture està impulsant una transformació profunda del seu model tecnològic amb una aposta estratègica clara per Data & AI, i Barcelona s´ha consolidat com una de les ...",12/06/2026BarcelonaBig Data
https://www.tecnoempleo.com/functional-product-owner-ust/business-analysis-agile/rf-3c5c1fc3e20b73b02e46,Functional Product Owner,UST,"['business analysis', 'agile', 'jira']","We are still looking for the very Top Talent…and we would be delighted if you were to join our team!

More in details, UST is a multinational company based in North ...",12/06/2026MadridResponsable de Producto
https://www.tecnoempleo.com/functional-product-owner-branch-channels-ust/agile-jira/rf-ab05119bb28e33180645,Functional Product Owner (Branch Channels),UST,"['agile', 'jira', 'confluence']","We are still looking for the very Top Talent…and we would be delighted if you were to join our team!

More in details, UST is a multinational company based in North ...",12/06/2026MadridResponsable de Producto
https://www.tecnoempleo.com/cybersecurity-architect-ust/ciberseguridad/rf-8ea91aea125073c1214c,Cybersecurity Architect,UST,['Ciberseguridad'],"UST is looking for the very Top Talent…and we would be delighted if you were to join our family!

More in detail, UST is a multinational company based in North America, ...",12/06/2026100% remotoCiberseguridad
https://www.tecnoempleo.com/administrador-linux-gestion-vulnerabilidades-pss/sql-nginx/rf-a1761d4e92ecf3278140,Administrador Linux - Gestión de Vulnerabilidades,PSS,"['Linux', 'SQL', 'Nginx']","¿Te gustaría impulsar tu carrera en el sector IT con un proyecto sólido y un equipo de profesionales excepcionales? Si valoras la estabilidad y el crecimiento profesional, ...",12/06/2026100% remotoAdministrador39.000€ - 42.000€ b/a
https://www.tecnoempleo.com/senior-data-engineer-epam/python-pandas/rf-fbab129912a463333149,Senior Data Engineer,EPAM,"['Python', 'pandas', 'Polars']",Are you a forward-thinking professional with a strong background in Data Engineering and an interest in financial services? Join as a Senior Data Engineer and help build and ...,11/06/2026MadridBig Data
https://www.tecnoempleo.com/planificador-control-m-second-window/control-m-batch/rf-7353187a720a7317ae40,Planificador Control-M,Second Window,"['control M', 'batch', 'Editran']",Desde Second Window estamos en búsqueda de un perfil de Planificador HOST (Control-M / Mainframe) para incorporarse a un proyecto estable en entorno corporativo. Se trata de ...,11/06/2026MadridConsultor
https://www.tecnoempleo.com/analista-programador-net-c-second-window/net-c/rf-49f81c78125853007347,Analista Programador .NET/ C#,Second Window,"['.net', 'C#']","¡Te ofrecemos crecer con nosotros en una de nuestras unidades tecnológicas como Analista Programador .NET, en un puesto estable para la Administración Pública! Se trata de...",11/06/2026MadridProgramador
https://www.tecnoempleo.com/analista-programador-a-alcampo/java-python/rf-5d531fdf521063720e44,Analista - Programador/a,Alcampo,"['Java', 'Python', 'Google Cloud Platform']","Si eres la persona seleccionada, tu misión será colaborar en el desarrollo y mantenimiento de aplicaciones y sistemas en el área de Data IT, ya sea en nuevos proyectos o ...",11/06/2026Zaragoza (Híbrido)Analista
https://www.tecnoempleo.com/senior-devops-kubernetes-panel-sistemas-informatic/aws-azure/rf-53681e5c923db3ee8549,Senior DevOps & Kubernetes,PANEL Sistemas Informáticos,"['AWS', 'Azure', 'Kubernetes']","🚀 ¡Estamos buscando un Senior DevOps & Kubernetes!
¿Tienes entre 8 y 10 años de experiencia en entornos cloud y automatización? ¡Queremos conocerte!

Requisitos ...",11/06/2026100% remotoArquitecto TIC
https://www.tecnoempleo.com/desarrollador-full-stack-blister-aplications/react-python/rf-7cc21d54c22663e3484d,Desarrollador Full Stack,Blister Aplications,"['React', 'Python', 'Java']","Full Stack Developer

About Ti-Medi
Ti-Medi is a multinational e-Health company dedicated to the manufacture and distribution of technological solutions to make the management...",11/06/2026Barcelona (Híbrido)Programador
https://www.tecnoempleo.com/devops-security-engineer-panel-sistemas-informatic/terraform-azure/rf-a2d418b162c533092d48,DevOps Security Engineer,PANEL Sistemas Informáticos,"['Terraform', 'Azure', 'Kubernetes']","🚀 DevOps Security Engineer | 100% Remoto 🔐💻
¿Te motiva trabajar en entornos cloud de alto nivel, donde la seguridad es clave desde el diseño?
Buscamos un/a DevOps ...",11/06/2026100% remotoDevOps
https://www.tecnoempleo.com/tecnico-sistemas-experto-en-redes-seguridad-alcamp/gaia-fortigate/rf-0ab416bbb291e3696943,Técnico/a Sistemas Experto/a en Redes y Seguridad,Alcampo,"['GAiA', 'FortiGate', 'FortiAnalyzer']","Misión: 
Definir e implantar la configuración hardware y software para mantener un rendimiento óptimo de los sistemas y comunicaciones informáticas de la compañía.

...",11/06/2026Madrid (Híbrido)Ciberseguridad
https://www.tecnoempleo.com/operador-monitorizacion-24x7-baoss/linux-windows/rf-fd9511b8a2da03c2eb47,Operador/a  - Monitorización 24x7,Baoss,"['Linux', 'Windows', 'BBDD']","Buscamos incorporar un/a Operador/a de Sistemas especializado/a en monitorización para un proyecto en entorno 24x7, ubicado en Madrid (zona Hormigueras).


Requisitos: 

-...",11/06/2026Madrid y otrasOperador
https://www.tecnoempleo.com/operador-control-m-linux-baoss/controlm-unix/rf-5b4b154e1211c3443140,Operador/a Control-M / Linux,Baoss,"['ControlM', 'Linux', 'Unix']","Operador/a Junior – Control-M / Linux

📍 Tres Cantos – 100% presencial

📍 Tres Cantos – 100% presencial
🕒 Turnos rotativos mañana / tarde / noche

🚀 ...",11/06/2026MadridOperador
https://www.tecnoempleo.com/tecnico-soporte-usuarios-as-grupo-sermicro/windows-hardware/rf-d1d11eb7b216730ddb44,Técnico/a Soporte Usuarios/as,Grupo Sermicro,"['windows', 'soporte', 'hardware']","Grupo Sermicro somos una empresa Integradora de referencia en Soluciones y Servicios TIC con más de 40 años de experiencia y una amplia presencia internacional.
¡Te ...",11/06/2026BarcelonaHelpdesk
https://www.tecnoempleo.com/tecnico-desarrollo-aplicaciones-web-acerta-certifi/api-rest-sql/rf-8c151a1ad253133fd34f,Técnico/a de Desarrollo de Aplicaciones Web,ACERTA CERTIFICACIÓN S.L.,"['API REST', 'SQL', 'Laravel']","💼 ¡Buscamos un/a Técnico/a de Desarrollo de Aplicaciones Web!
Buscamos incorporar un/a Técnico/a de Desarrollo de Aplicaciones Web que contribuya activamente al diseño...",11/06/2026Madrid y otrasBase de Datos/DBA27.000€ - 33.000€ b/a
https://www.tecnoempleo.com/operador-red-automatizacion-oss-baoss/oracle-ua/rf-b59a1e338201333bb94c,Operador/a de Red-Automatización OSS,Baoss,"['Oracle', 'UA', 'Camunda']",Buscamos Operador/a de Red con experiencia en entornos OSS/BSS y automatización de procesos para incorporarse a un equipo técnico en crecimiento. La persona seleccionada ...,11/06/2026Madrid y otrasOperador
https://www.tecnoempleo.com/qa-software-tester-engineer-merkle/jira-agile/rf-991a10f3925af3af1d4c,QA Software tester Engineer,Merkle,"['QA', 'JIRA', 'Agile']","We are Merkle, a performance marketing agency who specialise in the delivery of personalised customer experiences across platforms and devices. We call it ´people-based´ ...",11/06/2026Barcelona y otrasTester/QA21.000€ - 30.000€ b/a
https://www.tecnoempleo.com/contact-center-callflows-ivr-backend-engineer-pane/twilio-dialogflow-cx/rf-5b9411cec2a1938aa640,Contact Center Callflows / IVR Backend Engineer,PANEL Sistemas Informáticos,"['IVR', 'Twilio', 'DialogFlow CX']","🎧 ¡Buscamos Contact Center Callflows / IVR Backend Engineer, especializado en diseñar, desarrollar y mantener flujos de llamadas, IVR (Interactive Voice Response) y las ...",11/06/2026100% remotoDevOps
https://www.tecnoempleo.com/ingeniero-soporte-pipelines-ci-cd-panel-sistemas-i/ci-cd-teamcity/rf-44e21832d2fea32ab643,Ingeniero/a de Soporte de Pipelines - CI/CD,PANEL Sistemas Informáticos,"['CI/CD', 'TeamCity', 'Jenkins']","Pipelines Support Engineer (CI/CD & Test Automation)
📍 Ubicación: Madrid
🧑‍💻 Modalidad: Híbrido
🗣 Idioma: Inglés alto (C1 – trabajo 100 % en inglés...",11/06/2026Madrid (Híbrido)Analista Programador
https://www.tecnoempleo.com/ingeniero-informatico-con-conocimiento-sap-orona/hana-abap/rf-b27c165b82c1639d2b45,Ingeniero/a Informático/a con conocimiento SAP,ORONA,"['SAP', 'HANA', 'ABAP']","¿Te apasiona la informática y te gustaría tener la oportunidad de crecer profesionalmente en un grupo global, líder europeo en sistemas de elevación?
Si asumir retos ...",11/06/2026Gipuzkoa (Híbrido) y otrasConsultor
https://www.tecnoempleo.com/responsable-calidad-hays/apqp-ppap/rf-3ecf14d1d201a3388e45,Responsable Calidad,HAYS,"['APQP', 'PPAP', 'FMEA']","Tu nueva empresa Compañía global de ingeniería y producción de componentes avanzados, busca a un Responsable Corporativo de Calidad de Proyectos, que resida en Barcelona o...",11/06/2026BarcelonaSistemas de Calidad
https://www.tecnoempleo.com/mobile-developer-android-ios-page-personnel/kotlin-java/rf-3ddb1da1626b4377434b,Mobile Developer (Android & iOS),Page Personnel,"['Android', 'Kotlin', 'Java']","• Desarrollar y mantener SDKs y plugins para:
  Android (Kotlin, Java)
  iOS (Objective-C, Swift)
• Implementar nuevas funcionalidades
• Evolucionar librerías ...",11/06/2026Barcelona (Híbrido)Desarrollador Móvil
https://www.tecnoempleo.com/data-engineer-con-python-e-ingles-c1-sg-tech/etl-apis-rest/rf-07d81759724e2362b240,Data Engineer con Python e Inglés C1,sg tech,"['Python', 'ETL', 'APIs REST']","Descripción del puesto:

Responsable del análisis, desarrollo, testing y soporte de procesos y programas de ingeniería de datos utilizando diferentes herramientas y ...",11/06/2026Madrid (Híbrido)Analista
https://www.tecnoempleo.com/data-security-analyst-specialist-basf/ciberseguridad-python/rf-57a119e57231d3919b47,Data Security Analyst Specialist,BASF,"['Ciberseguridad', 'Python', 'SQL']","ABOUT US

At BASF Digital Hub Madrid we develop innovative digital solutions for BASF, create new exciting customer experiences and business growth, and drive efficiencies ...",11/06/2026MadridCiberseguridad
https://www.tecnoempleo.com/jefe-proyecto-ingenieria-montajes-michael-page/project-office/rf-9dff190142432311604e,Jefe de Proyecto Ingeniería y Montajes,Michael Page,"['Project', 'Office', 'ingenieria']","Seleccionamos un/a Ingeniero/a Jefe/a de Proyecto para gestionar proyectos nacionales e internacionales:

En el marco de una actividad relacionada con la fabricación e ...",11/06/2026EspañaJefe de Proyecto
https://www.tecnoempleo.com/developer-cloud-aws-kubernetes-grupo-ns/angular-docker/rf-2405147bd2b61305c843,Developer Cloud AWS & Kubernetes,Grupo NS,"['angular', 'AWS', 'docker']","En Grupo NS buscamos incorporar de forma urgente un/a Developer Cloud & Kubernetes con experiencia en entornos cloud y tecnologías de contenedorización, para participar en ...",11/06/2026Barcelona (Híbrido)DevOps33.000€ - 45.000€ b/a
https://www.tecnoempleo.com/consultor-seguridad-grupo-digital/ciberseguridad-kubernetes/rf-b50716f5e2ae83d25549,Consultor Seguridad,Grupo Digital,"['ciberseguridad', 'Kubernetes', 'OpenShift']","Descripción
en GP DIGITAL buscamos para cliente ser sector  asegurador 

CONSULTOR CIBERSEGURIDAD 

Únete a un entorno puntero centrado en IA generativa y arquitecturas ...",11/06/2026100% remotoCiberseguridad
https://www.tecnoempleo.com/sap-abap-btp-michael-page/sap-btp/rf-00e717e6f2b993321f4c,SAP ABAP - BTP,Michael Page,"['SAP BTP', 'SAP', 'ABAP']","• Develop and implement solutions using SAP BTP to meet business requirements.
• Collaborate with cross-functional teams to ensure seamless integration with existing ...",11/06/2026Barcelona (Híbrido)Consultor
https://www.tecnoempleo.com/tecnico-mantenimiento-electromecanica-hays/lean/rf-a22b13d9a24a23deed4d,Técnico de mantenimiento (Electromecánica),HAYS,['Lean'],"Desde Hays estamos en búsqueda de un/a Técnico/a de Mantenimiento para su incorporación a una importante empresa ubicada en la empresa de Valencia.
Dando soporte al á...",11/06/2026ValenciaIngenieros/Industria
https://www.tecnoempleo.com/tech-lead-m365-power-platform-ai-knowmad-mood/power-platform-dataverse/rf-4d2f1a1972b933943342,Tech Lead M365 (Power Platform & AI),knowmad mood,"['Power Platform', 'Dataverse', 'SharePoint']","We are knowmad mood! 

 Somos una compañía líder en transformación digital, en constante evolución y a la vanguardia de la tecnología. Nacimos para provocar un cambio ...",11/06/2026Madrid (Híbrido)Analista Programador
https://www.tecnoempleo.com/tecnico-almacenamiento-empresa-telco-michael-page/netapp-pure-storage/rf-980914af12f2d363214f,Técnico Almacenamiento - Empresa Telco,Michael Page,"['NetApp', 'Pure Storage', 'SAN']","• Administración y gestión de plataformas de almacenamiento y protección de datos en entornos Cloud e Internet.
• Operación de grandes infraestructuras: cabinas, ...",11/06/2026Madrid (Híbrido)Técnico de Sistemas30.000€ - 39.000€ b/a
https://www.tecnoempleo.com/experto-en-medios-pago-core-banking-grupo-digital/core-banking/rf-51311c70c2b2f33e024f,Experto/a en Medios de Pago / Core Banking,Grupo Digital,['core banking'],"Descripción
Si tienes experiencia en procesos de autorización en tarjetas o en módulos core banking dentro de entornos bancarios complejos, aquí podrás participar en ...",11/06/2026Madrid (Híbrido)Analista
https://www.tecnoempleo.com/desarrollador-java-con-frances-sopra-steria/java/rf-5ec01fa58210a343b642,Desarrollador/a Java con Francés,Sopra Steria,['java'],"Descripción de la empresa

Porque trabajar en Sopra Steria, también es sentir Sopra Steria.

Somos un reconocido líder europeo en consultoría, servicios digitales y ...",11/06/2026MadridProgramador
https://www.tecnoempleo.com/ingeniero-diseno-mecanico-a-page-personnel/cad/rf-540111bd0234f34ceb4d,Ingeniero/a de Diseño Mecánico/a,Page Personnel,['CAD'],"Perfil buscado (Hombre/Mujer)

• Diseñar, desarrollar y optimizar sistemas y componentes mecánicos para proyectos industriales.
• Supervisar la implementación de ...",11/06/2026SevillaIngenieros/Industria
https://www.tecnoempleo.com/application-operation-specialist-julius-baer/linux-windows/rf-1c951082d2af934ec44b,Application Operation Specialist,Julius Baer,"['Linux', 'Windows', 'Java']","At Julius Baer, we celebrate and value the individual qualities you bring, enabling you to be impactful, to be entrepreneurial, to be empowered, and to create value beyond ...",11/06/2026MadridSoporte Técnico
https://www.tecnoempleo.com/ingeniero-procesos-michael-page/lean-mes/rf-ea4f128772e453db5a45,Ingeniero de Procesos,Michael Page,"['Lean', 'MES']","Perfil buscado (Hombre/Mujer)

• * Analizar y optimizar los procesos productivos de la planta.
• * Identificar ineficiencias, mermas y cuellos de botella.
• * ...",11/06/2026ValenciaIngenieros/Industria
https://www.tecnoempleo.com/consultor-funcional-erp-hays/erp/rf-3d7217eb5259a36cf447,Consultor/a funcional ERP,HAYS,['ERP'],"Desde HAYS estamos colaborando con una consultora tecnológica de referencia ubicada en Gipuzkoa, que se encuentra en un momento de crecimiento. Actualmente buscan incorporar ...",11/06/2026GipuzkoaConsultor
https://www.tecnoempleo.com/project-manager-hays/office-excel/rf-052b136d923593984645,Project Manager,HAYS,"['Office', 'Excel', 'PowerPoint']","En HAYS estamos colaborando con una compañía líder en el sector financiero, comprometida con la innovación tecnológica y la seguridad digital.

Estamos en la bsuqueda ...",11/06/2026Madrid (Híbrido)Jefe de Proyecto
https://www.tecnoempleo.com/product-marketing-manager-michael-page/seo-sem/rf-289d1d6fe236c369b245,Product Marketing Manager,Michael Page,"['SEO', 'SEM', 'Marketing']","1. Apoyo a Ventas

• Desarrollo de materiales comerciales (presentaciones, fichas técnicas, casos de éxito).
• Coordinación de campañas de generación de leads y an...",11/06/2026ZaragozaMarketing
https://www.tecnoempleo.com/desarrollador-python-azure-grupo-digital/ia-generativa-inteligencia-artifi/rf-f96d1513b28cc311884d,Desarrollador/a Python Azure,Grupo Digital,"['python', 'ia generativa', 'azure']","Descripción
Si te interesa trabajar con tecnologías punteras de IA generativa sobre Azure y participar en proyectos de integración avanzada, este reto te permitirá ...",11/06/2026100% remotoInteligencia Artificial/Machine Learning36.000€ - 42.000€ b/a
https://www.tecnoempleo.com/aws-cloud-security-engineer-grupo-ns/python-ci-cd/rf-3f3019922234d31c9040,AWS Cloud Security Engineer,Grupo NS,"['python', 'AWS', 'CI/CD']","En Grupo NS incorporamos un/a AWS Cloud Security Engineer para participar en proyectos de seguridad cloud y modernización de infraestructuras en entornos AWS.

Buscamos un ...",11/06/2026100% remotoDevOps36.000€ - 48.000€ b/a
https://www.tecnoempleo.com/senior-python-etl-developer-plexus/pyspark/rf-6f821563a2c473d54946,Senior Python ETL Developer,Plexus,"['Python', 'PySpark', 'ETL']","Details

Join Plexus Tech. We are looking for a Senior Python Developer specialized in ETL for an important project.
 
 We are looking for a professional with a strong ...",11/06/2026Madrid (Híbrido)Programador
https://www.tecnoempleo.com/full-stack-developer-nodejs-angular-ey/typescript/rf-61ad11194267b3365d4c,Full Stack Developer NodeJs / Angular,EY,"['node', 'angular', 'TypeScript']","Full Stack Developer (NestJs / NodeJs / Angular) - EY GDS Spain - Hybrid

La oportunidad

Como parte de nuestro equipo de EY Tax Technology en EY GDS Spain, participarás ...",11/06/2026Málaga (Híbrido)Programador
https://www.tecnoempleo.com/sw-engineer-scada-industria-40-page-personnel/net-c/rf-fcd51e2b62b2a3a9a24f,SW Engineer (Scada)- Industria 4.0,Page Personnel,"['Scada', '.net', 'C#']","Perfil buscado (Hombre/Mujer)

• Desarrollo de Software: Diseñar y programar aplicaciones y scripts utilizando C# y .NET para optimizar, conectar y ampliar las ...",11/06/2026BarcelonaIngenieros/Industria39.000€ - 54.000€ b/a
https://www.tecnoempleo.com/ingeniero-diseno-electrico-a-page-personnel/industrial-manufacturing/rf-fd9f1916a2da63c1b64e,Ingeniero/a de Diseño Eléctrico/a,Page Personnel,"['Industrial', 'Manufacturing']","• Diseñar y desarrollar sistemas eléctricos para procesos de fabricación.
• Supervisar la instalación y el mantenimiento de equipos eléctricos.
• Garantizar el ...",11/06/2026SevillaIngenieros/Industria
https://www.tecnoempleo.com/cloud-engineer-aubay/aws-azure/rf-afa6125632aa53633043,Cloud Engineer,Aubay,"['AWS', 'Azure', 'OpenShift']","Funciones
 
 Buscamos un/a ingeniero/a cloud para formar parte del equipo de Cloud Ops. 
El rol implica trabajar en las operaciones diarias, el rendimiento y la fiabilidad ...",11/06/2026Barcelona (Híbrido)DevOps
https://www.tecnoempleo.com/ingeniero-i-d-gmv/iomt-python/rf-ae611e7c7260235c8241,Ingeniero/a de I+D,GMV,"['IoMT', 'Python', 'C++']","Si siempre soñaste con ser un héroe, pero sabes que tu papel en una película de guerra sería de muerto en combate número 3… ¡Tu sitio está con nosotros! Estamos ...",11/06/2026Madrid (Híbrido)Arquitecto TIC
https://www.tecnoempleo.com/tecnico-garantia-calidad-hays/8d-amfe/rf-c3801a9b52ad430a8c4e,Técnico/a Garantía Calidad,HAYS,"['8D', 'AMFE', 'PPAP']","Tu nueva empresa Compañía multinacional líder en el sector automoción, con un entorno innovador, dinámico y altamente tecnológico.

Tu nuevo puesto Como Ingeniero/a de...",11/06/2026BarcelonaIngenieros/Industria39.000€ - 45.000€ b/a
https://www.tecnoempleo.com/ingeniero-firmware-hays/lorawan-arm/rf-b4bb1d7882bb3333fd42,Ingeniero/a de firmware,HAYS,"['LoRaWAN', 'ARM', 'CortexM']","Desde Hays buscamos un Ingeniero/a de Firmware para diseñar, desarrollar y mantener firmware para dispositivos IoT embebidos, incluidos sensores y gateways. El puesto se ...",11/06/2026Bizkaia (Presencial)Electrónica
https://www.tecnoempleo.com/desarrollador-java-con-frances-sopra-steria/spring/rf-a8ba1d78c219239c594b,Desarrollador/a Java con Francés,Sopra Steria,"['Java', 'Spring']","Descripción de la empresa

Porque trabajar en Sopra Steria, también es sentir Sopra Steria.

Somos un reconocido líder europeo en consultoría, servicios digitales y ...",11/06/2026SevillaProgramador
https://www.tecnoempleo.com/ingeniero-procesos-page-personnel/lean/rf-05c51d1572e123eb1d44,Ingeniero/a de Procesos,Page Personnel,['Lean'],"Las principales funciones que realizarás como Ingeniero/a de Procesos son: 

• Ejecución y seguimiento del plan de producción, asegurando el correcto funcionamiento de ...",11/06/2026AlicanteIngenieros/Industria
https://www.tecnoempleo.com/tecnico-electromecanico-page-personnel/electromecanica-electronica/rf-938c171e92e2431a7f44,Técnico Electromecánico,Page Personnel,"['Electromecánica', 'electrónica']","Perfil buscado (Hombre/Mujer)

• Mantenimiento y reparación de maquinaria de limpieza industrial: barredoras y fregadoras industriales; hidro-limpiadoras de alta presión...",11/06/2026TarragonaElectrónica30.000€ - 42.000€ b/a
https://www.tecnoempleo.com/tecnico-electronico-documentacion-page-personnel/automatizacion-electronic/rf-3517170cc2e99367a246,Técnico electrónico (Documentación),Page Personnel,"['Automatización', 'Electrónica']","Perfil buscado (Hombre/Mujer)

• Elaborar y actualizar documentación técnica relacionada con equipos industriales, diseños, funcionamiento de sistemas, instrucciones de...",11/06/2026Madrid (Híbrido)Electrónica24.000€ - 30.000€ b/a
https://www.tecnoempleo.com/net-senior-tech-lead-developer-sg-tech/c-net/rf-2f3617aa520fd3ef1a4c,.NET Senior / Tech Lead Developer,sg tech,"['C#', '.NET', 'ASP.NET Core']","Descripción

Buscamos incorporar un/a Senior Backend .NET Developer / Tech Lead para participar en un proyecto tecnológico estable, orientado al desarrollo backend con C# ...",11/06/2026Madrid (Híbrido)Jefe de Equipo
https://www.tecnoempleo.com/desarrollador-ada-sopra-steria/c/rf-85a71ee5429293e4344e,Desarrollador/a ADA,Sopra Steria,"['ADA', 'C']","Descripción de la empresa

Porque trabajar en Sopra Steria, también es sentir Sopra Steria.

Somos un reconocido líder europeo en consultoría, servicios digitales y ...",11/06/2026MadridProgramador
https://www.tecnoempleo.com/talent-acquisition-isprox/rrhh/rf-ac3215a8b26433c51049,Talent Acquisition,Isprox,['rrhh'],"Descripción
Desde ISPROX, seleccionamos un/a Senior Talent Acquisition para que te unas a nuestro equipo. ISPROX somos una consultoría de selección de talento en constante...",11/06/2026100% remotoConsultor27.000€ - 42.000€ b/a
https://www.tecnoempleo.com/data-engineer-plexus/sql-server-oracle/rf-512d1057f2a1c3aa2346,Data Engineer,Plexus,"['SQL Server', 'Oracle', 'PostgreSQL']","Details

Join Plexus Tech. We are looking for a Data Engineer - Real-Time Data Processing.
 
 REQUIREMENTS: 
  - Relational databases: SQL Server, Oracle, PostgreSQL, etc...",11/06/2026Madrid (Híbrido)Base de Datos/DBA
https://www.tecnoempleo.com/project-manager-instalaciones-michael-page/bim/rf-6a861ffc424ab3aec34a,Project Manager Instalaciones,Michael Page,"['Project', 'BIM']","Responsabilidades principales

• Preparación de presupuestos de obra.
• Elaboración de ofertas técnicas y económicas para concursos públicos y privados.
• ...",11/06/2026PontevedraIngenieros/Industria
https://www.tecnoempleo.com/ingeniero-software-java-gmv/git-unix/rf-c8de118d4202e30bbc4f,Ingeniero/a de Software (Java),GMV,"['Java', 'Git', 'UNIX']",¿Buscas un sitio innovador y consolidado en el que desarrollarte profesionalmente? GMV somos un grupo tecnológico con amplia experiencia. Estamos ampliando nuestros equipos ...,11/06/2026Madrid (Híbrido)Programador
https://www.tecnoempleo.com/senior-software-engineer-m-f-d-basf/angular-net/rf-3fca1db56238d30dbc40,Senior Software Engineer (m/f/d),BASF,"['angular', '.net', 'C#']","WELCOME

As one of the world´s leading companies in this field, BASF Coatings S.L. develops and manufactures coatings for the automotive and industrial sectors. The success...",11/06/2026GuadalajaraProgramador
https://www.tecnoempleo.com/project-manager-electronica-ferroviaria-page-perso/project-manager/rf-cfc61997d25573750f48,Project Manager (Electrónica ferroviaria),Page Personnel,"['Electronica', 'project manager']","• Desarrollo de los proyectos asignados por el PMO.
• Planificación del diseño y desarrollo, determinación de fases, seguimiento analítico de proyecto mediante ...",11/06/2026Madrid (Híbrido)Electrónica39.000€ - 45.000€ b/a
https://www.tecnoempleo.com/sap-technical-operations-lead-s-4hana-m-f-d-basf/sap/rf-5ee3121742ad23006044,SAP Technical Operations Lead - S/4HANA (m/f/d),BASF,"['sap', 'hana']","ABOUT US

At BASF Digital Hub Madrid we develop innovative digital solutions for BASF, create new exciting customer experiences and business growth, and drive efficiencies ...",11/06/2026MadridConsultor
https://www.tecnoempleo.com/project-manager-michael-page/project-manager-pmp/rf-ae60199612caa3612243,Project Manager,Michael Page,"['Project Manager', 'PMP']","• Liderar la planificación, la organización, el seguimiento y el control de todos los aspectos del proyecto para conseguir los objetivos marcados en el mismo.
• ...",11/06/2026BizkaiaJefe de Proyecto
https://www.tecnoempleo.com/tecnico-testing-pruebas-sector-aeronautica-michael/electronica/rf-7b0917dd62a7333e7749,Técnico Testing/Pruebas - Sector aeronáutica,Michael Page,"['testing', 'Electrónica']","Preparar, configurar y operar bancos de pruebas para la validación de sistemas y equipos aeronáuticos.
Ejecutar ensayos funcionales y de verificación siguiendo ...",11/06/2026BizkaiaTester/QA
https://www.tecnoempleo.com/senior-data-engineer-page-personnel/python-net/rf-7d1b1d4fd26c1329224a,Senior Data Engineer,Page Personnel,"['Python', '.NET', 'SQL']","• Diseñar, desarrollar y mantener sistemas de gestión y análisis de datos automatizados.
• Optimizar flujos de trabajo y procesos relacionados con el análisis de ...",11/06/2026100% remotoAnalista Programador45.000€ - 54.000€ b/a
https://www.tecnoempleo.com/tecnico-telecomunicaciones-hays/cableado-fibra/rf-d9901ac2c248b326874d,Técnico de telecomunicaciones,HAYS,"['cableado', 'fibra', 'redes']",Desde Hays estamos buscando un/a Técnico/a de Telecomunicaciones para incorporarse a una compañía especializada en proyectos de infraestructuras tecnológicas en Tarragona...,11/06/2026TarragonaRedes21.000€ - 27.000€ b/a
https://www.tecnoempleo.com/arquitecto-observabilidad-grupo-digital/cloud/rf-8d4e15edc2f7a3859e4a,Arquitecto/a de Observabilidad,Grupo Digital,"['observabilidad', 'cloud']","Descripción
Únete a un entorno tecnológico complejo y de alta criticidad donde podrás definir la estrategia de observabilidad end-to-end y liderar la evolución de ...",11/06/2026Barcelona (Híbrido)Arquitecto TIC
https://www.tecnoempleo.com/ingeniero-devsecops-gmv/docker-kubernetes/rf-ce801367523bd3f06643,Ingeniero/a DevSecOps,GMV,"['Docker', 'Kubernetes', 'Pulumi']","Si eres de los que sueña con salvar el mundo, pero el traje de licra no termina de convencerte... ¡Tu sitio está con nosotros!
Estamos ampliando nuestros equipos en el ...",11/06/2026Madrid (Híbrido)DevOps
https://www.tecnoempleo.com/product-manager-digital-banca-pagos-grupo-digital/product-manager-jira/rf-14d31d6052711302f84b,Product Manager Digital (Banca / Pagos),Grupo Digital,"['product manager', 'jira', 'Confluence']","Descripción
En GP DIGITAL buscamos para importante  cliente de banca 
Product Manager Digital (Banca / Pagos)

Buscamos un/a Product Manager Digital con sólida experiencia ...",11/06/2026Barcelona (Híbrido)Jefe de ProyectoJornada intensiva mañana
https://www.tecnoempleo.com/salesforce-manager-michael-page/sales-cloud-service-cloud/rf-f777191f5288230c8b44,Salesforce Manager,Michael Page,"['Salesforce', 'Sales Cloud', 'Service Cloud']","• Liderar la implementación, optimización y evolución de soluciones Salesforce, principalmente en Sales Cloud y Service Cloud.
• Gestionar proyectos Salesforce end‑...",11/06/2026Barcelona (Híbrido)Jefe de Proyecto
https://www.tecnoempleo.com/responsable-mantenimiento-michael-page/industrial/rf-ca3e15c31278b3d9364a,Responsable de Mantenimiento,Michael Page,"['mantenimiento', 'industrial']","Definición y ejecución de la estrategia de mantenimiento.
Supervisión del mantenimiento de maquinaria industrial, liderando intervenciones críticas y correctivos urgentes...",11/06/2026LeónIngenieros/Industria
https://www.tecnoempleo.com/digital-strategy-and-customer-marketing-page-perso/salesforce-seo/rf-df281a5732d36373714a,Digital Strategy and Customer Marketing,Page Personnel,"['Salesforce', 'SEO', 'Marketing']","Estrategia Digital

• Definir e implementar la estrategia digital de la compañía.
• Impulsar nuevas capacidades digitales y campañas orientadas a captación de leads...",11/06/2026Barcelona (Híbrido)Marketing
https://www.tecnoempleo.com/analista-ciberseguridad-santander/sast/rf-3f8a196d7214c334b441,Analista de Ciberseguridad,Santander,"['Ciberseguridad', 'SAST']","Analista de Ciberseguridad para Desarrollo Seguro (SSDLC) - SDS

Country: Spain

ES EL MOMENTO

Santander (www.santander.com) está evolucionando de ser una marca global...",11/06/2026MadridAnalista
https://www.tecnoempleo.com/ingeniero-junior-centro-control-page-personnel/ingenieria/rf-3b1112e7227893dcf34a,Ingeniero junior. Centro de control,Page Personnel,['Ingenieria'],"FUNCIONES:

• Monitorear el rendimiento de los activos renovables en tiempo real, identificar anomalías, revisar históricos cuando sea necesario y actuar rápidamente ...",11/06/2026MadridIngenieros/IndustriaContrato temporal
https://www.tecnoempleo.com/developer-android-ios-technical-product-owner-plex/android/rf-b4b41124e27dc3902742,Developer Android/IOS - Technical Product Owner,Plexus,"['android', 'ios']","Details

Join Plexus Tech. We are looking for a Technical Product Owner/Project Manager profile with a background in mobile APP development to join an important and stable ...",11/06/2026Madrid (Híbrido)Desarrollador Móvil
https://www.tecnoempleo.com/sw-engineer-c-c-python-page-personnel/c-c/rf-63e31084d2d1d3759a48,SW Engineer (C++/C#/Python),Page Personnel,"['C#', 'C++', 'Python']","• Definir diseños y arquitectura de software para aplicaciones complejas en entornos industriales.
• Identificar, priorizar y ejecutar tareas en el ciclo de vida del ...",11/06/2026Barcelona (Híbrido)Arquitecto TIC
https://www.tecnoempleo.com/tecnico-electronico-michael-page/electronica-automatizacion/rf-6a121cf6f2b2831fc043,Técnico/a Electrónico,Michael Page,"['Electrónica', 'Automatización', 'robotica']","Descripción del puesto

En dependencia del área de Producto Propio, la persona seleccionada se incorporará a un equipo técnico en expansión, asumiendo un rol clave en ...",11/06/2026GipuzkoaElectrónica
https://www.tecnoempleo.com/tecnico-iniciativas-estrategia-michael-page/inteligencia-artificial-cibers/rf-cb221eb9b29d03a87841,Técnico de iniciativas Estrategia,Michael Page,"['Inteligencia Artificial', 'IA', 'Ciberseguridad']","Responsabilidades principales

Impulso de la propuesta de valor de la organización

• Apoyar en la ideación, estructuración y dinamización del itinerario de ...",11/06/2026Bizkaia (Híbrido)Consultor
https://www.tecnoempleo.com/qa-tester-especializado-en-wealth-panel-sistemas-i/postman-sql/rf-ace615ffc28e1372a14c,QA Tester especializado en Wealth,PANEL Sistemas Informáticos,"['QA', 'Postman', 'SQL']","🚀 ¡Nueva oportunidad en Digital Core – QC Wealth! 🚀
Buscamos un/a QA Tester especializado en Wealth para incorporarse a un proyecto 100% remoto en horario España...",11/06/2026100% remotoTester/QA
https://www.tecnoempleo.com/tenico-administrador-plataformas-virtuales-ayuntam/linux-windows/rf-92b5182ee23da37aa643,Ténico/a administrador Plataformas virtuales,Ayuntamiento de Madrid,"['linux', 'windows', 'redes']","El ayuntamiento de Madrid busca profesionales para Ingreso en la Escala Especial Superior de Sistemas y Tecnologías de la Información, Técnico/a Administrador de ...",11/06/2026MadridAdministrador27.000€ - 33.000€ b/a
https://www.tecnoempleo.com/programador-bms-hays/hvac-bacnet/rf-0f3c1ad9f25453951848,Programador/a BMS,HAYS,"['BMS', 'HVAC', 'BACnet']","🏢 Descripción del puesto
Buscamos un Programador BMS para trabajar en proyectos de automatización y control de edificios, participando en el diseño, programación, ...",10/06/2026Zaragoza (Presencial)Ingenieros/Industria
https://www.tecnoempleo.com/fullstack-developer-javascript-python-hays/typescript-html/rf-74bb14ffa26463468548,Fullstack Developer (JavaScript/Python),HAYS,"['JavaScript', 'TypeScript', 'HTML']","Tu nueva empresa Compañía tecnológica en pleno crecimiento. Trabajarás en un entorno colaborativo, inclusivo y orientado a la innovación continua, donde los equipos ...",10/06/2026LleidaProgramador
https://www.tecnoempleo.com/disenador-topsolid-page-personnel/top-solid-autocad/rf-93191b9662387360d140,Diseñador TOPSOLID,Page Personnel,"['Top Solid', 'AutoCAD', 'Solidworks']","• Diseñar y modelar stands en 3D utilizando Top-Solid, asegurando precisión técnica y estética.
• Interpretar planos y especificaciones para desarrollar soluciones ...",10/06/2026BarcelonaIngenieros/Industria
https://www.tecnoempleo.com/brand-manager-michael-page/marketing/rf-2887174f025d03608a4f,Brand Manager,Michael Page,['Marketing'],"Perfil buscado (Hombre/Mujer)

• Desarrollar y ejecutar estrategias de categoría para optimizar las ventas y la rentabilidad.
• Analizar el comportamiento de los ...",10/06/2026ZaragozaMarketing
https://www.tecnoempleo.com/industrial-data-manager-michael-page/dynamics-365-business-central/rf-5699185232b353af6548,Industrial Data Manager,Michael Page,"['Dynamics 365', 'Business Central']","Perfil buscado (Hombre/Mujer)

Garantizar la fiabilidad del dato industrial y operativo, diseñar y estructurar el sistema de reporting de la compañía, impulsar la mejora ...",10/06/2026BizkaiaIngenieros/Industria
https://www.tecnoempleo.com/global-head-of-infrastructure-and-digital-michael-/digital-workplace/rf-dd3415293260d345d941,Global Head of Infrastructure and Digital,Michael Page,['Digital workplace'],"• Definir y ejecutar la estrategia global de infraestructura tecnológica y digital workplace.
• Supervisar la implementación de soluciones tecnológicas que garanticen ...",10/06/2026Madrid (Presencial)Arquitecto TIC
https://www.tecnoempleo.com/arquitecto-servicios-arquitectura-datos-big-data-c/oracle-sql-server/rf-443a16e0d2ffb355c74a,Arquitecto Servicios Arquitectura Datos (Big Data),Cajamar Tecnología,"['Oracle', 'SQL Server', 'PostgreSQL']","Personal Técnico_ Arquitecto Servicios de arquitectura de datos (Big Data) (Cajamar Tecnología)

Cajamar Tecnología es una empresa de servicios que forma parte del Grupo ...",10/06/2026Almería (Híbrido) y otrasArquitecto TIC
https://www.tecnoempleo.com/senior-frontend-developer-baoss/react-typescript/rf-38df1e6a12aef3f1c04e,Senior Frontend Developer,Baoss,"['React', 'Typescript', 'NextJS']","Descripción del puesto

Buscamos un/a Senior Frontend Developer especializado/a en React para incorporarse al equipo de desarrollo de la plataforma digital de una empresa ...",10/06/2026100% remotoProgramador
https://www.tecnoempleo.com/analista-programador-java-baoss/spring-oracle/rf-3caf1cf5d25f239e1348,Analista Programador/a Java,Baoss,"['Java', 'Spring', 'Oracle']","Buscamos Analista Programador/a Java con experiencia en desarrollo backend y conocimientos frontend para participar en proyectos tecnológicos de gran envergadura.

Funciones...",10/06/2026Madrid y otrasAnalista Programador
https://www.tecnoempleo.com/genesys-cloud-architect-developer-panel-sistemas-i/genesys-cloud-cx-genesy/rf-3ad91b496218e3ac8341,Genesys Cloud Architect / Developer,PANEL Sistemas Informáticos,"['Genesys Cloud CX', 'Genesys Pure Connect', 'ivr']","🚀 Genesys Cloud Architect / Developer – Proyecto Banca (100% Remoto)
Modalidad: Remoto 100% | Contrato estable | Inglés B2

🧩 Sobre el rol
Buscamos un/a Genesys Cloud...",10/06/2026100% remotoArquitecto TIC
https://www.tecnoempleo.com/analista-datos-cajamar-tecnologia/sql-python/rf-b7af119422e53338c049,Analista de Datos,Cajamar Tecnología,"['SQL', 'Python', 'R']","En Cajamar Tecnología, necesitamos incorporar a una persona en la oficina Analítica Cliente. 

¿Quiénes somos?  

Cajamar Tecnología es una empresa de servicios que forma...",10/06/2026Almería (Híbrido) y otrasAnalista
https://www.tecnoempleo.com/ingeniero-informatico-fundacio-apip-acam/windows-server-microsoft-365/rf-da611f57b2046306a849,Ingeniero Informàtico,Fundació APIP-ACAM,"['Windows Server', 'Microsoft 365', 'LAN']","Buscamos un responsable de nuestro departamento informático, que se ocupe de:
-La gestión del equipo de profesionales que lo componen.
-Responsable del mantenimiento ...",10/06/2026BarcelonaRedes36.000€ - 42.000€ b/a
https://www.tecnoempleo.com/gestion-accesos-uam-iam-baoss/identidades/rf-2cc91874629a836f4d40,Gestión de Accesos - UAM / IAM,Baoss,"['Identidades', 'IAM', 'UAM']",Buscamos perfiles de Gestión de Accesos (UAM/IAM) que asuma la responsabilidad integral del gobierno de accesos dentro de su perímetro de aplicaciones. Será la persona ...,10/06/2026Madrid y otrasConsultor
https://www.tecnoempleo.com/edge-ai-computer-vision-electrical-engineer/computer-vision-machine-learni/rf-f40b1d3d5269b34dff4d,Edge AI & Computer Vision Electrical Engineer,Defence Sector Engineering Company,"['Computer Vision', 'Machine Learning', 'Jetson']","Mission

To develop and integrate computer vision and artificial intelligence solutions optimized for NVIDIA Jetson embedded platforms, enabling real-time processing, ...",10/06/2026MadridInteligencia Artificial/Machine Learning
https://www.tecnoempleo.com/ingeniero-datos-serem/dbt-sql/rf-1ecd1af882cc33f27646,Ingeniero/a de Datos,Serem,"['DBT', 'SQL', 'Azure']","Desde Serem, buscamos incorporar un/a  Ingeniero/a de Datos con experiencia en DBT y entornos Azure o AWS para incorporarse a un proyecto estable en modalidad 100% remota.

...",10/06/2026100% remotoBig Data
https://www.tecnoempleo.com/desarrollador-backend-tuyu-technology/aso-apx/rf-f68f1516f23bc375d343,Desarrollador/a Backend,Tuyú Technology,"['ASO', 'APX', 'Java']","¡Impulsa tu carrera con TUYÚ Technology! 

¿Te apasiona la tecnología y buscas un desafío que realmente marque la diferencia? Estamos en la búsqueda de un/a ...",10/06/2026Madrid (Híbrido)Programador24.000€ - 27.000€ b/a
https://www.tecnoempleo.com/jefe-equipo-en-procesos-negocio-ditay-tech/erp-bpm/rf-36041d1b52b003097f4e,Jefe de Equipo en Procesos de Negocio ,Ditay Tech,"['ERP', 'BPM']","Ámbito de trabajo: 
Trabajarás en el área responsable de diseñar, operar y optimizar los procesos corporativos que soportan la actividad de las empresas cliente. Incluye ...",10/06/2026Madrid (Híbrido)Jefe de Equipo39.000€ - 39.000€ b/a
https://www.tecnoempleo.com/senior-java-engineer-kafka-grafana-prometheus-know/java/rf-a2751664f28f331e8d4a,"Senior Java Engineer (Kafka, Grafana, Prometheus)",knowmad mood,"['java', 'Kafka', 'Grafana']","We are knowmad mood! 

 Somos una compañía líder en transformación digital, en constante evolución y a la vanguardia de la tecnología. Nacimos para provocar un cambio ...",10/06/2026100% remotoDevOps
https://www.tecnoempleo.com/electromecanico-hays/plc/rf-d138114602ce4395d440,Electromecánico,HAYS,['PLC'],Desde Hays estamos buscando Electromecánicos/as para una empresa líder del sector alimentación ubicada en la zona sur de Valencia. Buscamos profesionales con experiencia en...,10/06/2026ValenciaIngenieros/Industria
https://www.tecnoempleo.com/programador-robotica-hays/abb-kuka/rf-cc3f10aaa2172335d04a,Programador/a de Robótica,HAYS,"['ABB', 'KUKA', 'FANUC']","Desde Hays estamos en búsqueda de un/a Programador/a de Robótica para incorporarse a una empresa de automatización industrial, ubicada en el País Vasco y con fuerte ...",10/06/2026BizkaiaElectrónica
https://www.tecnoempleo.com/ingeniero-software-backend-gmv/java-microservicios/rf-01bb1253e29a83e29e42,Ingeniero/a de software backend,GMV,"['Java', 'Microservicios', 'Kafka']",Si la expresión Houston tenemos un problema te genera sentimientos encontrados… ¡Tu sitio está con nosotros! Estamos ampliando nuestros equipos en el sector espacial para...,10/06/2026Madrid (Híbrido)Programador
https://www.tecnoempleo.com/data-architect-sopra-steria/python-spark/rf-db5e18c182c9831c2743,Data Architect,Sopra Steria,"['python', 'spark', 'SQL']","Descripción de la empresa

Porque trabajar en Sopra Steria, también es sentir Sopra Steria.

Somos un reconocido líder europeo en consultoría, servicios digitales y ...",10/06/2026MadridArquitecto TIC
https://www.tecnoempleo.com/project-manager-business-central-michael-page/business-central-microsoft/rf-e9e21f91a2c503c4d042,Project Manager Business Central,Michael Page,"['Business Central', 'Microsoft']","• Gestionar la planificación, ejecución y seguimiento de proyectos de implementación de Business Central.
• Coordinar equipos multidisciplinares para garantizar el ...",10/06/2026Barcelona (Híbrido)Jefe de Proyecto
https://www.tecnoempleo.com/desarrollador-java-scrum-master-sopra-steria/spring/rf-53c71ccc224483686241,Desarrollador/a Java + Scrum Master,Sopra Steria,"['java', 'spring']","Descripción de la empresa

Porque trabajar en Sopra Steria, también es sentir Sopra Steria.

Somos un reconocido líder europeo en consultoría, servicios digitales y ...",10/06/2026MadridProgramador
https://www.tecnoempleo.com/devsecops-michael-page/kubernetes-openshift/rf-8cac1274e26143eaea48,DEVSECOPS,Michael Page,"['Kubernetes', 'OpenShift', 'AWS']","KEY RESPONSABILITIES
• Define and review security requirements and architectural designs across application, infrastructure, and network layers
• Provide security ...",10/06/2026MadridCiberseguridad
https://www.tecnoempleo.com/servicenow-senior-consultant-ey/servicenow/rf-1d741ab882fc53cd984a,ServiceNow Senior Consultant,EY,['ServiceNow'],"En EY, damos forma al futuro con confianza.

En EY encontrarás mucho más que un empleo: una oportunidad real para crecer, aprender y dejar huella en una firma global lí...",10/06/2026MadridConsultor
https://www.tecnoempleo.com/frontend-software-engineer-angular-hays/typescript-npm/rf-2f411d31d2a4235ee142,Frontend Software Engineer (Angular),HAYS,"['Angular', 'TypeScript', 'NPM']","En HAYS estamos colaborando con una compañía internacional del sector financiero, con un fuerte foco en innovación tecnológica y desarrollo de soluciones cloud modernas ...",10/06/2026Madrid (Híbrido)Desarrollador WebContrato temporal
https://www.tecnoempleo.com/gestor-aplicaciones-medios-pago-michael-page/cobol-ims/rf-33ea1eeaf22933f58e4b,Gestor de Aplicaciones (Medios de Pago,Michael Page,"['cobol', 'IMS']","Perfil buscado (Hombre/Mujer)

Como Gestor de Aplicaciones en el ámbito de Pagos con Tarjetas tu misión consistirá en gestionar los proyectos, las actividades de ...",10/06/2026Madrid (Híbrido)Jefe de Proyecto39.000€ - 48.000€ b/a
https://www.tecnoempleo.com/customer-experience-post-service-dire-hays/helpdesk-hardware/rf-124f1121722a4380ce48,Customer Experience & Post Service Dire,HAYS,"['Helpdesk', 'Hardware']","Responsable de Servicio y Postventa.

📍 Ubicación: Lleida

🕒 Modalidad: Presencial (100%) con flexibilidad horaria.

📄 Tipo de contrato: Indefinido.

💼 ...",10/06/2026Lleida (Presencial)Helpdesk30.000€ - 45.000€ b/a
https://www.tecnoempleo.com/ingeniero-electronico-page-personnel/plc-hmi/rf-2c50178042e003c4ae48,Ingeniero Electrónico,Page Personnel,"['PLC', 'HMI', 'Servomotores']","En colaboración con el departamento técnico, el Ingeniero Electrónico tendrá que:

• Programar PLC, HMI y Servomotores de maquinaria industrial (conexiones entre má...",10/06/2026BarcelonaElectrónica
https://www.tecnoempleo.com/core-digital-campus-it-project-manager-airbus/project-manager-itil/rf-eb831ec992e9339da140,CORE DIGITAL CAMPUS IT Project Manager,Airbus,"['Project Manager', 'ITIL', 'Prince2']","Job Description:

An opportunity for a IT Project Manager has arisen within Airbus Helicopters (Albacete,

Spain)

The Operational Performance Team is looking for a ...",10/06/2026AlbaceteJefe de Proyecto
https://www.tecnoempleo.com/lead-generation-specialist-saas-b2b-michael-page/linkedin-sales-navigator-/rf-aca8165b52b5b3216942,Lead Generation Specialist - SaaS B2B,Michael Page,"['LinkedIn Sales Navigator', 'Apollo', 'Cognism']","Lead Generation (Core Focus - 70%)

• Identify, build, and maintain high-quality prospect lists using tools like LinkedIn Sales Navigator, Apollo, Cognism or ZoomInfo...",10/06/2026Madrid (Presencial)Marketing24.000€ - 36.000€ b/a
https://www.tecnoempleo.com/sap-qm-senior-consultant-michael-page/sap-qm-hana/rf-55ec1acc921563c4e740,SAP QM Senior Consultant,Michael Page,"['SAP QM', 'HANA', 'SAP']","• Implementación y configuración del módulo SAP QM en S/4HANA.
• Análisis y mejora de procesos de calidad en entorno industrial.
• Participación en workshops ...",10/06/2026Barcelona (Híbrido)Consultor
https://www.tecnoempleo.com/sap-is-u-consultant-michael-page/sap/rf-495012a8526a234ad849,SAP IS-U Consultant,Michael Page,['SAP'],"• Gestionar y optimizar los procesos relacionados con SAP IS-U dentro del departamento de tecnología.
• Realizar análisis funcionales y técnicos para identificar á...",10/06/2026Barcelona (Híbrido)Consultor
https://www.tecnoempleo.com/fullstack-senior-developer-java-react-sopra-steria/spring/rf-85471fb4928ab3e89a4a,FullStack senior developer (Java/React),Sopra Steria,"['Java', 'React', 'spring']","Descripción de la empresa

Porque trabajar en Sopra Steria, también es sentir Sopra Steria.

Somos un reconocido líder europeo en consultoría, servicios digitales y ...",10/06/2026MadridProgramador
https://www.tecnoempleo.com/ingeniero-procesos-produccion-jr-hays/lean-six-sigma/rf-1f6a17c1026f33a8434a,Ingeniero/a de procesos y producción Jr,HAYS,"['Lean', 'Six Sigma']","HAYS Empleo: Ingeniero/a producción y procesos JUNIOR - Zona Amurrio

MISIÓN Y ROL:

Nuestro cliente, empresa del sector industrial ubicada en los alrededores de Amurrio...",10/06/2026ÁlavaIngenieros/Industria
https://www.tecnoempleo.com/sap-bi-bw-and-sac-analytics-cloud-consultant-ey/hana/rf-409d107022faa350bb4c,SAP BI/BW and SAC Analytics Cloud Consultant,EY,"['sap', 'hana']","SAP BI/BW and SAC Analytics Cloud Senior Consultant

The opportunity

As a member of our team in the EY GDS Spain office in Malaga, you´ll have a chance to extend your ...",10/06/2026Málaga (Híbrido)Consultor
https://www.tecnoempleo.com/aerial-delivery-software-engineer-airbus/c-c/rf-9ede16205259b3a43248,Aerial Delivery Software Engineer,Airbus,"['C', 'C++', 'RTCA']","Job Description:

A vacancy for an Onboard Safety-Critical Software Engineer in Aerial Delivery department has arisen within Airbus Defence & Space in Getafe.

The duties ...",10/06/2026Madrid (Híbrido)Ingenieros/Industria
https://www.tecnoempleo.com/desarrollador-apis-con-apigee-sopra-steria/openapi-mongodb/rf-661b19b952b933208e4b,Desarrollador/a Apis con Apigee,Sopra Steria,"['Apigee', 'OpenAPI', 'MONGODB']","Descripción de la empresa

Porque trabajar en Sopra Steria, también es sentir Sopra Steria.

Somos un reconocido líder europeo en consultoría, servicios digitales y ...",10/06/2026100% remotoProgramador
https://www.tecnoempleo.com/administrador-salesforce-hays/flows-data-loader/rf-348a1fbbe2d6135c5545,Administrador Salesforce,HAYS,"['Salesforce', 'Flows', 'Data Loader']","En HAYS buscamos un/a Salesforce Administrator con un enfoque tanto funcional como técnico, capaz de liderar la evolución continua de nuestra plataforma Salesforce y actuar ...",10/06/2026Madrid (Híbrido)Administrador
https://www.tecnoempleo.com/analista-cobol-digital-talent-agency/jcl-db2/rf-c5ee17ea129ba3e67f47,Analista Cobol,Digital Talent Agency,"['cobol', 'jcl', 'db2']","Descripción
Analista COBOL - Tres Cantos (Híbrido)Empresa: Zemsania
Ubicación: Tres Cantos (Modelo Híbrido)
Experiencia Requerida: Mínimo 2 años

Acerca de Zemsania:
...",10/06/2026Madrid (Híbrido)Analista Programador
https://www.tecnoempleo.com/desarrollador-java-angular-con-frances-sopra-steri/spring/rf-03011196626b7352cd40,Desarrollador/a Java/Angular con Francés,Sopra Steria,"['java', 'spring', 'angular']","Descripción de la empresa

Porque trabajar en Sopra Steria, también es sentir Sopra Steria.

Somos un reconocido líder europeo en consultoría, servicios digitales y ...",10/06/2026BarcelonaProgramador
https://www.tecnoempleo.com/consultor-ciberseguridad-grc-part-is-sopra-steria/ciberseguridad/rf-282a19fa22b7b3cd3744,Consultor/a Ciberseguridad GRC (PART-IS),Sopra Steria,"['Ciberseguridad', 'GRC']","Descripción de la empresa

Porque trabajar en Sopra Steria, también es sentir Sopra Steria.

Somos un reconocido líder europeo en consultoría, servicios digitales y ...",10/06/2026AlbaceteCiberseguridad
https://www.tecnoempleo.com/scrum-master-aubay/agile/rf-90561a5a72b3632d1d41,Scrum master,Aubay,"['scrum', 'agile']","Funciones
 
 En Aubay estamos buscando un/a Scrum Master, para incorporarse a un interesante proyecto internacional dentro del sector asegurador. 

Funciones:
Facilitar ...",10/06/2026Barcelona (Híbrido)Jefe de Equipo
https://www.tecnoempleo.com/senior-react-developer-plexus/react/rf-352114e162c8f395ad47,Senior React Developer,Plexus,['react'],"Details

Join Plexus Tech. We are looking for a React Developer to join a large-scale, long-term project with strong growth opportunities.
 
 With our hybrid model, ...",10/06/2026Madrid (Híbrido)Programador
https://www.tecnoempleo.com/tecnico-calidad-electronico-michael-page/electronica-firmware/rf-07a613092271f31be142,Tecnico/a de Calidad Electrónico,Michael Page,"['electronica', 'firmware']","Perfil buscado (Hombre/Mujer)

Reportando al Responsable de Calidad, la persona seleccionada se responsabilizará de:

Analizar y resolver problemas de calidad procedentes...",10/06/2026NavarraElectrónica
https://www.tecnoempleo.com/administrador-sistemas-microsoft-michael-page/active-directory-gpo/rf-c5e61e6012527301ae4d,Administrador de Sistemas Microsoft,Michael Page,"['Active Directory', 'GPO', 'Microsoft Exchange']","• Administrar y mantener sistemas Microsoft, especialmente Active Directory.
• Gestionar políticas de dominio, GPOs, parches, actualizaciones y entornos productivos...",10/06/2026Madrid (Presencial)Técnico de Sistemas
https://www.tecnoempleo.com/tecnico-electromecanico-industrial-page-personnel/electromecanica/rf-a5d71f3f52d073271840,Técnico Electromecánico Industrial,Page Personnel,"['electromecánica', 'industrial']","Perfil buscado (Hombre/Mujer)

• Realizar el mantenimiento preventivo y correctivo de maquinaria industrial pesada.
• Diagnosticar y reparar averías de carácter elé...",10/06/2026BarcelonaIngenieros/Industria
https://www.tecnoempleo.com/software-engineer-python-angular-ey/nodejs-kubernetes/rf-b29d14692249e3f2db46,Software Engineer (Python / Angular),EY,"['Python', 'Node.js', 'Angular']","Senior Software Engineer

The opportunity

We are seeking a highly skilled Full-Stack Engineer with experience building modern web applications and a keen interest in ...",10/06/2026MálagaProgramador
https://www.tecnoempleo.com/data-engineer-stress-testing-bnp-paribas/sql-python/rf-ad8c1a50520403090f48,Data Engineer - Stress Testing,BNP Paribas,"['SQL', 'Python']","ABOUT THE JOB

The Stress Testing Data Analytics (STDA) team belongs to the Produce Pillar of MS4U department. The MS4U department focuses on several key missions: ...",10/06/2026MadridBig Data
https://www.tecnoempleo.com/consultor-tecnico-sga-page-personnel/sga/rf-f6941d7bd2bec3d7f14d,Consultor Técnico - SGA,Page Personnel,['SGA'],"• Implementar y configurar sistemas de gestión de almacenes (SGA) según las necesidades del cliente.
• Realizar análisis técnicos para adaptar las soluciones a los ...",10/06/2026MadridConsultor45.000€ - 60.000€ b/a
https://www.tecnoempleo.com/ingeniero-producto-junior-page-personnel/cad/rf-05e817b182df33264c4d,Ingeniero/a Producto junior,Page Personnel,['CAD'],"• Gestionar el ciclo de vida completo de los productos, desde el diseño hasta la producción.
• Colaborar con los equipos de ingeniería y fabricación para garantizar ...",10/06/2026MadridIngenieros/Industria30.000€ - 36.000€ b/a
https://www.tecnoempleo.com/devops-engineer-release-deployment-ust/agile-docker/rf-6653172c424383a95342,DevOps Engineer - Release & Deployment,UST,"['devops', 'agile', 'Docker']","¡Seguimos buscando talento…y nos encantaría que te unieras a nuestro equipo!

Para que nos conozcas algo mejor, UST es una multinacional norteamericana certificada como ...",10/06/2026100% remotoDevOps
https://www.tecnoempleo.com/application-engineer-hays/autocad-office/rf-1a411b32e283533c7345,Application Engineer,HAYS,"['AutoCAD', 'Office']","Tu nueva empresa Como Application Engineer, formarás parte de un entorno internacional y participarás en el desarrollo de soluciones de automatización a medida para el ...",10/06/2026BarcelonaIngenieros/Industria33.000€ - 42.000€ b/a
https://www.tecnoempleo.com/ingeniero-proyectos-michael-page/gmp/rf-78961fcad256e38bea4e,Ingeniero de Proyectos,Michael Page,['GMP'],"• Abrir, coordinar y hacer seguimiento de los controles de cambio vinculados a nuevos proyectos de equipos e instalaciones.
Liderar la redacción de URS de nuevos equipos o...",10/06/2026BarcelonaIngenieros/Industria
https://www.tecnoempleo.com/embedded-platform-support-software-architect-airbu/python-linux/rf-93d7137fa2a193c15e45,Embedded Platform Support Software Architect,Airbus,"['Python', 'linux']","Job Description:

Inside of TADY´s CoC (Systems Centre of Competence), Highly Integrated Systems (HIS) is a newly created organization (Domain) with specific ...",10/06/2026MadridArquitecto TIC
https://www.tecnoempleo.com/digital-strategy-and-customer-marketing-michael-pa/salesforce-seo/rf-2cb71eedc2dd93cd4043,Digital Strategy and Customer Marketing,Michael Page,"['Salesforce', 'SEO', 'marketing']","Estrategia Digital

• Definir e implementar la estrategia digital de la compañía.
• Impulsar nuevas capacidades digitales y campañas orientadas a captación de leads...",10/06/2026Barcelona (Híbrido)Marketing
https://www.tecnoempleo.com/devops-engineer-tech-solutions-michael-page/kubernetes-openshift/rf-4e96117b6289a3f3ab44,DevOps Engineer (Tech Solutions),Michael Page,"['Kubernetes', 'OpenShift', 'CI/CD']","• Diseñar, implementar y mantener pipelines CI/CD para sistemas y microservicios
• Automatizar procesos de build, testing, seguridad, despliegue y monitorización
• ...",10/06/2026Madrid (Híbrido)DevOps
https://www.tecnoempleo.com/desarrollador-fullstack-con-frances-sopra-steria/java-spring/rf-ff5b170092db3376c143,Desarrollador/a Fullstack con Francés,Sopra Steria,"['java', 'spring', 'angular']","Descripción de la empresa

Porque trabajar en Sopra Steria, también es sentir Sopra Steria.

Somos un reconocido líder europeo en consultoría, servicios digitales y ...",10/06/2026ValenciaProgramador
https://www.tecnoempleo.com/data-engineer-ey/python-sql/rf-d0d115d362ed63dd184d,Data Engineer,EY,"['Python', 'SQL', 'PySpark']","Data Engineer - EY GDS Spain - Hybrid

The opportunity

We are seeking a highly skilled and experienced Senior Data Engineer with a minimum of 3+ years of experience in ...",10/06/2026Málaga (Híbrido)Big Data
https://www.tecnoempleo.com/frontend-react-senior-knowmad-mood/node-html/rf-98191fa2b2c23384bc44,Frontend React Senior,knowmad mood,"['react', 'node', 'HTML']","Únete a nuestro equipo como Frontend React Seniory forma parte de un entorno tecnológico, innovador, colaborativo y en constante evolución.

¿Qué valoramos?

 ...",10/06/2026Madrid (Híbrido)Programador
https://www.tecnoempleo.com/analista-desarrollador-bi-sopra-steria/sql-etl/rf-9ec51ff2e2fac3d9f249,Analista Desarrollador/a BI,Sopra Steria,"['BI', 'SQL', 'ETL']","Descripción de la empresa

Porque trabajar en Sopra Steria, también es sentir Sopra Steria.

Somos un reconocido líder europeo en consultoría, servicios digitales y ...",10/06/2026Madrid (Híbrido)Analista Programador
https://www.tecnoempleo.com/qa-testing-sap-freelance-hays/servicenow/rf-18291a06a2b9731af342,QA Testing SAP (Freelance),HAYS,"['SAP', 'ServiceNow', 'QA']","En HAYS buscamos un/a QA SAP (Freelance) dentro de un proyecto orientado a asegurar la calidad en entornos SAP (SAP RICE), participando en el diseño y ejecución de pruebas ...",10/06/2026100% remotoTester/QAContrato freelance/autónomo
https://www.tecnoempleo.com/sap-fi-consultant-senior-ey/hana/rf-fa87189e729763153a47,SAP FI Consultant - Senior,EY,"['sap', 'hana']","SAP FI/Finance Senior Consultant (with French fluency)

Right now, we are looking for an SAP FI/Finance Senior Consultant to join our EY GDS Consulting Services team focused...",10/06/2026Málaga (Híbrido)Consultor
https://www.tecnoempleo.com/amazon-vendor-specialist-michael-page/amazon-vendor-excel/rf-137d17c0d25af36aad4f,Amazon Vendor Specialist,Michael Page,"['Amazon Vendor', 'Excel', 'Google Sheets']","* Gestionar la operativa diaria de Amazon Vendor Central: pedidos, incidencias, tarifas, penalizaciones y chargebacks.

* Analizar y optimizar KPIs clave: sell-in, sell-out...",10/06/2026BarcelonaMarketing
https://www.tecnoempleo.com/desarrollador-software-net-senior-knowmad-mood/net-c/rf-3b11114eb24543206e49,Desarrollador/a de Software .NET Senior,knowmad mood,"['.net', 'C#', '.NET Core']","Desarrollador/a .NET  

Buscamos Desarrolladores/as de Software .NET Senior para poder trabajar en un conocido cliente del sector de la defensa

 Área Core de Negocio

...",10/06/2026100% remotoProgramador
https://www.tecnoempleo.com/backend-nodejs-nestjs-developer-knowmad-mood/typescript/rf-7d6c16306232a33c0c46,Backend NodeJS / NestJS Developer,knowmad mood,"['node', 'NestJS', 'TypeScript']","Únete a nuestro equipo como Backend Node / Nest Developer de uno de nuestros principales clientes, se trata de un cliente farmacéutico (100% remoto)

Es necesario almenos ...",10/06/2026100% remotoProgramador
https://www.tecnoempleo.com/salesforce-project-manager-michael-page/veeva-crm-jira/rf-42031f4632e8d3311e49,Salesforce Project Manager,Michael Page,"['Salesforce', 'Veeva CRM', 'Project']","Responsible for planning, leading, and coordinating cross-functional projects and programs to ensure the successful delivery of business initiatives, overseeing project scope...",10/06/2026Barcelona (Híbrido)Jefe de Proyecto
https://www.tecnoempleo.com/programador-sap-ui5-en-remoto-digital-talent-agenc/sap-ui5-javascript/rf-ebe512e1126ab376444f,Programador/a SAP Ui5 en Remoto,Digital Talent Agency,"['sap ui5', 'javascript', 'html5']","Descripción
Programador/a SAP Ui5 en Remoto - Zemsania
En Zemsania, consultoría de TI, buscamos incorporar a nuestro equipo un/a Programador/a SAP Ui5 con una sólida ...",10/06/2026100% remotoProgramador
https://www.tecnoempleo.com/perfil-tecnico-redes-it-michael-page/osi-tcp/rf-b55c1e788290939f904a,Perfil técnico de redes IT,Michael Page,"['Redes', 'OSI', 'TCP']","• Habilidades Técnicas

• Conocimientos en redes informáticas: Dominio de conceptos de redes, incluyendo protocolos de red, topologías, y modelos OSI/TCP-IP.
• ...",10/06/2026BarcelonaRedes
https://www.tecnoempleo.com/consultor-implantaciones-cornerstone-nextret/lms-html/rf-fe4f1a2b9275139e1643,Consultor/a implantaciones Cornerstone,Nextret,"['Cornerstone', 'LMS', 'HTML']","Buscamos 2 perfiles de Consultor/a Cornerstone para incorporarse a un proyecto para una multinacional automovilística, centrado en la implantación de Cornerstone como ...",10/06/2026Barcelona (Híbrido)Consultor36.000€ - 42.000€ b/a
https://www.tecnoempleo.com/digital-campus-it-operation-specialist-test-airbus/linux-windows/rf-621a1ad9423b0380fd4b,DIGITAL CAMPUS - IT Operation Specialist Test,Airbus,"['linux', 'windows', 'unix']","Job Description:

#DIGITAL CAMPUS - IT Operation Specialist Test & Development

An opportunity for an IT Operation Specialist Test & Development has arisen within Airbus ...",10/06/2026AlbaceteTécnico de Sistemas
https://www.tecnoempleo.com/full-stack-developer-react-knowmad-mood/java-spring/rf-af7c16e4d2b623ecfb4e,Full Stack Developer React,knowmad mood,"['java', 'spring', 'react']","We are knowmad mood! 

 Somos una compañía líder en transformación digital, en constante evolución y a la vanguardia de la tecnología. Nacimos para provocar un cambio ...",10/06/2026100% remotoProgramador
https://www.tecnoempleo.com/desarollador-full-stack-practicas-everlasting-art/php-laravel/rf-42121e783222c3e9d34b,Desarollador full-stack (prácticas),Everlasting Art,"['PHP', 'LARAVEL', 'REACT']","Tareas a realizar:
Revisión de tareas asignadas en la planificación semanal del equipo. Desarrollo de funcionalidades en Laravel (backend) y/o React/Next.js (frontend), seg...",10/06/2026SevillaDesarrollador WebContrato prácticas
https://www.tecnoempleo.com/jefe-proyecto-conversacional-cajamar-tecnologia/azure-aws/rf-59491efb22058361954d,Jefe de Proyecto Conversacional,Cajamar Tecnología,"['Azure', 'AWS', 'GCP']","En Cajamar Tecnología, necesitamos incorporar a una persona en la oficina Banca Conversacional. 
 
¿Qué necesitamos de ti?   

Formación: Grado en Ingeniería Informá...",10/06/2026Almería y otrasJefe de Equipo
https://www.tecnoempleo.com/senior-azure-database-platform-engineer-ust/oracle-azure-sql/rf-2f321d39c21af3d5fc40,Senior Azure Database Platform Engineer,UST,"['Oracle', 'Azure SQL', 'PostgreSQL']","We are still looking for the very Top Talent…and we would be delighted if you were to join our team!

More in details, UST is a multinational company based in North ...",09/06/2026Madrid (Híbrido)Base de Datos/DBA
https://www.tecnoempleo.com/lead-automation-test-engineer-with-java-epam/selenium-cucumber/rf-b575172bf2af13df2f46,Lead Automation Test Engineer with Java,EPAM,"['Java', 'Selenium', 'Cucumber']",Are you a forward-thinking professional with a strong background in automation testing and an interest in financial services? Join EPAM in Madrid as a Lead Automation Test ...,09/06/2026MadridProgramador
https://www.tecnoempleo.com/java-technical-architect-senior-backend-engineer-p/microservicios-spring/rf-803d1434e2d113ff3942,Java Technical Architect / Senior Backend Engineer,PANEL Sistemas Informáticos,"['java', 'microservicios', 'spring']","📣 Buscamos un perfil con una marcada orientación práctica en desarrollo Java, que aporte valor desde el primer momento mediante la participación activa en el código, la...",09/06/2026Madrid (Híbrido)Analista Programador
https://www.tecnoempleo.com/analista-funcional-negocio-rentabilidad-cajamar-te/excel-power-bi/rf-615719cd727883453543,Analista Funcional - Negocio y Rentabilidad,Cajamar Tecnología,"['Excel', 'Power BI', 'SQL']","Analista Funcional - Procesos de Negocio y Rentabilidad

En Cajamar Tecnología, necesitamos incorporar a una persona en la oficina Reporting Negocio.

¿Quiénes Somos?

...",09/06/2026Almería (Híbrido) y otrasAnalista
https://www.tecnoempleo.com/analista-programador-net-jornada-intensiva-second-/net-c/rf-48051cb0d234c357144c,Analista Programador .Net (jornada intensiva),Second Window,"['.Net', 'C#', 'MVC']","¡Te ofrecemos crecer con nosotros en una de nuestras unidades tecnológicas como Analista Programador .NET, en un puesto estable para la Administración Pública! Se trata de...",09/06/2026Madrid (Presencial)Analista Programador36.000€ - 39.000€ b/aJornada intensiva mañana
https://www.tecnoempleo.com/grc-cybersecurity-specialist-iso-27001-aviation-wa/ciberseguridad-iso-2700/rf-bcd31635929e5380d441,GRC Cybersecurity Specialist (ISO 27001)  Aviation,WAMOS AIR,"['ciberseguridad', 'ISO 27001', 'GRC']","We are looking for a GRC Cybersecurity Specialist to join Wamos Air in a highly regulated aviation environment.

The role will focus on the supervision and continuous ...",09/06/2026Madrid (Híbrido)Auditor
https://www.tecnoempleo.com/tecnico-en-wonderware-invoin/scada-sql-server/rf-28941617c2cb636e714e,Técnico en Wonderware,Invoin,"['SCADA', 'Wonderware', 'SQL server']",En Grupo INVOIN necesitamos incorporar a nuestra plantilla un Técnico en Wonderware para participar junto a nosotros en un importante proyecto de sistemas inteligentes de ...,09/06/2026Madrid (Híbrido)Electrónica
https://www.tecnoempleo.com/jefe-proyecto-etl-arquitecturas-cloud-cajamar-tecn/devops-ci-cd/rf-fbac11e73278e3570b4b,Jefe de Proyecto - ETL y Arquitecturas Cloud,Cajamar Tecnología,"['DevOps', 'CI/CD', 'Power BI']","Jefe de Proyecto - ETL y Arquitecturas Cloud (HUB DE DATOS)

¿Quiénes somos?  

Cajamar Tecnología es una empresa de servicios que forma parte del Grupo Financiero Cajamar...",09/06/2026Almería (Híbrido) y otrasBig Data
https://www.tecnoempleo.com/analista-junior-seguridad-proyectos-it-baoss/analisis-funcional-cibersegur/rf-ae6813c95255c3a73b4d,Analista Junior - Seguridad Proyectos IT,Baoss,"['analisis funcional', 'ciberseguridad']",Buscamos Analista Junior de Seguridad en Proyectos Tecnológicos para incorporarse a un importante proyecto del sector bancario participando en iniciativas de transformación ...,09/06/2026Madrid y otrasAnalista
https://www.tecnoempleo.com/tecnico-datos-etl-arquitecturas-cloud-cajamar-tecn/sql-azure/rf-dd571e575289d3c9cb48,Técnico de Datos - ETL y Arquitecturas Cloud,Cajamar Tecnología,"['ETL', 'SQL', 'Azure']","Técnico de Datos - ETL y Arquitecturas Cloud (HUB DE DATOS)

¿Quiénes somos?  
Cajamar Tecnología es una empresa de servicios que forma parte del Grupo Financiero Cajamar...",09/06/2026Almería (Híbrido) y otrasBase de Datos/DBA
https://www.tecnoempleo.com/consultor-java-backend-baoss/jpa-soap/rf-90301e7b028ce37b5245,Consultor/a Java Backend,Baoss,"['Java', 'JPA', 'SOAP']","Buscamos un/a Consultor/a Java Backend para incorporarse a un proyecto en el sector público, participando en el desarrollo y mantenimiento de aplicaciones en entornos ...",09/06/2026Madrid (Híbrido)Consultor
https://www.tecnoempleo.com/cyberark-pam-specialist-panel-sistemas-informatico/powershell-python/rf-f736108ae2eff30f6642,CyberArk PAM Specialist,PANEL Sistemas Informáticos,"['CyberArk', 'PowerShell', 'Python']","🚀 ¡Estamos contratando! – CyberArk PAM Specialist (Remoto)

🔐 Buscamos un/a especialista en CyberArk (Privileged Access Management – PAM) para unirse a un equipo ...",09/06/2026100% remotoCiberseguridad
https://www.tecnoempleo.com/consultor-react-invoin/javascript-html/rf-e45212fed28db36c6241,Consultor/a React,Invoin,"['React', 'javascript', 'HTML']","En Grupo INVOIN, seleccionamos un/a Consultor/a React para incorporarse a un interesante proyecto del área de BackOffice – Peajes dentro del sector tecnológico. Buscamos ...",09/06/2026Madrid (Híbrido)Consultor
https://www.tecnoempleo.com/tecnico-auditor-riesgos-tecnologicos-cajamar-tecno/coso-iso/rf-b7271f8132a753952546,Técnico Auditor Riesgos Tecnológicos,Cajamar Tecnología,"['COSO', 'ISO', 'ITIL']","¿Quieres trabajar en una de las mejores empresas en España?

Buscamos Personal Técnico en Auditoria de Riesgos Tecnológicos que desee tener un futuro laboral en una de las...",09/06/2026Almería y otrasAuditor
https://www.tecnoempleo.com/data-engineer-h-m-michael-page/etl-bi/rf-c5f41675f270e36c8446,Data Engineer (h/m),Michael Page,"['ETL', 'BI', 'SQL']","Perfil buscado (Hombre/Mujer)

Responsabilidades principales

• Diseñar y construir pipelines de extracción de datos desde Microsoft Dynamics (AX legacy) utilizando ...",09/06/2026100% remotoBig Data39.000€ - 54.000€ b/a
https://www.tecnoempleo.com/ingeniero-software-ia-gmv/inteligencia-artificial-llm/rf-ce471b9132657399bb49,Ingeniero/a de Software de IA,GMV,"['Inteligencia Artificial', 'IA', 'LLM']","Si te motiva convertir la Inteligencia Artificial en soluciones reales, este es tu sitio. Estamos ampliando nuestros equipos en el sector de la Inteligencia Artificial para ...",09/06/2026Madrid (Híbrido) y otrasInteligencia Artificial/Machine Learning
https://www.tecnoempleo.com/consultor-ciberseguridad-gmv/ciberseguridad/rf-4b651b7072bc833b5c45,Consultor/a de Ciberseguridad,GMV,['Ciberseguridad'],En GMV te unirás a un equipo experto en ciberseguridad que lidera proyectos estratégicos para 🔐 proteger la información y los sistemas de organizaciones líderes. Tu ...,09/06/2026Madrid (Híbrido)Ciberseguridad
https://www.tecnoempleo.com/innovation-project-lead-michael-page/project-manager/rf-7dbc127462b783b5dc47,Innovation Project Lead,Michael Page,['Project Manager'],"• Liderar proyectos de innovación desde la detección de la oportunidad en el cliente hasta la validación de concepto.
• Definir timming, alcance, hitos, riesgos y ...",09/06/2026Barcelona (Híbrido)Jefe de Proyecto
https://www.tecnoempleo.com/ingeniero-pki-gmv/ciberseguridad-criptografia/rf-969416e2121ec3474b42,Ingeniero/a de PKI,GMV,"['Ciberseguridad', 'PKI', 'Criptografía']",¿Quieres pertenecer a un equipo consolidado del sector de la ciberseguridad y enfrentarte a nuevos retos? GMV somos un grupo tecnológico con amplia experiencia y estamos ...,09/06/2026Madrid (Híbrido)Ciberseguridad
https://www.tecnoempleo.com/ingeniero-automatizacion-michael-page/plc-scada/rf-cddb142d32fa335eaf41,Ingeniero/a de Automatización,Michael Page,"['PLC', 'SCADA']","Perfil buscado (Hombre/Mujer)

• Definir y supervisar el enfoque técnico de los proyectos de automatización a nivel de hardware y software.
• Actuar como interlocutor...",09/06/2026Madrid (Híbrido)Ingenieros/Industria
https://www.tecnoempleo.com/ingeniero-ot-sector-farmaceutico-michael-page/hvac-mecanica/rf-f6d013acb25ca391aa45,Ingeniero de OT - Sector Farmacéutico,Michael Page,"['HVAC', 'mecanica']","• Realizar la ingeniería de detalle completa de los proyectos asignados: diseño desde 0, elaboración de planos, esquemas y documentación técnica.
• Redactar el ...",09/06/2026BarcelonaIngenieros/Industria
https://www.tecnoempleo.com/director-it-compania-sw-industrial-michael-page/plc-siemens/rf-42aa1f967203339e5641,Director/a IT (Compañía SW Industrial),Michael Page,"['PLC', 'SIEMENS', 'HMI']","Misión del puesto
Definir, estructurar y liderar la función IT global, equilibrando desarrollo de producto, OT e IT interno, aportando orden, foco y liderazgo, y asegurando...",09/06/2026ValenciaIngenieros/Industria
https://www.tecnoempleo.com/ai-analytics-service-owner-temp-agency-airbus/product-management-service-o/rf-2b63105f72eb2339824d,AI & Analytics Service Owner (Temp Agency),Airbus,"['Product Management', 'Service Owner']","Job Description:

A vacancy for a IT Product/Service Manager has arisen within Airbus Defence & Space in Getafe (Madrid).

The selected candidate will join the IT Product/...",09/06/2026MadridConsultor
https://www.tecnoempleo.com/junior-project-manager-temporary-1-year-michael-pa/bi-sql/rf-56e418a7224713f44e4c,Junior Project Manager (Temporary 1 year),Michael Page,"['BI', 'SQL']","Reporting to the Head of this team, your main responsibilities will be:

* Own end-to-end program management for EU Spanish Payment initiatives cross-country ensuring ...",09/06/2026MadridJefe de ProyectoContrato temporal
https://www.tecnoempleo.com/consultor-junior-ciberseguridad-gmv/ciberseguridad/rf-8f0c12a8229fd3e89d43,Consultor/a junior de Ciberseguridad,GMV,['Ciberseguridad'],En GMV te unirás a un equipo experto en ciberseguridad que lidera proyectos estratégicos para 🔐 proteger la información y los sistemas de organizaciones líderes. Tu ...,09/06/2026Madrid (Híbrido)Ciberseguridad
https://www.tecnoempleo.com/consultor-sap-wm-michael-page/sap/rf-d5b91d4882d503758a4d,Consultor SAP WM,Michael Page,['SAP'],"Perfil buscado (Hombre/Mujer)

• Implementar y configurar soluciones SAP WM para optimizar los procesos logísticos.
• Analizar y documentar requerimientos funcionales ...",09/06/2026Madrid (Híbrido)Consultor
https://www.tecnoempleo.com/programador-plc-page-personnel/automatizacion-electronica/rf-28f61e52c2ac93f9fa44,Programador/a PLC,Page Personnel,"['PLC', 'Automatización', 'Electrónica']","¿Qué responsabilidades tendrás?

• Programación de PLC en proyectos de automatización industrial
• Apoyo en tareas de ingeniería y desarrollo de software
• ...",09/06/2026Valencia (Híbrido)Ingenieros/Industria27.000€ - 33.000€ b/a
https://www.tecnoempleo.com/ingeniero-procesos-page-personnel/lean-ishikawa/rf-f8de1488c2a733590c45,Ingeniero procesos,Page Personnel,"['Lean', 'Ishikawa', '5 Why']","Perfil buscado (Hombre/Mujer)

• Analizar y controlar los parámetros clave del proceso de pintura para garantizar su rendimiento y calidad.
• Definir y estandarizar ...",09/06/2026Barcelona (Híbrido)Ingenieros/Industria
https://www.tecnoempleo.com/ppo-proxy-product-owner-grupo-digital/agile-scrum/rf-c4a21ff23285c3213541,PPO Proxy Product Owner,Grupo Digital,"['agile', 'scrum', 'product owner']","Descripción
En GP DIGITAL buscamos para importante multinacional de energia 
Delivery Manager / PPO  Proxy Product Owner 
 Bilbao (Híbrido)

Si tienes experiencia liderando...",09/06/2026Bizkaia (Híbrido)Responsable de ProductoJornada intensiva mañana
https://www.tecnoempleo.com/programador-senior-net-aws-page-personnel/net-c/rf-53c910adf2b9637e9a4f,Programador Senior .NET - AWS,Page Personnel,"['.NET', 'AWS', 'C#']","• Diseñar, desarrollar y mantener aplicaciones en .NET, garantizando altos estándares de calidad y rendimiento.
• Integrar y gestionar servicios en la nube utilizando ...",09/06/2026MadridProgramador48.000€ - 60.000€ b/a
https://www.tecnoempleo.com/jefe-proyectos-equipamiento-indu-page-personnel/autocad-inventor/rf-c0d816d6f2a163e72648,Jefe/a de Proyectos - equipamiento indu,Page Personnel,"['AutoCAD', 'inventor']","Perfil buscado (Hombre/Mujer)

• Planificar, priorizar y gestionar las tareas y recursos del proyecto, asegurando su uso eficiente y el cumplimiento de los plazos ...",09/06/2026MadridIngenieros/Industria39.000€ - 45.000€ b/a
https://www.tecnoempleo.com/consultor-senior-microsoft-dynamics-365-michael-pa/dynamics-365-business-c/rf-01b5104b12df0390c248,Consultor/a Senior Microsoft Dynamics 365,Michael Page,"['Dynamics 365', 'Business Central']","Liderar la implantación, evolución y mantenimiento del ERP corporativo Microsoft Dynamics 365 Business Central en entornos internacionales.
Analizar las necesidades de ...",09/06/2026BizkaiaConsultor
https://www.tecnoempleo.com/consultor-sap-cs-michael-page/sap-cs/rf-dbc4167af266c38faf46,Consultor/a SAP CS,Michael Page,"['SAP CS', 'SAP']","• Configurar y personalizar el módulo SAP CS para satisfacer las necesidades del cliente.
• Participar en la implementación de proyectos SAP relacionados con el ...",09/06/2026Málaga (Híbrido)Consultor
https://www.tecnoempleo.com/freelance-power-bi-remoto-10h-semana-michael-page/power-bi-dax/rf-6388106eb2ad23369f43,Freelance POWER BI - Remoto - 10h/semana,Michael Page,"['Power BI', 'DAX']","Perfil buscado (Hombre/Mujer)

Trabajando con dos Head del área de Tecnología, tus principales responsabilidades serán:

* Integración de Power BI con otros sistemas...",09/06/2026100% remotoBig DataContrato temporal
https://www.tecnoempleo.com/ingeniero-pci-page-personnel/autocad/rf-09131c28628653bd7d41,Ingeniero PCI,Page Personnel,"['PCI', 'autocad']","Perfil buscado (Hombre/Mujer)

Gestionar el lead comercial una vez generado por el equipo de ventas, realizando visitas técnicas al cliente y participando en la definición...",09/06/2026Barcelona (Híbrido)Ingenieros/Industria45.000€ - 60.000€ b/a
https://www.tecnoempleo.com/principal-data-engineer-sql-dbt-ust/sql-server-triggers/rf-ea56178a42b523f04b4f,Principal Data Engineer (SQL/dbt),UST,"['sql server', 'triggers', 'SQL']","We are still looking for the very Top Talent…and we would be delighted if you were to join our team!

More in details, UST is a multinational company based in North ...",09/06/2026MadridBase de Datos/DBA
https://www.tecnoempleo.com/gestor-tecnico-mantenimiento-datacenter-michael-pa/datacenter/rf-610b149c7209c3db6d43,Gestor/a Técnico mantenimiento Datacenter,Michael Page,['datacenter'],"• Liderar la gestión técnica y operativa del mantenimiento integral de datacenters, asegurando la continuidad y fiabilidad de las infraestructuras críticas.
• ...",09/06/2026Bizkaia (Presencial)Ingenieros/Industria
https://www.tecnoempleo.com/arquitecto-ciberseguridad-gmv/redes-virtualizacion/rf-905b19cdd244d3931b4e,Arquitecto/a de ciberseguridad,GMV,"['Ciberseguridad', 'Redes', 'Virtualización']",¿Buscas un sitio innovador y consolidado en el que desarrollarte profesionalmente? GMV somos un grupo tecnológico con amplia experiencia. Estamos ampliando nuestros equipos ...,09/06/2026Madrid (Híbrido)Arquitecto TIC
https://www.tecnoempleo.com/software-development-engineer-rbks-dso-eu-amazon/microservices-testing/rf-a9b41873e27613c0ff49,"Software Development Engineer, RBKS DSO EU",Amazon,"['microservices', 'testing', 'generative AI']","Ring is looking for a Software Development Engineer who will help us create the next generation of apps, and services. In this role, you will work as a part of the Ring ...",09/06/2026MadridProgramador
https://www.tecnoempleo.com/product-owner-ust/business-analysis-agile/rf-339815dc22f1a3a20e45,Product Owner,UST,"['business analysis', 'agile', 'jira']","We are looking for the very Top Talent…and we would be delighted if you were to join our team!

More in details, UST is a multinational company based in North America, ...",09/06/2026Madrid (Híbrido)Responsable de Producto
https://www.tecnoempleo.com/machine-learning-engineer-amazon-tablets-amazon/machine-learning-jax/rf-ac4a10c762e7e33d544c,"Machine Learning Engineer, Amazon Tablets",Amazon,"['Machine Learning', 'JAX', 'PyTorch']","At Amazon Devices & Services, we believe that ideas can change the world. We build the technology that becomes part of everyday life and connects millions of people in ways ...",09/06/2026MadridInteligencia Artificial/Machine Learning
https://www.tecnoempleo.com/ingeniero-desarrollo-sector-eolico-michael-page/ingenieria/rf-25791945d2a3d3b33447,Ingeniero de desarrollo - Sector Eólico,Michael Page,['Ingenieria'],"La persona seleccionada será responsable de:

* Actuar como referente técnico y facilitador del conocimiento dentro del área de O&M.
* Participar activamente en las ...",09/06/2026NavarraIngenieros/Industria
https://www.tecnoempleo.com/it-technology-specialist-iam-airbus/active-directory/rf-a1b410aff276d3cec840,IT Technology Specialist - IAM,Airbus,"['IAM', 'Active Directory']","Job Description:

A vacancy for anIT Technology Specialist - IAM (M/F/D) has arisen within Airbus Defence and Space in Spain. 

Are you creative and innovative?

Are you...",09/06/2026Madrid (Híbrido)Técnico de Sistemas
https://www.tecnoempleo.com/business-intelligence-sap-bo-consultant-grupo-digi/sap-bi/rf-c5431145820bd3a8be46,Business Intelligence SAP BO Consultant,Grupo Digital,"['sap bi', 'sap']","Descripción
Proyecto sólido en entorno SAP BI con foco en reporting avanzado y análisis de datos para negocio.
Rol clave en la validación, mejora y mantenimiento de ...",09/06/2026Barcelona (Presencial)Consultor
https://www.tecnoempleo.com/ingeniero-rf-procesamiento-senal-gmv/c-dsp/rf-7fa11aad52caa37c9d42,Ingeniero/a de RF y Procesamiento de Señal,GMV,"['C', 'C++', 'RF']",Si buscas un sitio innovador y consolidado en el que desarrollarte profesionalmente? EN GMV tienes tu oportunidad perfecta! Estamos ampliando nuestros equipos en el sector ...,09/06/2026Madrid (Híbrido)Electrónica
https://www.tecnoempleo.com/ia-developer-hays/machine-learning-deep-learning/rf-7b5713ab629bd349c147,IA Developer,HAYS,"['Machine Learning', 'Deep Learning', 'LLM']","Desde HAYS estamos trabajando con una compañía enfocada en ofrecer soluciones de marketing digital para medianas empresas, pymes y negocios locales. Buscamos un/a IA ...",09/06/2026Madrid (Híbrido)Inteligencia Artificial/Machine Learning
https://www.tecnoempleo.com/responsable-calidad-seguridad-michael-page/iso-9001/rf-550317a902d213643f4f,"Responsable de Calidad, Seguridad",Michael Page,['ISO 9001'],"Perfil buscado (Hombre/Mujer)

Calidad

• Desarrollar, implementar y mantener el Sistema de Gestión de Calidad (ISO 9001).
• Garantizar la calidad del producto en ...",09/06/2026BarcelonaSistemas de Calidad
https://www.tecnoempleo.com/aerial-delivery-software-engineer-airbus/c-c/rf-811510e812aaf3cc174e,Aerial Delivery Software Engineer,Airbus,"['C', 'C++', 'RTOS']","Job Description:

A vacancy for an Onboard Safety-Critical Software Engineer in Aerial Delivery department has arisen within Airbus Defence & Space in Getafe.

The ...",09/06/2026MadridElectrónica
https://www.tecnoempleo.com/scrum-master-sopra-steria/kanban-jira/rf-68c6115e3257c3786b45,Scrum Master,Sopra Steria,"['Scrum', 'Kanban', 'Jira']","Descripción de la empresa

Porque trabajar en Sopra Steria, también es sentir Sopra Steria.

Somos un reconocido líder europeo en consultoría, servicios digitales y ...",09/06/2026MadridJefe de Equipo
https://www.tecnoempleo.com/ingeniero-procesos-michael-page/lean-six-sigma/rf-f5261bfdd26093a1604e,Ingeniero/a de Procesos,Michael Page,"['Lean', 'Six Sigma', 'IQ']","• Desarrollar nuevos procesos de fabricación, definiendo parámetros críticos, materiales, métodos de control y requerimientos técnicos.
• Transferir procesos desde I...",09/06/2026BarcelonaIngenieros/Industria
https://www.tecnoempleo.com/digital-marketing-manager-michael-page/meta-google/rf-77e717f542e3f39d6542,Digital Marketing Manager,Michael Page,"['Meta', 'Google', 'TikTok']","• Definir y liderar estrategias Paid y Owned para maximizar el alcance y la efectividad de las campañas.
• Responsable de la estrategia de medios digital, asegurando ...",09/06/2026Madrid (Híbrido)Marketing
https://www.tecnoempleo.com/consultor-dynamics-ce-michael-page/business-central/rf-a1b41d4db21173591d49,Consultor Dynamics CE,Michael Page,"['Dynamics', 'Business Central']","Perfil buscado (Hombre/Mujer)

• Gestionar la implementación y personalización de soluciones Dynamics CE/Business Central.
• Colaborar con equipos internos y externos...",09/06/2026Madrid (Híbrido)Consultor
https://www.tecnoempleo.com/data-ai-data-solutions-architect-gfr-technologies-/bi-databricks/rf-57e31a3112ce531ec04f,Data & AI Data Solutions Architect,GFR Technologies SE,"['data', 'BI', 'Databricks']","GFT es una compañía pionera en transformación digital. Diseñamos soluciones de negocio centradas en la inteligencia artificial (AI-Centric), modernizamos infraestructuras ...",09/06/2026MadridBig Data
https://www.tecnoempleo.com/arquitecto-soluciones-software-sistemas-defensa-gr/naf-v4-uaf/rf-fd11125aa2d153a09e4c,Arquitecto/a Soluciones Software/Sistemas Defensa,Grupo NS,"['NAF v4', 'UAF', 'MBSE']",En Grupo NS buscamos incorporar 4 Arquitectos/as de Soluciones Software y Sistemas para participar en proyectos estratégicos de alta complejidad en el ámbito de defensa y ...,09/06/2026Madrid (Híbrido)Analista Programador39.000€ - 54.000€ b/a
https://www.tecnoempleo.com/discover-ii-2026-2027-genai-engineer-internship-ai/llm/rf-06a61c1172f463da8e42,Discover II 2026-2027 / GenAI Engineer Internship,Airbus,"['LLM', 'GenAI']","Job Description:

Ready to join one of our Graduate Programs in Spain?

AIRBUS offer more than 70 vacancies for our full time graduate program in Spain - #Discover II 2026...",09/06/2026MadridInteligencia Artificial/Machine Learning
https://www.tecnoempleo.com/ingeniero-procesos-industrial-michael-page/automatizacion/rf-1bf717d2c2b063e7024d,Ingeniero/a de procesos (industrial),Michael Page,['Automatizacion'],"El perfil de Ingeniero/a de procesos (industrial) tendrá como objetivo:

• Supervisar el diseño, implementación y gestión de proyectos de producción, asegurando el ...",09/06/2026Lleida (Presencial)Ingenieros/Industria
https://www.tecnoempleo.com/test-engineer-flight-physics-airbus/python-matlab/rf-c2b01f61c2081372684a,Test Engineer - Flight Physics,Airbus,"['Python', 'Matlab']","Job Description:

A vacancy for a Test Engineer has arisen within Airbus Defense & Space in Getafe (Spain). The successful applicant will join the Integration Test & ...",09/06/2026MadridTester/QA
https://www.tecnoempleo.com/programador-cobol-hays/cobol/rf-63071c2dd214a3931e4e,Programador/a COBOL,HAYS,['COBOL'],"¿Tienes entre 1 y 5 años de experiencia en programación COBOL y te gustaría seguir desarrollando tu carrera en un entorno estable y orientado a la innovación?

Desde ...",09/06/2026BizkaiaProgramador
https://www.tecnoempleo.com/project-manager-tecnologia-michael-page/jira-confluence/rf-dc7018ba9228633b164e,Project Manager Tecnología,Michael Page,"['Jira', 'Confluence', 'Octane']","Gestionar proyectos end‑to‑end en un entorno corporativo complejo, asegurando control de alcance, plazos, calidad y presupuesto.
Ordenar y priorizar la demanda, ...",09/06/2026Madrid (Híbrido)Jefe de Proyecto
https://www.tecnoempleo.com/ingeniero-software-embebido-c-c-gmv/c-python/rf-49b11d39a27843462b41,Ingeniero/a de software embebido C/C++,GMV,"['C', 'C++', 'Python']","Si siempre soñaste con ser un héroe, pero sabes que tu papel en una película de guerra sería de muerto en combate número 3… ¡Tu sitio está con nosotros! Estamos ...",09/06/2026Madrid (Híbrido)Electrónica
https://www.tecnoempleo.com/software-engineer-python-bitpanda/fastapi/rf-fff519180247a336bd43,"Software Engineer, Python",Bitpanda,"['Python', 'FastAPI']","At Bitpanda, we´re building a powerful system that handles prices and risk management for various types of investments like stocks, crypto, ETFs, metals, and fiat currencies...",09/06/2026BarcelonaProgramador
https://www.tecnoempleo.com/full-stack-engineer-reactjs-nodejs-page-personnel/typescript-javascript/rf-28221a96a252a3a8014c,"Full Stack Engineer (React.js, Node.js)",Page Personnel,"['React', 'TypeScript', 'JavaScript']","• Diseñar, desarrollar y mantener aplicaciones web y escritorio con un enfoque fullstack.
• Colaborar estrechamente con los equipos de diseño y producto para ...",09/06/2026100% remotoAnalista Programador60.000€ - 72.000€ b/a
https://www.tecnoempleo.com/senior-threat-hunter-ust/threat-intelligence-penetration-testing/rf-7580196452eb03f76748,Senior Threat Hunter,UST,"['threat intelligence', 'penetration testing', 'Python']","We are still looking for the very Top Talent…and we would be delighted if you were to join our team!

CyberProof is a cyber security services and platform company whose ...",09/06/2026100% remotoCiberseguridad
https://www.tecnoempleo.com/analista-funcional-riesgo-credito-capital-cajamar-/sql-python/rf-a5c11977d2c633e41948,Analista funcional de Riesgo de Crédito y Capital,Cajamar Tecnología,"['SQL', 'python', 'R']","En Cajamar Tecnología, necesitamos incorporar a una persona en la oficina Risk & Financial en Almería, Madrid, Granada,  Valencia, Sevilla.

¿Quiénes somos? 
Cajamar ...",09/06/2026Almería y otrasAnalista
https://www.tecnoempleo.com/empleo-publico-arquitecturas-cloud-universidad-ali/cloud/rf-458212d7120ed35e1d41,Empleo Público – Arquitecturas Cloud,Universidad de Alicante,['Cloud'],"Personal Investigador – Arquitecturas Cloud de Altas Prestaciones para la Industria (Ref. I-PI 38-26)

La Universidad de Alicante busca incorporar personal investigador ...",09/06/2026AlicanteAdministrador
https://www.tecnoempleo.com/frontend-developer-with-italian-ey/typescript-nodejs/rf-373b168eb25a835b6b4a,Frontend Developer with Italian,EY,"['TypeScript', 'Node.js', 'OpenAPI']","The opportunity

Join our AI&Data team to design, build, and evolve resilient backend services that power digital products at scale. You will work across complex systems ...",08/06/2026MálagaProgramador
https://www.tecnoempleo.com/tecnico-soporte-aplicaciones-hays/javascript-php/rf-5faa1ea302a6132bb340,Técnico/a de Soporte de Aplicaciones,HAYS,"['JavaScript', 'PHP', 'SQL']","Desde HAYS buscamos una persona de Soporte Técnico con conocimientos básicos de programación para incorporarse a un equipo en crecimiento, en una posición de nueva creaci...",08/06/2026Gipuzkoa (Híbrido)Soporte Técnico
https://www.tecnoempleo.com/ingeniero-informatico-cenker-robotics/net-c/rf-edaa1245c28b637b9e4a,Ingeniero Informático,CENKER ROBOTICS,"['.net', 'C#', 'JAVA']",Empresa tecnológica especializada en automatización industrial y soluciones logísticas busca incorporar un/a Ingeniero/a Informático/a para participar en proyectos de ...,08/06/2026Bizkaia (Presencial) y otrasProgramador
https://www.tecnoempleo.com/ingeniero-energia-engivise/dialux-cad/rf-de4e1ef6e2c7837eb341,Ingeniero de Energía,ENGIVISE,"['DIAlux', 'CAD', 'Pvsyst']","INGENIERO/A DE LA ENERGÍA 

 Galicia | Jornada completa | Modalidad híbrida
ENGIVISE abre sede en Galicia y busca al ingeniero/a que liderará técnicamente esta nueva etapa...",08/06/2026Pontevedra y otrasIngenieros/Industria24.000€ - 36.000€ b/a
https://www.tecnoempleo.com/analista-programador-net-baoss/net-visual-basic/rf-767c198bf2bb735da440,Analista Programador/a .NET,Baoss,"['.net', 'visual basic', 'c#']","Buscamos Analistas Programadores/as .NET con experiencia para incorporarse a un proyecto enfocado en mejoras de rendimiento y seguridad dentro de un entorno consolidado.

...",08/06/2026Barcelona y otrasAnalista Programador
https://www.tecnoempleo.com/analista-funcional-sector-seguros-baoss/analisis-funcional/rf-7db915af2208f393234a,Analista Funcional (Sector Seguros),Baoss,['analisis funcional'],Buscamos Analista Funciona con experiencia en el sector asegurador para incorporarse a un proyecto internacional. La persona seleccionada trabajará en estrecha colaboración ...,08/06/2026Barcelona y otrasAnalista
https://www.tecnoempleo.com/consultor-senior-qa-baoss/istqb/rf-83581834d260a39db646,Consultor/a Senior QA,Baoss,"['QA', 'ISTQB']","Buscamos un/a Consultor/a Senior QA con amplia experiencia en calidad de software para incorporarse a un proyecto de 5 meses en entorno corporativo 

La persona seleccionada ...",08/06/2026Barcelona (Híbrido)Consultor30.000€ - 39.000€ b/a
https://www.tecnoempleo.com/tecnico-qualys-gestion-vulnerabilidades-baoss/qualys/rf-f5de193e623b932c6149,Técnico Qualys - (Gestión de Vulnerabilidades),Baoss,"['Qualys', 'vul', 'vulnerabilidades']",Buscamos un/a Técnico/a de Seguridad especializado en Qualys para incorporarse a un proyecto estratégico en el sector bancario. La persona seleccionada será responsable de ...,08/06/2026Madrid y otrasSoporte Técnico
https://www.tecnoempleo.com/analista-programador-facturacion-electronica-baoss/java-spring/rf-3927146d52c0d33bdb42,Analista Programador - Facturación Electrónica,Baoss,"['java', 'spring', 'XML']",Buscamos Analistas Programadores con experiencia en entornos de facturación electrónica para incorporarse a un proyecto de mantenimiento evolutivo y correctivo de una ...,08/06/2026Bizkaia y otrasAnalista Programador
https://www.tecnoempleo.com/data-architect-senior-tuyu-technology/azure-data-platform-databricks/rf-531910fc328dc30a7840,Data Architect Senior,Tuyú Technology,"['Azure Data Platform', 'Databricks', 'Medallion']","¡Impulsa tu carrera con TUYÚ Technology! 

¿Te apasiona la tecnología y buscas un desafío que realmente marque la diferencia? Estamos en la búsqueda de un/a Data ...",08/06/2026Barcelona (Híbrido)Arquitecto TIC39.000€ - 48.000€ b/a
https://www.tecnoempleo.com/desarrollador-cobol-db2-microfocus-z-os-baoss/jcl-z-os/rf-5a531a4af25603999542,"Desarrollador/a Cobol - DB2, Microfocus, z/OS",Baoss,"['JCL', 'microfocus', 'cobol']","Buscamos Desarrollador/a Cobol especializado/a en JCL para incorporarse a un proyecto estable dentro de un entorno mainframe crítico.


Funciones principales: 

Desarrollo, ...",08/06/2026Madrid y otrasProgramador
https://www.tecnoempleo.com/perfil-tecnico-diseno-experto-en-eplan-cenker-robo/autocad/rf-186211782243d3292b44,Perfil Técnico de Diseño Experto en Eplan,CENKER ROBOTICS,"['EPLAN', 'AUTOCAD']","Perfil técnico con sólida capacidad de diseño y dominio experto de Eplan así como conocimientos de Autocad para integrarse en nuestra oficina técnica.
Responsabilidades
...",08/06/2026Bizkaia y otrasTécnico Software
https://www.tecnoempleo.com/consultor-adquirencia-chargebacks-baoss/claims/rf-f71a1b2b32b0f3aa5a40,Consultor/a - Adquirencia y Chargebacks,Baoss,['Claims'],"Estamos buscando Consultor/ora especializado/a en negocio de adquirencia, con sólida experiencia en la gestión integral de disputas (chargebacks), para incorporarse a ...",08/06/2026Madrid y otrasConsultor
https://www.tecnoempleo.com/resp-monitorizacion-ciberseguridad-cajamar-tecnolo/siem-xsiam/rf-ae2d1369b2a2b3f6154e,Resp. Monitorización Ciberseguridad,Cajamar Tecnología,"['SIEM', 'XSIAM', 'MITRE ATT&CK']","Responsable de Monitorización Ciberseguridad (Cajamar Tecnología)

Cajamar Tecnología A.I.E. es una empresa de Grupo Cajamar conformada por más de 300 profesionales y cuya...",08/06/2026Almería (Híbrido) y otrasCiberseguridad
https://www.tecnoempleo.com/ia-solutions-lead-michael-page/inteligencia-artificial-llms/rf-2b8f138502c383eca046,IA Solutions Lead,Michael Page,"['Inteligencia Artificial', 'IA', 'LLMs']","* Definir la hoja de ruta de IA de la compañía, identificando y priorizando casos de uso alineados con el negocio
* Diseñar la arquitectura inicial de soluciones de IA (...",08/06/2026Sevilla (Híbrido)Inteligencia Artificial/Machine Learning
https://www.tecnoempleo.com/tecnico-iniciativas-observatorio-michael-page/inteligencia-artificial-powe/rf-a8aa137b123933c9f341,Técnico de iniciativas Observatorio,Michael Page,"['Inteligencia Artificial', 'Power BI', 'Excel']","Como Técnico/a de Iniciativas del Observatorio, serás responsable de mantener y evolucionar el Diagnóstico IA Euskadi, asegurando rigor metodológico, calidad del dato y ...",08/06/2026Bizkaia (Híbrido)Analista
https://www.tecnoempleo.com/isr-software-engineer-airbus/c-c/rf-d0fd1066d2b243976242,ISR Software Engineer,Airbus,"['C', 'C++', 'Python']","Job Description:

An opportunity for an ISR Software Engineer has arisen within Airbus Defence and Space, Getafe (Madrid).

The selected candidate will join the FITS ...",08/06/2026MadridProgramador
https://www.tecnoempleo.com/responsable-informatica-erp-michael-page/microsoft-dynamics/rf-354816f642c563e9a444,Responsable de Informática/ERP,Michael Page,['Microsoft Dynamics'],"Perfil buscado (Hombre/Mujer)

• Liderar la implantación de Microsoft Dynamics (ERP).
• Estabilización de sistemas y soporte a la operación.
• Automatización de ...",08/06/2026BarcelonaJefe de Equipo45.000€ - 54.000€ b/a
https://www.tecnoempleo.com/it-integrator-it-program-manager-michael-page/murex-calipso/rf-25941fbbf2bce3407940,IT Integrator / IT Program Manager,Michael Page,"['Murex', 'Calipso']","You will be part of a team of IT Integrators in the Financial Markets and Group Treasury team. As an IT Integrator, you´ll manage and coordinate large initiatives, bridging ...",08/06/2026MadridJefe de Proyecto
https://www.tecnoempleo.com/delineante-page-personnel/autocad-gis/rf-4bb11fdf32f29322d543,Delineante,Page Personnel,"['AutoCAD', 'GIS']","Perfil buscado (Hombre/Mujer)

• Realización de levantamientos topográficos o replanteos en obra, principalmente en proyectos de reurbanización en ámbito urbano...",08/06/2026MadridIngenieros/Industria36.000€ - 42.000€ b/a
https://www.tecnoempleo.com/sap-fico-senior-consultant-end-client-michael-page/sap/rf-502311f6f2b953d31444,SAP FICO Senior Consultant - End Client,Michael Page,['SAP'],"Perfil buscado (Hombre/Mujer)

• Manage and optimize SAP FICO modules to support business operations.
• Collaborate with cross-functional teams to gather requirements ...",08/06/2026Barcelona (Híbrido)Consultor
https://www.tecnoempleo.com/ingeniero-procesos-page-personnel/lean-six-sigma/rf-5ad01358c27fe394a54b,Ingeniero/a de Procesos,Page Personnel,"['Lean', 'Six Sigma']","• Analizar y optimizar los procesos de producción para garantizar su eficiencia y calidad.
• Identificar áreas de mejora y proponer soluciones técnicas para ...",08/06/2026Madrid (Presencial)Ingenieros/Industria36.000€ - 45.000€ b/a
https://www.tecnoempleo.com/cybersecurity-consultant-gfr-technologies-se/ciberseguridad-iam/rf-c7311c4642c193b19444,Cybersecurity Consultant,GFR Technologies SE,"['Ciberseguridad', 'IAM', 'NIST']","GFT es una compañía pionera en transformación digital. Diseñamos soluciones de negocio centradas en la inteligencia artificial (AI-Centric), modernizamos infraestructuras ...",08/06/2026Madrid (Híbrido)Ciberseguridad
https://www.tecnoempleo.com/data-architect-digital-talent-agency/google-cloud-bigquery/rf-558f15ca8263c370d641,Data Architect,Digital Talent Agency,"['google cloud', 'bigquery', 'looker']","Descripción
Senior Data Lead / Experto/a en Arquitectura y Gestión de Datos | Google Cloud - BigQuery - Looker - Python
Contratación directa por parte de Cliente
Modalidad ...",08/06/2026100% remotoBig Data
https://www.tecnoempleo.com/gerente-michael-page/ingenieria-industrial/rf-73db1b62e2a703aff941,Gerente,Michael Page,"['Ingeniería', 'Industrial']","Gestión y dirección:

Desarrollo de negocio:

• Impulsar la estrategia comercial, reforzando la captación en industria.
• Acompañar al responsable comercial y ...",08/06/2026BizkaiaIngenieros/Industria
https://www.tecnoempleo.com/qa-automation-engineer-100-f-m-d-julius-baer/playwright-typescript/rf-f92f1a63e278d395054d,QA Automation Engineer 100% (f/m/d),Julius Baer,"['Playwright', 'Typescript', 'Java']","At Julius Baer, we celebrate and value the individual qualities you bring, enabling you to be impactful, to be entrepreneurial, to be empowered, and to create value beyond ...",08/06/2026MadridTester/QA
https://www.tecnoempleo.com/test-automation-platform-engineer-ust/devops-api/rf-fb6411efa292d3fb3f47,Test Automation Platform Engineer,UST,"['DevOps', 'API', 'CI/CD']","We are looking for the very Top Talent…and we would be delighted if you were to join our team!

More in details, UST is a multinational company based in North America, ...",08/06/2026Madrid (Híbrido)DevOps
https://www.tecnoempleo.com/ingeniero-ia-generativa-python-langchain-rag-grupo/docker-ci-cd/rf-a3b01f048258636f5940,"Ingeniero/a IA Generativa Python, LangChain, RAG",Grupo NS,"['python', 'docker', 'CI/CD']",En Grupo NS buscamos incorporar un/a Ingeniero/a de IA Generativa con experiencia intermedia para participar en el diseño y desarrollo de soluciones avanzadas basadas en ...,08/06/2026Madrid (Híbrido)Inteligencia Artificial/Machine Learning24.000€ - 33.000€ b/a
https://www.tecnoempleo.com/ingeniero-electrico-eplan-page-personnel/eplan/rf-004414fe324453995748,Ingeniero/a Eléctrico Eplan,Page Personnel,['EPLAN'],"Perfil buscado (Hombre/Mujer)

• Diseñar y desarrollar esquemas eléctricos utilizando el software Eplan.
• Supervisar y gestionar proyectos eléctricos asegurando el ...",08/06/2026ValenciaIngenieros/Industria
https://www.tecnoempleo.com/ingeniero-o-tecnico-electronica-hays/plc-siemens/rf-197f145c82e4e3dbfa4e,Ingeniero/a o Técnico/a de Electrónica,HAYS,"['PLC', 'Siemens', 'TIA Portal']","Ingeniero/a o Técnico/a de Electrónica Industrial - Automatización y PLC

Empresa industrial busca incorporar un/a especialista en Electrónica Industrial para su ...",08/06/2026NavarraElectrónica27.000€ - 45.000€ b/a
https://www.tecnoempleo.com/sap-solution-architect-accenture/sap/rf-4b961c33e28ed380144a,SAP Solution Architect,Accenture,['SAP'],En Accenture creemos en la tecnología como motor de la reinvención total de la empresa. Trabajamos con las plataformas y los partners líderes en el mercado para impulsar ...,08/06/2026100% remotoArquitecto TIC
https://www.tecnoempleo.com/instalador-redes-michael-page/wifi/rf-408612fa7229136d1d45,Instalador de Redes,Michael Page,"['Redes', 'WIFI']","• Instalación de bandejas, canalización, cableado y conexionado.
• Instalación de armarios de telecomunicaciones, antenas WIFI y equipos de telecomunicaciones.
• ...",08/06/2026ZaragozaRedes
https://www.tecnoempleo.com/ingeniero-automatizacion-ot-michael-page/plc/rf-18c91d7872534336304d,Ingeniero/a de Automatización (OT),Michael Page,['PLC'],"Perfil buscado (Hombre/Mujer)

• Participar en el desarrollo, implementación y mantenimiento de soluciones OT en planta.
• Definir los estándares de programación y ...",08/06/2026BarcelonaIngenieros/Industria
https://www.tecnoempleo.com/gestor-aplicaciones-page-personnel/cobol-3dsecure/rf-bb921fcb4246034f4148,Gestor de Aplicaciones,Page Personnel,"['Cobol', '3DSecure', 'VISA']","Como Gestor de Aplicaciones en el ámbito de Pagos con Tarjetas tu misión consistirá en gestionar los proyectos, las actividades de mantenimiento y los recursos asociados a ...",08/06/2026Madrid (Híbrido)Jefe de Proyecto42.000€ - 48.000€ b/a
https://www.tecnoempleo.com/director-it-servicios-b2b-michael-page/business-central-power-bi/rf-c4ee1435b22bc3234741,Director/a de IT (Servicios B2B),Michael Page,"['Business Central', 'Power BI', 'Cloud']","MISIÓN

Definir y ejecutar la estrategia IT alineada con el negocio, garantizando que sistemas, datos y tecnología impulsen la eficiencia, el crecimiento y la ...",08/06/2026BarcelonaJefe de Proyecto
https://www.tecnoempleo.com/fullstack-developer-javascript-php-hays/react/rf-95c318cf5275a34bc649,Fullstack Developer (JavaScript/PHP),HAYS,"['PHP', 'JavaScript', 'react']",Tu nueva empresa Formarás parte de un ecosistema tecnológico innovador enfocado en el desarrollo de soluciones basadas en tecnologías 4.0. La organización está compuesta ...,08/06/2026BarcelonaProgramador
https://www.tecnoempleo.com/tecnico-soporte-it-onsite-nextret/microinformatica-windows/rf-d7b51e8c4294e34d6f48,Técnico/a de Soporte IT (Onsite),Nextret,"['microinformatica', 'Windows', 'hardware']","En NexTReT buscamos incorporar un/a Técnico/a de Soporte para trabajar en las 3 instalaciones de una empresa internacional del sector industrial, dando soporte a los usuarios...",08/06/2026Barcelona (Presencial)Soporte Técnico33.000€ - 36.000€ b/a
https://www.tecnoempleo.com/cloud-operations-lead-aubay/azure-aws/rf-dc55160c22ae03670c40,Cloud Operations Lead,Aubay,"['Azure', 'AWS', 'Terraform']","Funciones

En Aubay buscamos un perfil con rol senior y de liderazgo técnico enfocado a operaciones cloud y DevOps, con responsabilidad sobre la estabilidad, disponibilidad...",08/06/2026Barcelona (Híbrido)DevOps
https://www.tecnoempleo.com/consultor-ia-h-m-michael-page/pmp/rf-cff41b7b12daa36c8143,Consultor IA (h/m),Michael Page,"['IA', 'PMP']","Perfil buscado (Hombre/Mujer)

La persona tendrá como objetivo principal asumir el rol de consultor/a IA y business developer. Entre las actividades a desempeñar, la ...",08/06/2026BizkaiaConsultor54.000€ - 76.000€ b/a
https://www.tecnoempleo.com/testing-engineer-montaje-setups-page-personnel/python-electronica/rf-cb0e1c1392f6b344ba45,Testing Engineer montaje de SETUPS,Page Personnel,"['Python', 'testing', 'electronica']","Perfil buscado

El Testing Engineer montaje de SETUPS - Sector AEROESPACIAL se encargará de:

• Montar desde cero los set ups de test, incluyendo el desplazamiento y ...",08/06/2026BarcelonaTester/QA
https://www.tecnoempleo.com/devops-engineer-pharma-wayops/aws-python/rf-e3011e35c2f293ca904a,DevOps Engineer (Pharma),WayOps,"['AWS', 'Python']","Desde WayOps buscamos un DevOps Engineer que quiera seguir creciendo profesionalmente participando en un proyecto dentro de un entorno exigente en el sector farmacéutico, con...",08/06/2026Madrid (Híbrido)DevOps
https://www.tecnoempleo.com/software-devops-engineering-ust/azure-devops-kubernetes/rf-f6e21ed9425073c5d94e,Software/DevOps Engineering,UST,"['azure devops', 'kubernetes', 'ci/cd pipeline']","We are still looking for the very Top Talent…and we would be delighted if you were to join our team!

More in details, UST is a multinational company based in North ...",08/06/2026Madrid (Híbrido)DevOps
https://www.tecnoempleo.com/ai-systems-engineer-llm-rag-optimization-airbus/python-vector-databases/rf-37d91f1ad2283385ef42,AI Systems Engineer (LLM & RAG Optimization),Airbus,"['LLM', 'Python', 'RAG']","Job Description:

Airbus Defence & Space is looking for an LLM Inference Engineer to optimize the efficiency and scalability of Generative AI systems.

The selected ...",08/06/2026MadridInteligencia Artificial/Machine Learning
https://www.tecnoempleo.com/sap-group-reporting-consultant-michael-page/sap/rf-feb419c512e043deda41,SAP Group Reporting Consultant,Michael Page,['SAP'],"• Implementar y gestionar soluciones en SAP Group Reporting para optimizar los procesos de consolidación y reporting financiero.
• Colaborar con los equipos internos ...",08/06/2026EspañaConsultor
https://www.tecnoempleo.com/fullstack-developer-salesforce-wayops/lwc-apex/rf-6b6b14b6527d83985349,Fullstack Developer (Salesforce),WayOps,"['Salesforce', 'LWC', 'Apex']",Desde WayOps buscamos un Fullstack Developer (Salesforce) que quiera seguir creciendo profesionalmente asumiendo la evolución de una arquitectura empresarial compleja dentro ...,08/06/2026Madrid (Híbrido)Programador
https://www.tecnoempleo.com/software-dev-engineer-machine-learning-amazon/python-java/rf-11ea12b902cd63d45746,Software Dev Engineer Machine Learning,Amazon,"['Python', 'Java', 'C++']",Do you want to solve real customer problems through innovative technology? Do you enjoy working on scalable services in a collaborative team environment? Do you want to see ...,08/06/2026MadridProgramador
https://www.tecnoempleo.com/tecnico-nomina-ss-cegid-meta4-peoplenet-grupo-digi/peoplenet/rf-59b61a5cf260a308324e,Tecnico/a Nomina y SS (CEGID/Meta4 Peoplenet),Grupo Digital,"['peoplenet', 'meta4']","Descripción
Si te motiva trabajar en entornos de alto volumen y complejidad, gestionando procesos clave de nómina y Seguridad Social para grandes compañías, este reto ...",08/06/2026Madrid (Híbrido)Administrativo
https://www.tecnoempleo.com/desarrollador-software-c-hays/c-linux/rf-58661d1f827a4309c041,Desarrollador Software C++,HAYS,"['C++', 'C', 'Linux']","Ingeniero/a de Software Senior - C++ (Linux Embedded)

📍 Manresa y alrededores | Modalidad 100% presencial

Estamos colaborando con una empresa que busca reforzar su ...",08/06/2026Barcelona (Presencial)Programador
https://www.tecnoempleo.com/senior-cloud-architect-multi-cloud-accenture/aws-azure/rf-0a2718ac42e8a3687245,Senior Cloud Architect / Multi‑Cloud,Accenture,"['AWS', 'Azure', 'GCP']","En Accenture Technology impulsamos la adopción de arquitecturas cloud modernas, seguras y resilientes para nuestros clientes, ayudándoles a evolucionar sus plataformas ...",08/06/2026MadridArquitecto TIC
https://www.tecnoempleo.com/pm-transformacion-digital-data-michael-page/data-governance-power-bi/rf-1ea3116df28ce306ab41,PM Transformación Digital Data,Michael Page,"['data governance', 'Power BI']","Perfil buscado (Hombre/Mujer)

Cometido Principal

• Liderar el proyecto de digitalización, asegurando la correcta adopción de nuevas herramientas, procesos y ...",08/06/2026MadridBig Data42.000€ - 45.000€ b/a
https://www.tecnoempleo.com/global-head-of-omnichannel-platforms-michael-page/marketing/rf-7da816d6d2962341c84f,Global head of Omnichannel Platforms,Michael Page,['Marketing'],"Perfil buscado (Hombre/Mujer)

The role owns the end-to-end Direct-to-Consumer (DTC) and omnichannel platform ecosystem, spanning eCommerce, mobile applications, retail (...",08/06/2026MadridMarketing
https://www.tecnoempleo.com/encargado-produccion-page-personnel/industrial-electronica/rf-e38e1351528be3fbd544,Encargado de Producción,Page Personnel,"['Industrial', 'electronica']","Perfil buscado (Hombre/Mujer)

FUNCIONES: 

• Planificar, coordinar y supervisar la producción diaria.

• Garantizar el cumplimiento de los plazos, calidad y está...",08/06/2026MadridElectrónica
https://www.tecnoempleo.com/electromecanico-a-page-personnel/electromecanica-mecatronica/rf-bca41e3e028e138b0341,Electromecánico/a,Page Personnel,"['Electromecánica', 'Mecatrónica']","• Realizar mantenimiento preventivo y correctivo de equipos electromecánicos en la planta de València.
• Diagnosticar y reparar averías en maquinaria industrial.
• ...",08/06/2026Valencia (Presencial)Ingenieros/Industria24.000€ - 33.000€ b/a
https://www.tecnoempleo.com/ingeniero-oficina-tecnica-page-personnel/hvac/rf-cc2f146e72af83540147,Ingeniero de Oficina Técnica,Page Personnel,['HVAC'],"• Realizar la ingeniería de detalle completa de los proyectos asignados: diseño desde 0, elaboración de planos, esquemas y documentación técnica.
• Redactar el ...",08/06/2026BarcelonaIngenieros/Industria
https://www.tecnoempleo.com/sap-sd-manager-michael-page/sap/rf-b02a100332e1c340d74a,SAP SD Manager,Michael Page,['sap'],"Perfil buscado (Hombre/Mujer)

• Liderar la implementación, optimización y evolución de soluciones SAP SD.
• Gestionar proyectos SAP end‑to‑end, asegurando la ...",08/06/2026Barcelona (Híbrido)Consultor
https://www.tecnoempleo.com/cybersecurity-engineer-hays/ciberseguridad-azure/rf-aead1a311253d32f1149,Cybersecurity Engineer,HAYS,"['Ciberseguridad', 'azure', 'Purview']","Tu nueva empresa: Desde HAYS trabajamos con un partner de Microsoft en búsqueda de un perfil de Consultor Senior de Microsoft, con especialidad en Cybersecurity, para poder ...",08/06/2026BarcelonaCiberseguridad45.000€ - 60.000€ b/a
https://www.tecnoempleo.com/ingeniero-ia-h-m-michael-page/llm/rf-f747199812f4c3282f42,Ingeniero de IA (h/m),Michael Page,"['IA', 'LLM']","Perfil buscado (Hombre/Mujer)

• Identificar, analizar y coordinar oportunidades de aplicación de IA en los distintos departamentos y productos de la empresa.
• ...",08/06/2026BizkaiaInteligencia Artificial/Machine Learning30.000€ - 42.000€ b/a
https://www.tecnoempleo.com/tecnico-cnc-tecnico-herramientas-page-personnel/inventor-cam/rf-a3b31f56226973cb9542,Técnico CNC - Técnico de herramientas,Page Personnel,"['CNC', 'Inventor', 'CAM']","El Técnico CNC - Técnico de herramientas deberá encargarse de lo siguiente:

• Fabricar tooling (herramientas) para test y producción, como láminas de aluminio con ...",08/06/2026BarcelonaIngenieros/Industria
https://www.tecnoempleo.com/desarrollador-mulesoft-grupo-digital/sap/rf-62bd156d524283fc3947,Desarrollador/a MuleSoft,Grupo Digital,"['MuleSoft', 'sap']","Descripción
¿Te gustaría participar en proyectos de integración de alto impacto trabajando con tecnologías líderes del mercado?

Buscamos un/a Desarrollador/a MuleSoft ...",08/06/2026100% remotoProgramador
https://www.tecnoempleo.com/service-delivery-manager-tecnologia-michael-page/azure-ad-intune/rf-ea2e12894209a3eb0245,Service Delivery Manager de Tecnologia,Michael Page,"['Azure AD', 'Intune', 'M365']","Perfil buscado (Hombre/Mujer)

• Captura y Gestión de la Demanda

• Recopilar, analizar y documentar necesidades de negocio derivadas de los servicios de Tecnología...",08/06/2026BarcelonaJefe de Equipo
https://www.tecnoempleo.com/emea-crm-senior-manager-pagegroup-ssc-page-personn/salesforce-marketing-cl/rf-a0ac13eea2e603d8e844,EMEA CRM Senior Manager - PageGroup SSC,Page Personnel,['Salesforce Marketing Cloud'],"In the middle of changing business needs and market shifts, we want to bring CRM to the next level.
We´re looking for a dynamic & motivated professional to take on CRM ...",08/06/2026Barcelona (Híbrido)Jefe de Proyecto
https://www.tecnoempleo.com/desarrollador-java-devops-knowmad-mood/kubernetes-docker/rf-0c461f99b29163a95d48,Desarrollador Java/ DevOps,knowmad mood,"['java', 'Kubernetes', 'Docker']","We are knowmad mood! 

 Somos una compañía líder en transformación digital, en constante evolución y a la vanguardia de la tecnología. Nacimos para provocar un cambio ...",08/06/2026100% remotoDevOps
https://www.tecnoempleo.com/ingeniero-mecanico-a-hays/solid-edge-autocad/rf-0d33174fe2c9f3bd3c4a,Ingeniero/a Mecánico/a,HAYS,"['Solid Edge', 'AutoCAD', 'Office']","Desde Hays estamos colaborando con una empresa especializada en el diseño de soluciones para la industria alimentaria, ubicada en Gipuzkoa, en la búsqueda de un/a Ingeniero/...",08/06/2026GipuzkoaIngenieros/Industria
https://www.tecnoempleo.com/full-stack-ai-engineer-ust/python-react/rf-d08c19f3121203d21445,Full Stack AI Engineer,UST,"['Python', 'React', 'FastAPI']","We are still looking for the very Top Talent…and we would be delighted if you were to join our team!

More in details, UST is a multinational company based in North ...",08/06/2026Madrid (Híbrido)Programador
https://www.tecnoempleo.com/application-engineer-robotics-page-personnel/agv-amr/rf-88b41076e2f9b3619b42,Application Engineer Robotics,Page Personnel,"['Robot', 'AGV', 'AMR']","Las funciones que desarrollará el Application Engineer Robotics serán las siguientes:

Programación de robots y formación de operarios y técnicos, tanto en las ...",08/06/2026BarcelonaIngenieros/Industria
https://www.tecnoempleo.com/frontend-developer-litelements-web-components-know/html-css/rf-5231169af28283778b4c,Frontend Developer - LitElements - Web components,knowmad mood,"['LitElements', 'HTML', 'CSS']","Buscamos un/a Frontend Engineer con sólida experiencia en el desarrollo de aplicaciones para trabajar en un conocido cliente del sector bancario (posición 100% remota)

  ...",08/06/2026100% remotoDesarrollador Web
https://www.tecnoempleo.com/fullstack-developer-react-node-graphql-hays/typescript-nodejs/rf-04fe1562e273f30b5f48,Fullstack Developer React/Node/GraphQL,HAYS,"['TypeScript', 'Node.js', 'React']","Your new company
One of Europe´s leading consumer electronics retailers is looking to hire a Fullstack Engineer to join its Platform team, a key function within the tech ...",08/06/2026Barcelona (Presencial)Programador
https://www.tecnoempleo.com/ingeniero-software-frontend-junior-gmv/html5-css3/rf-b8511f240281f3fda64d,Ingeniero/a de Software Frontend (Junior),GMV,"['HTML5', 'CSS3', 'JavaScript']",Si el único programa que se te resiste es el de la lavadora… ¡Tu sitio está con nosotros! Estamos ampliando nuestros equipos en el sector spacial para asumir proyectos de...,08/06/2026Madrid (Híbrido)Desarrollador Web
https://www.tecnoempleo.com/tecnico-mantenimiento-michael-page/plc-manufacturing/rf-448c18eab26ae3d90543,Tecnico/a de mantenimiento,Michael Page,"['PLC', 'manufacturing']","• Realizar el mantenimiento preventivo y correctivo de los equipos de producción.
• Diagnóstico y resolución de averías mecánicas, eléctricas, neumáticas y ...",08/06/2026ZaragozaIngenieros/Industria
https://www.tecnoempleo.com/data-engineer-feverup/python-sql/rf-137d1606727a03b47242,Data Engineer,FeverUp,"['Python', 'SQL', 'Airflow']","Hey there! We´re Fever, the world´s leading tech platform for culture and live entertainment.

Our mission? To democratize access to culture and entertainment. With our ...",08/06/2026BarcelonaBig Data
https://www.tecnoempleo.com/reporting-specialist-sql-tableau-dataiku-ust/oracle/rf-3adc1c22e2a013f28c47,Reporting Specialist (SQL/Tableau/Dataiku),UST,"['SQL', 'oracle', 'Tableau']","We are still looking for the very Top Talent…and we would be delighted if you were to join our team!

More in details, UST is a multinational company based in North ...",08/06/2026MadridBig Data
https://www.tecnoempleo.com/machine-learning-engineer-100-f-m-d-julius-baer/python-tensorflow/rf-07841f98b255e361cf47,Machine Learning Engineer 100% (f/m/d),Julius Baer,"['Python', 'TensorFlow', 'PyTorch']","At Julius Baer, we celebrate and value the individual qualities you bring, enabling you to be impactful, to be entrepreneurial, to be empowered, and to create value beyond ...",08/06/2026MadridInteligencia Artificial/Machine Learning
https://www.tecnoempleo.com/desarrollador-sr-genesys-cloud-integraciones-api-g/java-python/rf-216a129d821ff31c344e,Desarrollador/a Sr Genesys Cloud Integraciones API,Grupo NS,"['Genesys', 'java', 'python']",En Grupo NS buscamos un/a Desarrollador/a Senior especializado en Genesys Cloud para incorporarse a un proyecto innovador en el ámbito de soluciones de gestión empresarial (...,08/06/2026100% remotoAnalista Programador30.000€ - 42.000€ b/a
https://www.tecnoempleo.com/junior-data-engineer-analitycs-michael-page/etl-pyspark/rf-3b82178502cf4396414d,Junior Data Engineer - Analitycs,Michael Page,"['ETL', 'PySpark', 'SQL']","Perfil buscado (Hombre/Mujer)

Participar en la gestión end‑to‑end de datos: ingestión, transformación, calidad y publicación.
Construcción y mantenimiento de ...",08/06/2026MadridBig Data27.000€ - 33.000€ b/a
https://www.tecnoempleo.com/full-stack-developer-m-f-d-basf/javascript-python/rf-7f1c1716d277b3928c4b,Full-stack Developer (m/f/d),BASF,"['Javascript', 'Python', 'Django']","ABOUT US

At BASF Digital Hub Madrid we develop innovative digital solutions for BASF, create new exciting customer experiences and business growth, and drive efficiencies ...",08/06/2026MadridProgramador
https://www.tecnoempleo.com/engineer-manager-senior-technical-lead-michael-pag/dora/rf-02e21c68127c438a9b47,Engineer Manager/ Senior Technical Lead,Michael Page,['DORA'],"Perfil buscado (Hombre/Mujer)

Liderar dos squads (15+ personas) dentro del área de Producto & Catálogo en un entorno eCommerce. 
Garantizar un delivery estable, ...",08/06/2026Madrid (Híbrido)Jefe de Equipo
https://www.tecnoempleo.com/tecnico-produccion-test-electro-page-personnel/electronica/rf-0ef01a83f2434302a84b,Técnico de Producción y Test Electró,Page Personnel,['electronica'],"El candidato Técnico de Producción y Test Electrónico realizará validación de tarjetas electrónicas, el ensamblaje de equipos electrónicos y ensayos a equipos electró...",08/06/2026BarcelonaElectrónica
https://www.tecnoempleo.com/analista-java-springboot-seguros-ingles-alto-grupo/java/rf-0fff1f02d2ee43028740,Analista Java Springboot (Seguros) Ingles alto,Grupo Digital,"['java', 'springboot']","Descripción
Trabaja como nexo clave entre negocio y tecnología en proyectos del sector seguros.
Impacto directo en soluciones reales, colaborando con equipos internacionales...",08/06/2026100% remotoAnalista
https://www.tecnoempleo.com/senior-net-backend-engineer-julius-baer/net-core-t-sql/rf-3d791056025a23b75842,Senior .Net Backend Engineer,Julius Baer,"['.NET Core', 'T SQL', 'GitLab CI/CD']","At Julius Baer, we celebrate and value the individual qualities you bring, enabling you to be impactful, to be entrepreneurial, to be empowered, and to create value beyond ...",08/06/2026MadridDevOps
https://www.tecnoempleo.com/ia-engineer-aws-madrid-based-michael-page/rag-opensearch/rf-0ba01dc022f4c339f04d,IA Engineer AWS (Madrid based),Michael Page,"['RAG', 'AWS', 'OpenSearch']","Perfil buscado (Hombre/Mujer)

• Diseñar y optimizar arquitecturas RAG completas.
• Implementar estrategias avanzadas de chunking, embeddings y retrieval.
• ...",08/06/2026MadridInteligencia Artificial/Machine Learning
https://www.tecnoempleo.com/ingeniero-software-aeroespacial-gmv/java-spring-boot/rf-46b318d46293c3762041,Ingeniero/a de Software Aeroespacial,GMV,"['Java', 'Spring Boot', 'API RESTful']",¿Buscas un sitio innovador y consolidado en el que desarrollarte profesionalmente? GMV somos un grupo tecnológico con amplia experiencia. Estamos ampliando nuestros equipos ...,08/06/2026Madrid (Híbrido)Programador
https://www.tecnoempleo.com/tecnico-compras-junior-michael-page/sap-dynamics/rf-2b821b5ec2d33392b242,Técnico/a de compras Junior,Michael Page,"['SAP', 'Dynamics', 'Excel']","Gestionar administrativamente el ciclo completo de compras en el área IT.
Tramitación y seguimiento de pedidos, solicitudes de oferta y comparativas.
Contacto directo con ...",08/06/2026Madrid (Híbrido)Administrativo
https://www.tecnoempleo.com/ai-tech-lead-feverup/python-llm/rf-1ff61a6d92a3e3a3984e,AI Tech Lead,FeverUp,"['Python', 'LLM', 'LangGraph']","Hey there! 
We´re Fever, the world´s leading tech platform for culture and live entertainment.

Our mission? To democratize access to culture and entertainment. With our ...",08/06/2026MadridInteligencia Artificial/Machine Learning
https://www.tecnoempleo.com/disenador-mecanico-michael-page/neumatica-hidraulica/rf-00f11cf6c295a3c2b14a,Diseñador/a Mecánico,Michael Page,"['Neumatica', 'Hidraulica', 'Mecanica']","• Diseñar máquinas siguiendo los requisitos requeridos por la aplicación y cumpliendo los estándares de la compañía.
• Representación de planos de fabricación y ...",08/06/2026ValenciaIngenieros/Industria
https://www.tecnoempleo.com/ingeniero-electronico-hw-page-personnel/hardware-pcb/rf-021c1eccc22b6345c943,Ingeniero electrónico HW,Page Personnel,"['Hardware', 'PCB', 'Electronica']","Las funciones que desarrollará el Ingeniero/a Electrónico/a de Hardware serán las siguientes:

Diseño y desarrollo de hardware electrónico analógico, digital y de ...",08/06/2026BarcelonaElectrónica
https://www.tecnoempleo.com/product-owner-data-analyst-michael-page/sql-python/rf-b2231ed612dc9376b04a,Product Owner / Data analyst,Michael Page,"['SQL', 'Python', 'R']","• Crear y desarrollar el tratamiento y optimización de datos de la compañía.
• Análisis de nuevos productos y valoración de viabilidad de los mismos.
• Análisis...",08/06/2026Zaragoza (Presencial)Analista
https://www.tecnoempleo.com/desarrollador-abap-hays/sap/rf-6166188c429d233f8b41,Desarrollador ABAP,HAYS,"['SAP', 'ABAP']","Tu nueva empresaEmpresa líder en el sector industrial en la zona de Castellón, especializada en la fabricación y distribución de piezas, componentes y suministros de ...",08/06/2026CastellónProgramador
https://www.tecnoempleo.com/technical-business-analyst-t24-temenos-ust/infobasic-tafj/rf-06cb105952055387894f,Technical Business Analyst (T24/Temenos),UST,"['Temenos', 'T24', 'InfoBasic']","We are looking for the very Top Talent…and we would be delighted if you were to join our team!

More in details, UST is a multinational company based in North America, ...",08/06/2026100% remotoAnalista
https://www.tecnoempleo.com/core-digital-campus-full-stack-developer-airbus/angular-node/rf-13291052c29e5332654c,CORE DIGITAL CAMPUS Full-Stack Developer,Airbus,"['Angular', 'Node', 'Bootstrap']","Job Description:

An opportunity for an Full-Stack Developer has arisen within Airbus Helicopters (Albacete, Spain)

WHY JOIN US?

LIFE IN ALBACETE: QUALITY & ...",08/06/2026AlbaceteProgramador
https://www.tecnoempleo.com/tecnico-medio-ambiente-michael-page/medio-ambiente/rf-7cca1154429d038d554c,Técnico de Medio Ambiente,Michael Page,['medio ambiente'],"Perfil buscado (Hombre/Mujer)

• Supervisar y gestionar el cumplimiento de las normativas medioambientales en los proyectos.
• Realizar auditorías medioambientales y ...",08/06/2026ZaragozaIngenieros/Industria
https://www.tecnoempleo.com/core-digital-campus-web-developer-airbus/html5-css3/rf-7f3010b80279a3a7ad40,CORE DIGITAL CAMPUS - Web Developer,Airbus,"['HTML5', 'CSS3', 'JavaScript']","Job Description:

An opportunity for a Web Developer (m/f) for CRM domain has arisen within Airbus Helicopters (Albacete)

WHY JOIN US?

 LIFE IN ALBACETE: QUALITY & ...",08/06/2026Albacete (Híbrido)Desarrollador Web
https://www.tecnoempleo.com/digital-campus-iam-it-operation-and-service-airbus/itil-powershell/rf-6343198542ea630d4148,DIGITAL CAMPUS - IAM IT Operation and Service,Airbus,"['IAM', 'ITIL', 'PowerShell']","Job Description:

#DIGITAL CAMPUS - IAM IT Operation and Service Manager

An opportunity for an IT Operation and Service Manager has arisen within 

Airbus Helicopters (...",08/06/2026AlbaceteTécnico de Sistemas
https://www.tecnoempleo.com/software-engineer-java-identity-platform-bitpanda/mongodb-kafka/rf-76091142d28533a0ea47,"Software Engineer, Java (Identity Platform)",Bitpanda,"['java', 'MongoDB', 'Kafka']","Who we are 

We simplify wealth creation. Founded in 2014 in Vienna, Austria by Eric Demuth, Paul Klanschek and Christian Trummer, we´re here to help people trust ...",08/06/2026Barcelona (Híbrido)Programador
https://www.tecnoempleo.com/discover-ii-2026-2027-aircrafts-in-service-data-ai/analytics/rf-65bb1a656252f33f504f,Discover II 2026 2027 Aircrafts In-Service Data,Airbus,"['data', 'Analytics']","Job Description:

Ready to join one of our Graduate Programs in Spain?
AIRBUS offers more than 70 vacancies for our full time graduate program in Spain Discover II 2026 ...",08/06/2026SevillaAnalista
https://www.tecnoempleo.com/mid-data-loss-prevention-dlp-specialist-ust/purview-defender/rf-d1c21885d230e306664f,Mid Data Loss Prevention (DLP) Specialist,UST,"['DLP', 'Purview', 'Defender']","We are still looking for the very Top Talent…and we would be delighted if you were to join our team!

More in details, UST is a multinational company based in North ...",08/06/2026100% remotoCiberseguridad
https://www.tecnoempleo.com/ot-security-engineer-ust/ciberseguridad-scada/rf-853e1daea208f353db46,OT Security Engineer,UST,"['Ciberseguridad', 'SCADA', 'PLC']","We are looking for the very Top Talent…and we would be delighted if you were to join our team!

More in details, UST is a multinational company based in North America, ...",08/06/2026Barcelona (Híbrido) y otrasCiberseguridad
https://www.tecnoempleo.com/arquitecto-soluciones-sistemas-gmv/azure-aws/rf-cd5013a6b22653fe7a4b,Arquitecto/a de soluciones de sistemas,GMV,"['Azure', 'AWS', 'VMware']",¿Buscas un sitio innovador y consolidado en el que desarrollarte profesionalmente? GMV somos un grupo tecnológico con amplia experiencia. Estamos ampliando nuestros equipos ...,08/06/2026Madrid (Híbrido)Arquitecto TIC
https://www.tecnoempleo.com/ingeniero-payload-satcom-gmv/dtp-bfn/rf-99751d0bc2426338ad47,Ingeniero/a de Payload Satcom,GMV,"['SATCOM', 'DTP', 'BFN']",¿Quieres formar parte de un equipo consolidado del sector espacio y enfrentarte a nuevos retos? Estamos ampliando nuestros equipos para proyectos de SATCOM en la parte de ...,08/06/2026Madrid (Híbrido)Ingenieros/Industria
https://www.tecnoempleo.com/it-business-analyst-financial-markets-michael-page/business-analysis-agile/rf-0f851a65d2d0a3b91747,IT Business Analyst - Financial Markets,Michael Page,"['Business Analysis', 'Agile', 'Scrum']","Perfil buscado (Hombre/Mujer)

• Analizar las necesidades del negocio relacionadas con Securities Finance y traducirlas en requerimientos técnicos claros y user stories ...",08/06/2026MadridAnalista60.000€ - 72.000€ b/a
https://www.tecnoempleo.com/adjunto-al-director-produccion-michael-page/industrial-mecanica/rf-0b521809329993457042,Adjunto/a al Director de Producción,Michael Page,"['industrial', 'mecanica']","• Formarse en distintas secciones de la planta bajo la supervisión del Director Técnico y de Producción.
• Colaborar estrechamente con los Jefes de Producción en el d...",08/06/2026MálagaIngenieros/Industria
https://www.tecnoempleo.com/ingeniero-t-cnico-espacios-renovados-sur/excel-autocad/rf-cdb8149e5212a3181d45,INGENIERO TÉCNICO,Espacios Renovados Sur,"['Excel', 'Autocad']","Buscamos un/a Ingeniero/a Técnico/a con experiencia en gestión de obras y coordinación de proyectos, orientado/a a resultados y con capacidad para trabajar en entornos din...",08/06/2026MálagaJefe de ProyectoContrato obra o servicio
https://www.tecnoempleo.com/blockchain-architect-protocol-lead-ava-one-million/solidity-rust/rf-33b51ea0720083866d44,Blockchain Architect & Protocol Lead,AVA One Million films,"['Solidity', 'Rust', 'EVM']","Misión: Investigar y diseñar una arquitectura de gobernanza descentralizada capaz de gestionar derechos de exhibición en tiempo real mediante Smart Contracts complejos.

...",08/06/2026Sta. Cruz De Tenerife y otrasArquitecto TIC30.000€ - 45.000€ b/a
https://www.tecnoempleo.com/senior-full-stack-engineer-panel-sistemas-informat/java-spring/rf-f0c01866d2c8e308c64c,Senior Full Stack Engineer,PANEL Sistemas Informáticos,"['Java', 'Spring', 'JPA']","🚀 ¡Estamos buscando un/a Senior Front-End Engineer!
💻 100% orientado a JavaScript | Testing | Arquitectura Front | Microfrontends


🚀 Estamos contratando: Senior ...",08/06/2026100% remotoAnalista Programador
https://www.tecnoempleo.com/bcc-arquitectura-ciberseguridad-cajamar-tecnologia/ccsp-cspm/rf-b563145ed244a357c744,BCC - Arquitectura de Ciberseguridad,Cajamar Tecnología,"['CCSP', 'Ciberseguridad', 'CSPM']","¿Quiénes somos? 
El Banco de Crédito Cooperativo (BCC) fue constituido por 32 cajas rurales, siendo Cajamar su principal accionista. El BCC desempeña la dirección del ...",08/06/2026Madrid (Presencial) y otrasArquitecto TIC
https://www.tecnoempleo.com/data-loss-prevention-dlp-analyst-ust/servicenow-office/rf-69041f4a7298f30c8a4d,Data Loss Prevention (DLP) Analyst,UST,"['DLP', 'ServiceNow', 'Office']","We are still looking for the very Top Talent…and we would be delighted if you were to join our team!

More in details, UST is a multinational company based in North ...",05/06/2026100% remotoCiberseguridad
https://www.tecnoempleo.com/incident-response-analyst-ust/gdpr-dora/rf-9cd9121c42da43da234a,Incident Response Analyst,UST,"['GDPR', 'DORA', 'NIST']","We are still looking for the very Top Talent…and we would be delighted if you were to join our team!

More in details, UST is a multinational company based in North ...",05/06/2026MadridCiberseguridad
https://www.tecnoempleo.com/teleoperador-ventas-jornada-parcial-30-40-sosmatic/comercial/rf-f761170b92bc1301ce46,Teleoperador/a ventas - Jornada parcial de 30 a 40,Sosmatic,['comercial'],"Buscamos a un/a Teleoperador/a con experiencia en gestión telefónica y venta telefónica para incorporarse a nuestro equipo. En este puesto, serás responsable de ofrecer un...",05/06/2026Barcelona (Presencial)Comercial16.000€ - 18.000€ b/aJornada media jornada
https://www.tecnoempleo.com/tech-lead-frontend-angular-react-grupo-digital/angular/rf-4be11b6b12dc4309664a,Tech Lead Frontend (Angular & React),Grupo Digital,"['angular', 'react']","Descripción
Buscamos un/a Tech Lead Frontend con sólida experiencia en Angular, React y arquitecturas de Microfrontends, capaz de liderar técnicamente al equipo y aportar ...",05/06/2026Madrid (Híbrido)Programador
https://www.tecnoempleo.com/responsable-automatizacion-h-m-page-personnel/siemens-tia-portal/rf-89001078c28a43d3ee48,Responsable Automatización (h/m),Page Personnel,"['Siemens', 'TIA Portal', 'SCADA']","• Gestión integral de proyectos de automatización industrial
• Diseño de soluciones técnicas para maquinaria y líneas automatizadas
• Programación de PLCs (...",05/06/2026ValenciaIngenieros/Industria
https://www.tecnoempleo.com/subcontractor-programme-manager-gmv/hardware-software/rf-19df19b6d263835e7f4e,Subcontractor Programme Manager,GMV,"['hardware', 'software']",¿Quieres trabajar en un equipo consolidado del sector espacio y enfrentarte a nuevos retos? Estamos ampliando nuestros equipos en el sector de espacio para asumir proyectos ...,05/06/2026Madrid (Híbrido)Jefe de Proyecto
https://www.tecnoempleo.com/data-quality-architect-cliente-final-page-personne/sql-python/rf-083015f09254a371e946,Data Quality Architect - Cliente final,Page Personnel,"['SQL', 'Python', 'R']","• Garantizar la calidad y precisión de los datos utilizados en los procesos analíticos y operativos.
• Diseñar y supervisar procedimientos de validación y limpieza de...",05/06/2026Madrid (Presencial)Analista60.000€ - 72.000€ b/a
https://www.tecnoempleo.com/arquitecto-software-tecnologias-microsoft-experts-/net-azure/rf-f4a61b8bb245a3300240,Arquitecto de software tecnologías Microsoft,EXPERTS CODING,"['.NET', 'Azure', 'Git']",Buscamos un/a Arquitecto/a de Software especializado/a en tecnologías Microsoft (.NET y Azure) para liderar el diseño y la evolución de nuestras soluciones tecnológicas. ...,05/06/2026Madrid y otrasAnalista Programador
https://www.tecnoempleo.com/responsable-gestion-erp-rla-rodriguez-lopez-auto/erp/rf-15c311bc92a013307542,Responsable de gestión de ERP,RLA Rodríguez López Auto,['ERP'],"Rodríguez López Auto se dedica a la fabricación y transformación de vehículos especiales, incluyendo ambulancias civiles y militares, vehículos de respuesta rápida, cl...",05/06/2026Ourense y otrasIngenieros/Industria24.000€ - 27.000€ b/a
https://www.tecnoempleo.com/product-management-it-sopra-steria/project-manager/rf-15c1175ec274730f9c4a,Product Management IT,Sopra Steria,['Project Manager'],"Descripción de la empresa

Porque trabajar en Sopra Steria, también es sentir Sopra Steria.

Somos un reconocido líder europeo en consultoría, servicios digitales y ...",05/06/2026Madrid (Híbrido)Jefe de Proyecto
https://www.tecnoempleo.com/analista-programador-cobol-sopra-steria/adabas-natural/rf-26141df2e21283654048,Analista Programador/a COBOL,Sopra Steria,"['cobol', 'Adabas', 'Natural']","Descripción de la empresa

Porque trabajar en Sopra Steria, también es sentir Sopra Steria.

Somos un reconocido líder europeo en consultoría, servicios digitales y ...",05/06/2026ValenciaAnalista Programador
https://www.tecnoempleo.com/consultor-senior-formacion-ciberseguridad-atos/cisa-itil/rf-7ce4110cf2162367a64d,Consultor/a Senior Formación Ciberseguridad,Atos,"['Ciberseguridad', 'CISA', 'ITIL']","En Atos estamos buscando un Consultor/a Senior de Formación en Ciberseguridad

Requisitos:
- Titulación necesaria: Master Universitario relacionada con el sector TIC: ...",05/06/2026Madrid (Híbrido)Consultor
https://www.tecnoempleo.com/senior-genai-pmai-engineer-gfr-technologies-se/python-llm/rf-3306183602bd636e1a40,Senior GenAI / PMAI Engineer,GFR Technologies SE,"['Python', 'GenAI', 'LLM']","GFT es una compañía pionera en transformación digital. Diseñamos soluciones de negocio centradas en la inteligencia artificial (AI-Centric), modernizamos infraestructuras ...",05/06/2026MadridInteligencia Artificial/Machine Learning
https://www.tecnoempleo.com/data-platform-engineer-f-m-d-axpo-group/python-c/rf-50b3138ec289d369d341,Data Platform Engineer (f/m/d),Axpo Group,"['Python', 'C#', 'Java']","Workload: 80-100% 

Welcome to where energy meets technology! As one of our Back-end developers / platform engineers f/m/d, you will be at the core of the infrastructure ...",05/06/2026MadridBig Data
https://www.tecnoempleo.com/azure-data-engineer-con-ingles-alto-devoteam/pyspark-spark-sql/rf-4a421922a2ea33887642,Azure Data engineer con inglés alto,Devoteam,"['PySpark', 'Spark SQL', 'SparkR']","Descripción de la empresa

Devoteam es una consultora europea líder enfocada en estrategia digital, plataformas tecnológicas, ciberseguridad y transformación empresarial...",05/06/2026100% remotoBig Data
https://www.tecnoempleo.com/ingeniero-procesos-michael-page/lean-5s/rf-b00318416213b3fae744,Ingeniero/a de procesos,Michael Page,"['lean', '5S']","Perfil buscado (Hombre/Mujer)

La persona seleccionada realizará las siguientes funciones:

• Participar en la implantación y puesta en marcha de nueva maquinaria, ...",05/06/2026ZaragozaIngenieros/Industria
https://www.tecnoempleo.com/emea-it-lead-michael-page/soporte-redes/rf-fbb61594d2f353bece4e,EMEA IT Lead,Michael Page,"['soporte', 'Redes', 'ITSM']","• Proporcionar soporte técnico de nivel 1 y 2 a usuarios en la región EMEA.
• Coordinar y supervisar proyectos tecnológicos relacionados con sistemas y helpdesk.
• ...",05/06/2026Madrid (Presencial)Soporte Técnico
https://www.tecnoempleo.com/ingeniero-planta-proyectos-industriales-hays/industrial/rf-73191a9502a563ec8940,Ingeniero/a de Planta y Proyectos Industriales,HAYS,['industrial'],"Tu nueva empresa Empresa industrial del sector químico, con presencia productiva en Cataluña, busca incorporar un/a Ingeniero/a de Planta para liderar proyectos de mejora, ...",05/06/2026BarcelonaIngenieros/Industria
https://www.tecnoempleo.com/backend-developer-nodejs-o-net-8-aspnet-ia-panel-s/nodejs-net/rf-79e61ff8521863cce24b,Backend Developer Node.js o .NET 8 / ASP.NET / IA,PANEL Sistemas Informáticos,"['Node.js', '.NET', 'ASP.NET Core']","🚀 Estamos buscando:  Senior Backend Developer  Node.js o .NET 8 / ASP.NET Core (idealmente ambos)🚀
¿Te apasiona construir soluciones backend escalables y trabajar en ...",05/06/2026100% remotoAnalista Programador
https://www.tecnoempleo.com/tecnico-sistemas-linux-rhel-grupo-ns/ansible-powershell/rf-ed6f1f17a2c71380ed4b,Técnico/a de Sistemas Linux RHEL,Grupo NS,"['LINUX', 'ansible', 'powershell']",En Grupo NS seguimos creciendo y queremos incorporar nuevas personas a nuestro equipo de Proyectos. Buscamos profesionales con experiencia en administración de sistemas Linux...,05/06/2026100% remotoTécnico de Sistemas30.000€ - 42.000€ b/a
https://www.tecnoempleo.com/administrador-sistemas-middleware-arelance/weblogic-jboss/rf-0d59195242ca6313064f,Administrador/a de Sistemas Middleware,Arelance,"['weblogic', 'jboss', 'middleware']",En Arelance sabemos que las personas son el activo más importante dentro de una empresa y por tanto invertimos muchos esfuerzos en buscar los mejores profesionales para ...,05/06/2026Madrid (Híbrido)Administrador30.000€ - 39.000€ b/a
https://www.tecnoempleo.com/backend-developer-nodejs-cmv-consultores/typescript-docker/rf-810f1645a279333f3e49,Backend Developer NodeJS,CMV Consultores,"['node', 'TypeScript', 'Docker']",Desde CMV Consultores buscamos un/a Backend Senior Engineers (Node.js) para trabajar con uno de nuestros clientes más importantes del sector Seguros. Te integrarás en un ...,05/06/2026Madrid (Híbrido)Desarrollador Web
https://www.tecnoempleo.com/analista-programador-java-team-lead-cmv-consultore/spring-oracle/rf-a9801026a29bd31f6348,Analista Programador Java (Team Lead),CMV Consultores,"['JAVA', 'spring', 'Oracle']",¿Tienes experiencia en Java y buscas dar el paso hacia el liderazgo técnico? Te incorporarás a un equipo especializado en el desarrollo y evolución de una plataforma ...,05/06/2026Madrid (Híbrido) y otrasAnalista Programador
https://www.tecnoempleo.com/java-spring-boot-spring-mvc-developer-panel-sistem/spring-boot/rf-badb152152a4b321b540,Java Spring Boot y Spring MVC Developer,PANEL Sistemas Informáticos,"['java', 'Spring Boot', 'MVC']","🚀 Estamos buscando un/a Java Spring Boot y Spring MVC Developer☕💻
📍 Madrid – 100% Presencial
🌍 Inglés B2 requerido
¿Tienes experiencia en Java y te apetece ...",05/06/2026Madrid (Presencial)Analista Programador
https://www.tecnoempleo.com/tecnico-automatizacion-mantenimineto-hays/plc/rf-e23417cc6265c300c84a,Técnico/a de Automatización y Mantenimineto,HAYS,"['PLC', 'automatizacion']","Desde Hays, estamos seleccionando un/a Técnico/a Senior de Automatización y Mantenimiento Industrial para incorporarse a una compañía del sector industrial en crecimiento...",05/06/2026MurciaIngenieros/Industria27.000€ - 36.000€ b/a
https://www.tecnoempleo.com/desarrollador-ada-enyse/c-poo/rf-eb6b176bb292b3c6e646,Desarrollador ADA,ENYSE,"['ADA', 'C++', 'POO']","En ENYSE lo primero son las personas junto con la cultura de equipo y el desarrollo de la última tecnología para nuestros clientes.

Somos una compañía centenaria y en ...",05/06/2026Madrid (Presencial)Programador
https://www.tecnoempleo.com/senior-data-analyst-gmv/python-sql/rf-cfca1550322b437f274b,Senior Data Analyst,GMV,"['Python', 'SQL', 'Power BI']",¿Buscas un sitio innovador y consolidado en el que desarrollarte profesionalmente? ¿Te apasiona convertir datos en impacto real? ¡Esta es tu oportunidad! Buscamos un/a ...,05/06/2026Madrid (Híbrido)Analista
https://www.tecnoempleo.com/project-manager-it-gmv/agile-scrum/rf-0650124632c293848d41,Project manager de IT,GMV,"['Agile', 'Scrum', 'Kanban']","Si lo que te gusta es coordinar equipos y buscar las mejores soluciones, ¡te estamos buscando! GMV es una empresa de ingeniería que desarrolla proyectos de innovación en el...",05/06/2026Madrid (Híbrido)Jefe de Equipo
https://www.tecnoempleo.com/sales-project-manager-automatizacion-michael-page/industrial-mecanica/rf-93401c9122cfc30d8b4d,Sales Project Manager- Automatización,Michael Page,"['Industrial', 'Mecánica']","Perfil buscado (Hombre/Mujer)

• Desarrollar y ejecutar la estrategia comercial para la venta de proyectos industriales (Automatización)
• Detectar oportunidades desde...",05/06/2026BarcelonaConsultor
https://www.tecnoempleo.com/desarrollador-cobol-unix-cas-training/sql-jira/rf-24231f7dd23383c8a141,Desarrollador/a COBOL UNIX,CAS TRAINING,"['COBOL', 'SQL', 'UNIX']","Buscamos un/a Desarrollador/a con experiencia en entorno bancario para incorporarse a un equipo de Minsait, participando en los desarrollos de una innovadora Plataforma SaaS ...",05/06/2026100% remotoAnalista Programador27.000€ - 30.000€ b/a
https://www.tecnoempleo.com/ingeniero-a-hays/ingenieria-industrial/rf-fba01ab3d24ee3a48f4d,Ingeniero/a,HAYS,"['Ingeniería', 'Industrial', 'Eléctrica']","Tu nueva empresa Desde Hays buscamos Ingenieros/as Industriales o Eléctricos para incorporarse a una compañía industrial consolidada, con producción técnica y presencia ...",05/06/2026Segovia y otrasIngenieros/Industria
https://www.tecnoempleo.com/project-manager-industrial-hays/project-manager/rf-c87b18c192b6034ab842,Project Manager Industrial,HAYS,['Project Manager'],Tu nueva empresa ¿Quieres formar parte de una empresa líder en tecnología para turbinas? Desde Hays estamos colaborando con una importante empresa del sector industrial y ...,05/06/2026MadridIngenieros/Industria36.000€ - 45.000€ b/a
https://www.tecnoempleo.com/tecnico-mantenimiento-michael-page/electricidad-electronica/rf-18881978b2e703d4a949,Técnico/a de Mantenimiento,Michael Page,"['Electricidad', 'Electrónica', 'Mecánica']","• Realizar mantenimiento preventivo y correctivo de maquinaria e instalaciones industriales.
• Diagnosticar y reparar averías eléctricas y mecánicas.
• Ejecutar ...",05/06/2026Valladolid (Presencial)Técnico de Mantenimiento
https://www.tecnoempleo.com/director-ingenieria-aleman-michael-page/ingenieria-industrial/rf-e0c817a692fc63d0d345,Director/a de Ingenieria - Alemán,Michael Page,"['Ingeniería', 'Industrial']","La persona seleccionada deberá realizar las siguientes funciones:

• Gestionar y coordinar equipos de ingeniería para garantizar el éxito de los proyectos.

• ...",05/06/2026ZaragozaIngenieros/Industria
https://www.tecnoempleo.com/administrador-sistemas-sosmatic/windows-linux/rf-8bac109082aa23679e4e,Administrador/a de sistemas,Sosmatic,"['windows', 'linux', 'nagios']","Buscamos un perfil de Administrador/a de sistemas para importante empresa del sector transportes ubicada en la Comunidad de Madrid.

Funciones:
● Análisis de requisitos ...",05/06/2026Madrid (Presencial) y otrasTécnico de Sistemas
https://www.tecnoempleo.com/ingeniero-datos-reporting-regulatorio-cajamar-tecn/sql-etl/rf-aa001f8d125d930eb340,Ingeniero de Datos - Reporting Regulatorio,Cajamar Tecnología,"['SQL', 'ETL']","En Cajamar Tecnología, empresa de servicios del Grupo Financiero Cajamar con presencia nacional, buscamos incorporar a una persona para el área de Reporting Regulatorio. ...",05/06/2026Almería (Híbrido) y otrasBig Data
https://www.tecnoempleo.com/data-engineer-baoss/spark-scala/rf-6e95183b624213953741,Data Engineer,Baoss,"['Spark', 'Scala', 'SQL']",Buscamos un Data Engineer con experiencia en ecosistemas Big Data para participar en un proyecto internacional enfocado en la migración de infraestructura Hadoop hacia ...,05/06/2026Madrid (Híbrido)Big Data
https://www.tecnoempleo.com/kafka-engineer-baoss/apis-cloud/rf-699c1ce762aa23701d41,Kafka Engineer,Baoss,"['Kafk', 'APIs', 'Cloud']","Buscamos un/a Kafka Engineer con 2-3 años de experiencia para trabajar en proyectos de arquitectura event-driven en entorno internacional.

Requisitos

2-3 años de ...",05/06/2026Madrid (Híbrido)Programador
https://www.tecnoempleo.com/tecnico-soporte-baoss/sql-pl-sql/rf-955c12f492ad5344974f,Técnico/a de Soporte,Baoss,"['SQL', 'PL/SQL', 'Shell Script']","Descripción de la oferta

Buscamos un/a Técnico/a de Soporte con experiencia en SQL y PL/SQL para incorporarse al equipo de soporte del Producto Global de Conciliaciones, ...",05/06/2026MadridBase de Datos/DBA
https://www.tecnoempleo.com/tecnico-microinformatico-onsite-grupo-sermicro/windows-soporte/rf-94c31bf9b2c9336f8d45,Técnico/a  Microinformático onsite,Grupo Sermicro,"['windows', 'soporte', 'hardware']","Grupo Sermicro somos una empresa Integradora de referencia en Soluciones y Servicios TIC con más de 40 años de experiencia y una amplia presencia internacional.

¡Te ...",05/06/2026BarcelonaHelpdesk
https://www.tecnoempleo.com/tecnico-cableado-grupo-sermicro/fibra-telecomunicaciones/rf-3f611d1f1274938e6e49,Técnico/a Cableado,Grupo Sermicro,"['cableado', 'fibra', 'telecomunicaciones']",Grupo Sermicro es una empresa de referencia de Soluciones y Servicios TIC que ayuda a las empresas a desplegar su estrategia de negocio mediante un uso eficiente e innovador ...,05/06/2026Zaragoza (Presencial)RedesContrato obra o servicio
https://www.tecnoempleo.com/supervisor-o-team-leader-indispensable-catalan-sos/ticketing-excel/rf-a57a182972fa83a63146,Supervisor/a o Team Leader / Indispensable catalan,Sosmatic,"['ticketing', 'Excel', 'KPI']","Buscamos un/a Supervisor/a de Teleoperadores de Soporte Técnico, responsable de liderar al equipo, garantizando el cumplimiento de objetivos operativos, la calidad del ...",05/06/2026Barcelona (Híbrido)Jefe de Equipo18.000€ - 24.000€ b/a
https://www.tecnoempleo.com/tecnico-riesgos-it-ciberseguridad-baoss/iso-grc/rf-0a7910de72c5f323434e,Técnico/a - Riesgos IT y Ciberseguridad,Baoss,"['Ciberseguridad', 'ISO', 'GRC']","Buscamos un/a Técnico/a en Análisis de Riesgo IT y Ciberseguridad para incorporarse a un equipo especializado en gestión de riesgos tecnológicos, cumplimiento normativo y ...",05/06/2026Madrid y otrasCiberseguridad
https://www.tecnoempleo.com/java-backend-developer-upify/servlets-spring/rf-9ad21446d2ac53fda74a,Java Backend Developer,Upify,"['Java', 'Servlets', 'Spring']","En Upify desarrollamos y operamos nuestra propia plataforma tecnológica para la gestión y monetización de servicios digitales en el ecosistema telco (mobile web stores, ...",05/06/2026Madrid y otrasProgramador
https://www.tecnoempleo.com/frontend-developer-react-typescript-ia-panel-siste/azure-rest-apis/rf-d8d4151b22a543997947,Frontend Developer React / TypeScript / IA,PANEL Sistemas Informáticos,"['React', 'TypeScript', 'Azure']","🚀 Estamos buscando:  Frontend Developer React / TypeScript / IA

¿Te motiva desarrollar interfaces modernas, trabajar con React y TypeScript a nivel experto y participar ...",05/06/2026100% remotoAnalista Programador
https://www.tecnoempleo.com/responsable-software-factory-accuro-technology/microsoft-java/rf-736114c0b20703327741,Responsable Software Factory,Accuro Technology,"['Microsoft', 'Java']",Responsable técnico con amplia experiencia en la gestión integral de proyectos y coordinación de equipos multidisciplinares. Capacidad demostrada para liderar procesos té...,05/06/2026Madrid (Híbrido)Jefe de Equipo42.000€ - 48.000€ b/a
https://www.tecnoempleo.com/desarrollador-senior-backend-java-baoss/spring/rf-b104103d823773d8b64c,Desarrollador/a Senior Backend Java,Baoss,"['Java', 'Spring']","Buscamos Desarrollador/a Senior Backend Java para incorporarse a un proyecto estable en entorno tecnológico sólido y con metodología ágil.

📍 Modalidad: 100% Remoto...",05/06/2026Alicante y otrasAnalista Programador
https://www.tecnoempleo.com/senior-sisnet-analyst-developer-core-insurance-pan/testing-api-rest/rf-052b1e78921cd3531c41,Senior SISnet Analyst & Developer | Core Insurance,PANEL Sistemas Informáticos,"['SISnet', 'Testing', 'API REST']","🚀 ¡Oportunidad URGENTE! Senior Programmer SISnet – 100% Remoto
¿Eres especialista en SISnet y buscas un proyecto donde tu experiencia marque la diferencia desde el ...",05/06/2026100% remotoAnalista Programador
https://www.tecnoempleo.com/full-stack-developer-python-kratos-growth/fastapi-react/rf-81c71dc5a258d381f64a,Full Stack Developer (Python),Kratos Growth,"['Python', 'FastAPI', 'React']","We are hiring a remote Full Stack Developer (Python)

Our consumer intelligence platform synthesizes massive-scale data (billions of Google searches, social conversations, ...",05/06/2026100% remotoProgramador
https://www.tecnoempleo.com/global-manager-quality-audit-system-michael-page/iso-calidad/rf-341f1d227297b3c8bc48,Global Manager Quality Audit System,Michael Page,"['ISO', 'calidad', 'IATF']",El puesto de Global Manager Quality Audit System requiere un/a profesional con experiencia en sistemas de auditoría de calidad en el sector industrial preferiblemente ...,05/06/2026BurgosAuditor
https://www.tecnoempleo.com/responsable-produccion-montaje-final-michael-page/mes-power-bi/rf-ba151f69a2dd939ece48,Responsable de Producción - Montaje Final,Michael Page,"['MES', 'Power BI', 'Lean']","Tu misión será acompañar a los equipos para alcanzar los objetivos de producción de forma eficiente, segura y con altos estándares de calidad.

En tu día a día...",05/06/2026ÁlavaJefe de Equipo
https://www.tecnoempleo.com/marketing-communication-specialist-page-personnel/marketing/rf-589619b45239c38d954d,Marketing & Communication Specialist,Page Personnel,['Marketing'],"Puente estratégico entre Portugal y España

• Implementar en el mercado español la estrategia de Marketing y Comunicación definida centralmente.
• Garantizar un ...",05/06/2026Madrid (Presencial)Marketing
https://www.tecnoempleo.com/it-transition-manager-michael-page/oracle-jd-edwards-erp/rf-327f131fa291630fc84d,IT Transition Manager,Michael Page,"['Oracle JD Edwards', 'ERP']","• Liderar la transición tecnológica de una compañía industrial, garantizando la continuidad operativa de los sistemas críticos.
Actuar como responsable IT en fase de ...",05/06/2026Sevilla (Híbrido)Jefe de Proyecto
https://www.tecnoempleo.com/responsable-continuidad-tic-michael-page/azure-iso/rf-db65166c9264137f4742,Responsable Continuidad TIC,Michael Page,"['Azure', 'ISO', 'CRISC']","• Diseñar y gestionar planes de continuidad TIC.
• Reporting ejecutivo a nivel de Dirección y Regulador
• Identificar y evaluar riesgos tecnológicos que puedan ...",05/06/2026Zaragoza (Híbrido)Consultor
https://www.tecnoempleo.com/ingeniero-mantenimiento-mercedes-benz-michael-page/plc-siemens/rf-ba4f1d64b23693ea2c40,Ingeniero/a Mantenimiento (Mercedes-Benz),Michael Page,"['PLC', 'Siemens', 'step 7']","• Planificación Integral de Mantenimiento: Diseñar y ejecutar un plan detallado de mantenimiento preventivo y correctivo para los sistemas PLC en la nave de carrocería, ...",05/06/2026ÁlavaIngenieros/Industria
https://www.tecnoempleo.com/ingeniero-desarrollo-producto-page-personnel/microsoft-365-excel/rf-a1e813c7928e0371774f,Ingeniero desarrollo producto,Page Personnel,"['Microsoft 365', 'Excel', 'Word']","• Control, supervisión y seguimiento de todo el proceso productivo de la fabricación de baldosas cerámicas.
• Preparación y formulación de las mezclas y materias ...",05/06/2026Toledo (Presencial)Ingenieros/Industria
https://www.tecnoempleo.com/tecnico-electromecanico-page-personnel/gmao-sat/rf-80fa122c3227b3e0d94f,Técnico electromecánico,Page Personnel,"['GMAO', 'SAT']","Responsabilidades del Técnico electromecánico con Francés:

• Realizar el mantenimiento industrial y soporte técnico (SAT) de las instalaciones.
• Coordinar ...",05/06/2026BarcelonaIngenieros/Industria
https://www.tecnoempleo.com/ingeniero-procesos-hays/cpp-cqa/rf-b867192c82bc73416a47,Ingeniero/a de Procesos,HAYS,"['CPP', 'CQA', 'KPI']","Tu nueva empresa
Desde HAYS nos encontramos en búsqueda de un/a ingeniero/a de procesos para empresa farmacéutica, ubicada en el Vallés Occidental.

Tu nuevo puesto
Su ...",05/06/2026BarcelonaIngenieros/Industria
https://www.tecnoempleo.com/international-software-manager-michael-page/c/rf-2bde194642d143b74b49,International Software Manager,Michael Page,['C++'],"Perfil buscado (Hombre/Mujer)

• Liderar y desarrollar el equipo de ingenieros/as de software distribuidos en dos sub equipos.
• Impulsar procesos sólidos de ...",05/06/2026Valencia (Híbrido)Jefe de Equipo
https://www.tecnoempleo.com/desarrollador-angular-banca-grupo-digital/sonar-jenkins/rf-d1671bf922631344d741,Desarrollador/a Angular (Banca),Grupo Digital,"['angular', 'sonar', 'jenkins']","Descripción
Trabaja en un entorno tecnológico exigente dentro del sector bancario, con foco en calidad de código y automatización.
Proyecto estable donde podrás aplicar ...",05/06/2026100% remotoProgramador
https://www.tecnoempleo.com/it-project-manager-global-markets-gfr-technologies/project-manager/rf-f57314161208735d4745,IT Project Manager - Global Markets,GFR Technologies SE,['Project Manager'],"GFT es una compañía pionera en transformación digital. Diseñamos soluciones de negocio centradas en la inteligencia artificial (AI-Centric), modernizamos infraestructuras ...",05/06/2026MadridJefe de Proyecto
https://www.tecnoempleo.com/director-it-michael-page/erp-crm/rf-197f1ff5e23173023845,Director IT,Michael Page,"['ERP', 'CRM', 'SGA']","• Supervisar y gestionar el departamento de tecnología de la información.
• Definir y ejecutar la estrategia tecnológica alineada con los objetivos de la empresa...",05/06/2026Zaragoza (Presencial)Jefe de Proyecto48.000€ - 72.000€ b/a
https://www.tecnoempleo.com/agile-transformation-consultant-michael-page/agile/rf-048b138f8216d3ced645,Agile Transformation Consultant,Michael Page,['Agile'],"Perfil buscado (Hombre/Mujer)

• Liderarás la transformación ágil dentro de un programa estratégico de dos años, aportando visión, criterio y capacidad de influencia...",05/06/2026Madrid (Híbrido)Consultor42.000€ - 45.000€ b/a
https://www.tecnoempleo.com/senior-snowflake-engineer-remote-ust/snowpipe-rbac/rf-05301a92624be335fe43,Senior Snowflake Engineer - Remote,UST,"['snowflake', 'snowpipe', 'rbac']","We are still looking for the very Top Talent…and we would be delighted if you were to join our team!

More in details, UST is a multinational company based in North ...",05/06/2026Madrid (Híbrido)Big Data
https://www.tecnoempleo.com/ingeniero-instalaciones-termicas-page-personnel/autocad-revit/rf-6f3f115212daa38e8342,Ingeniero de Instalaciones térmicas,Page Personnel,"['AutoCAD', 'Revit']","FUNCIONES:

• Realización de planos de instalaciones térmicas mediante software técnico (AutoCAD, Revit, similar).
• Cálculo de cargas térmicas y dimensionamiento ...",05/06/2026MadridIngenieros/Industria
https://www.tecnoempleo.com/desarrollador-software-h-m-michael-page/net-react/rf-26d11aef925f23e8d94e,Desarrollador/a de Software (H/M),Michael Page,"['.NET', 'React', 'SQL Server']","• Desarrollar e implementar soluciones de software orientadas a la automatización de procesos industriales.
• Análisis y definición de la interconexión con el cliente...",05/06/2026Gipuzkoa (Presencial)Programador
https://www.tecnoempleo.com/desarrollador-ax-navision-michael-page/dynamics-ax-x/rf-b20a15b5b224e3459446,Desarrollador/a AX (Navision),Michael Page,"['Dynamics AX', 'Navision', 'X++']","• Diseñar, desarrollar y optimizar funcionalidades dentro de Microsoft Dynamics AX utilizando X++.
• Participar activamente en la evolución del ERP según los ...",05/06/2026100% remotoProgramador
https://www.tecnoempleo.com/php-backend-developer-hays/api-vue/rf-3c8b1d50826ee3d0f848,PHP Backend Developer,HAYS,"['PHP', 'API', 'Vue']","Tu nueva empresa Formarás parte de una empresa con más de 10 años de recorrido y Start-up.Con producto propio, en pleno crecimiento, donde podrás trabajar con codo a codo ...",05/06/2026Girona (Híbrido)Programador
https://www.tecnoempleo.com/devops-desarrollador-backend-gmv/java-spring-boot/rf-d5851ae3627b53c78d4d,DevOps y Desarrollador Backend,GMV,"['Java', 'Spring Boot', 'Git']","¿Buscas un sitio innovador y consolidado en el que desarrollarte profesionalmente? GMV somos un grupo tecnológico con amplia experiencia.
Estamos ampliando nuestros equipos...",05/06/2026Madrid (Híbrido)Programador
https://www.tecnoempleo.com/data-scientist-sector-financiero-page-personnel/python/rf-999013cf122c03523444,Data Scientist sector financiero,Page Personnel,"['Python', 'R']","Perfil buscado (Hombre/Mujer)

• Desarrollar y optimizar modelos de datos para la toma de decisiones estratégicas.
• Diseñar y ejecutar soluciones analíticas ...",05/06/2026Madrid (Híbrido)Big Data36.000€ - 45.000€ b/a
https://www.tecnoempleo.com/senior-data-engineer-cross-platform-analytics-ust/etl-sql/rf-7cac1ee81203b3870a4b,Senior Data Engineer (Cross Platform Analytics),UST,"['data', 'ETL', 'SQL']","¡Seguimos buscando talento…y nos encantaría que te unieras a nuestro equipo!

Para que nos conozcas algo mejor, UST es una multinacional norteamericana certificada como ...",05/06/2026100% remotoAnalista
https://www.tecnoempleo.com/ingeniero-algoritmia-navegacion-gmv/matlab-simulink/rf-ed59109c0281e390af41,Ingeniero/a de algoritmia de navegación,GMV,"['MATLAB', 'Simulink', 'C++']",¿Quieres enfrentarte a nuevos retos sin renunciar a la estabilidad que da un grupo tecnológico de amplia experiencia? En GMV estamos ampliando nuestros equipos en el sector ...,05/06/2026Madrid (Híbrido)Ingenieros/Industria
https://www.tecnoempleo.com/desarrollador-cloud-hays/google-cloud-platform-gcp/rf-6ae51b2002d223757140,Desarrollador Cloud,HAYS,"['Google Cloud Platform', 'GCP', 'Dataflow']","Desde HAYS estamos trabajando con una empresa española del sector tecnológico.

Estamos en la búsqueda de un/a Data Engineer especializado en GCP (Freelance) para ...",05/06/2026Madrid (Híbrido)Big Data
https://www.tecnoempleo.com/sap-ectr-consultant-michael-page/hana/rf-ec1a1bc8d2b303e92c4c,SAP ECTR Consultant,Michael Page,"['SAP', 'hana']","Perfil buscado (Hombre/Mujer)

• Implementación y soporte del módulo SAP ECTR en entorno S/4HANA.
• Integración entre SAP y sistemas CAD (ingeniería y diseño...",05/06/2026Barcelona (Híbrido)Consultor
https://www.tecnoempleo.com/data-business-analyst-tableau-sql-ust/bi/rf-32201e16b298d3c95a44,"Data Business Analyst Tableau, SQL",UST,"['sql', 'tableau', 'data']","We are still looking for the very Top Talent…and we would be delighted if you were to join our team!

More in details, UST is a multinational company based in North ...",05/06/2026Madrid (Híbrido)Analista
https://www.tecnoempleo.com/senior-data-consultant-michael-page/data/rf-31e4106bc28ef3dc1242,Senior Data Consultant,Michael Page,['data'],"Perfil buscado (Hombre/Mujer)

• Data Strategy Execution: Support the deployment of data strategies across the full lifecycle, from data collection and ingestion to ...",05/06/2026BarcelonaBig Data
https://www.tecnoempleo.com/tecnico-mecanico-hays/mecanica-industrial/rf-cc1a1effa25403f02546,Técnico/a Mecánico,HAYS,"['mecanica', 'industrial']","Desde Hays estamos colaborando con una empresa industrial sólida y en plena fase de crecimiento, con fuerte presencia en su sector. Buscamos incorporar un/a Técnico/a Mecá...",05/06/2026Murcia y otrasIngenieros/Industria
https://www.tecnoempleo.com/java-developer-actico-rules-ust/github-sql/rf-b6e01567524ba3511a4e,Java developer (Actico Rules),UST,"['java', 'github', 'sql']","We are looking for the very Top Talent…and we would be delighted if you were to join our team!

More in details, UST is a multinational company based in North America, ...",05/06/2026Madrid (Híbrido)Programador
https://www.tecnoempleo.com/global-pmo-lead-michael-page/agile/rf-e13f19886257437d1044,GLOBAL PMO LEAD,Michael Page,['agile'],"• Planificar, ejecutar y supervisar programas tecnológicos en el sector ingeniería
• Gestionar equipos multidisciplinares para garantizar la correcta ejecución de los ...",05/06/2026Madrid (Presencial)Jefe de Proyecto72.000€ - 90.000€ b/a
https://www.tecnoempleo.com/fullstack-developer-java-angular-michael-page/java/rf-14a6169e329ad3d2bb44,Fullstack developer (Java + Angular),Michael Page,"['Java', 'Angular']","Perfil buscado (Hombre/Mujer)

• Diseñar y desarrollar aplicaciones web utilizando Java y Angular como tecnologías principales.
• Colaborar con equipos ...",05/06/2026ZaragozaProgramador
https://www.tecnoempleo.com/it-business-analyst-procesos-compra-michael-page/sap-hana/rf-b0961b0a52eed3e83c4f,IT Business Analyst (procesos de compra),Michael Page,"['SAP', 'hana', 'abap']","Perfil buscado (Hombre/Mujer)

Act as a technical owner in the area of Purchasing and MDM, ensure understanding of end-to-end business processes and facilitate the ...",05/06/2026Barcelona (Híbrido)Analista
https://www.tecnoempleo.com/senior-data-engineer-cross-platform-analytics-ust/etl-sql/rf-d2641f40a25773add94c,Senior Data Engineer (Cross Platform Analytics),UST,"['data', 'ETL', 'SQL']","¡Seguimos buscando talento…y nos encantaría que te unieras a nuestro equipo!

Para que nos conozcas algo mejor, UST es una multinacional norteamericana certificada como ...",05/06/2026100% remotoBig Data
https://www.tecnoempleo.com/it-architect-it-solutions-architect-michael-page/apis-microservicios/rf-588d1880920493511544,IT Architect / IT Solutions Architect:,Michael Page,"['APIs', 'Microservicios', 'Cloud']","Definir y mantener la arquitectura de soluciones IT para proyectos locales y regionales, garantizando coherencia, escalabilidad, seguridad y sostenibilidad tecnológica.
...",05/06/2026GipuzkoaArquitecto TIC
https://www.tecnoempleo.com/ingeniero-caminos-jefe-obra-jr-page-personnel/ingenieria/rf-117e1da9023093dd274a,Ingeniero de Caminos / Jefe de Obra Jr,Page Personnel,['ingenieria'],"Perfil buscado (Hombre/Mujer)

Dentro del programa de mentoring:

• Apoyo en la planificación y ejecución de obras (preparación de cronogramas y organización de ...",05/06/2026MadridIngenieros/Industria33.000€ - 42.000€ b/a
https://www.tecnoempleo.com/desarrollador-c-grupo-digital/c-firmware/rf-4ac215cb929bd3c26644,Desarrollador/a C++,Grupo Digital,"['C++', 'firmware', 'testing']","Descripción
Únete a un proyecto tecnológico con impacto real en sistemas de transporte.
 Trabajarás en el desarrollo de software para sistemas de validación y acceso, ...",05/06/2026Madrid (Híbrido)Programador
https://www.tecnoempleo.com/sap-consultant-michael-page/hana/rf-aa391cd2b2dd43c5d648,SAP Consultant,Michael Page,"['SAP', 'hana']","Perfil buscado (Hombre/Mujer)

• Implementar y configurar módulos SAP según los requerimientos específicos del negocio.
• Colaborar con los equipos internos para ...",05/06/2026GironaConsultor
https://www.tecnoempleo.com/responsable-tecnico-sat-michael-page/hvac/rf-1f1c17aaf2fb03856743,Responsable Técnico/a (SAT),Michael Page,['HVAC'],"• Proporcionar soporte telefónico a instaladores para resolver incidencias de instalación, averías y mantenimiento.
• Impartir formaciones sobre productos a ...",05/06/2026BarcelonaIngenieros/Industria
https://www.tecnoempleo.com/java-developer-remote-ust/spring-boot-api/rf-61441516d28af32d634d,Java Developer - Remote,UST,"['spring boot', 'java', 'api']","¡Seguimos buscando talento…y nos encantaría que te unieras a nuestro equipo!

Para que nos conozcas algo mejor, UST es una multinacional norteamericana certificada como ...",05/06/2026Madrid (Híbrido)Programador
https://www.tecnoempleo.com/python-developer-michael-page/automatizacion-qa/rf-846317dd826363874d46,Python Developer,Michael Page,"['Python', 'automatizacion', 'QA']","Perfil buscado (Hombre/Mujer)

•  Diseñar, desarrollar y mantener scripts y frameworks de automatización de pruebas en Python.
Automatizar casos de prueba manuales ...",05/06/2026Madrid (Híbrido)Programador30.000€ - 42.000€ b/a
https://www.tecnoempleo.com/it-support-eng-i-ons-amazon/windows-mac/rf-e98e18b8d2b4a3150d48,IT Support Eng I (ONS),Amazon,"['Windows', 'Mac', 'Linux']","Are you passionate about solving technical challenges and helping people? Do you thrive in a dynamic, high-impact environment? Join Amazon´s IT Services team as an ITS ...",05/06/2026MadridRedes
https://www.tecnoempleo.com/jefe-proyecto-michael-page/ms-project-primavera/rf-9b81157f027333dbd141,Jefe/a de Proyecto,Michael Page,"['MS Project', 'Primavera']","Perfil buscado (Hombre/Mujer)

• Planificar, coordinar y supervisar la ejecución de proyectos industriales.
• Definir alcance, cronograma, presupuesto y recursos ...",05/06/2026SevillaIngenieros/Industria
https://www.tecnoempleo.com/ingeniero-software-python-gmv/fortran-javascript/rf-5532130f6266f3793a44,Ingeniero/a Software de Python,GMV,"['Python', 'Fortran', 'JavaScript']",Si siempre soñaste con viajar a la Luna pero eres de los que se marea en las curvas… ¡Tu sitio está con nosotros! 🚀En GMV seguimos ampliando nuestros equipos del ...,05/06/2026Madrid (Híbrido)Ingenieros/Industria
https://www.tecnoempleo.com/programador-java-springboot-ingles-alto-grupo-digi/kafka/rf-fde91834d2c333863b4f,Programador/a Java Springboot (Ingles alto),Grupo Digital,"['java', 'spring', 'kafka']","Descripción
Participa en el desarrollo de soluciones backend con Java 17 y Spring Boot 3.
Proyecto estable, con tecnologías modernas y arquitectura orientada a eventos.

...",05/06/2026100% remotoProgramador
https://www.tecnoempleo.com/desarrollador-senior-net-angular-react-gmv/net-web-services/rf-025e1f73b2dd63d24545,"Desarrollador Senior (.NET, Angular/React)",GMV,"['.NET', 'Angular', 'React']",¿Buscas un sitio innovador y consolidado en el que desarrollarte profesionalmente? GMV somos un grupo tecnológico con amplia experiencia y estamos ampliando nuestros equipos...,05/06/2026Madrid (Híbrido)Analista Programador
https://www.tecnoempleo.com/desarrollador-backend-gmv/java-python/rf-67591579a2cd83182e4e,Desarrollador/a backend,GMV,"['Java', 'Python', 'C++']",Si piensas que tu compañero de trabajo perfecto sería R2D2… ¡Tu sitio está con nosotros! Estamos ampliando nuestros equipos en el sector Espacio para asumir proyectos ...,05/06/2026Madrid (Híbrido)Programador
https://www.tecnoempleo.com/tecnico-mantenimiento-michael-page/mecanica-neumatica/rf-ba67115d329d43783b43,Tecnico/a mantenimiento,Michael Page,"['mecánica', 'neumática']","• Realizar mantenimiento preventivo y correctivo de las máquinas industriales en las instalaciones de Zaragoza.
• Diagnosticar y solucionar averías en sistemas mecá...",05/06/2026Zaragoza (Presencial)Técnico de Mantenimiento
https://www.tecnoempleo.com/personal-tecnico-purple-team-ciberseguridad-cajama/mitre-att-ck-siem/rf-185c1f05f22933deb245,Personal Técnico - Purple Team (Ciberseguridad),Cajamar Tecnología,"['Mitre Att&ck', 'SIEM', 'XSIAM']","¿Quiénes somos? 
 
Cajamar Tecnología A.I.E. es una empresa de Grupo Cajamar conformada por más de 300 profesionales y cuya actividad principal se centra en, IA generativa...",05/06/2026Almería (Híbrido) y otrasCiberseguridad
https://www.tecnoempleo.com/teleoperador-retenciones-con-holandes-sosmatic/office-crm/rf-82001ad6620953c3d84d,Teleoperador/a (retenciones) con holandés,Sosmatic,"['Office', 'crm']","Se requiere teleoperador/a para el área de Retenciones y Fidelización. Buscamos una persona con habilidades en retención de clientes y enfoque en venta consultiva, capaz de...",05/06/2026Barcelona (Híbrido) y otrasComercial21.000€ - 24.000€ b/a
https://www.tecnoempleo.com/tecnico-medio-ambiente-sistemas-mediambientales-sm/cadnaa-iso-14001/rf-f8811d18424f13574f45,Técnico/a de Medio Ambiente,Sistemas Mediambientales - SM,"['CadnaA', 'ISO 14001', 'SIG']","¿Te gustaría participar en proyectos ambientales vinculados al entorno aeroportuario y trabajar en iniciativas reales de sostenibilidad, vigilancia ambiental y control acú...",05/06/2026MadridIngenieros/Industria18.000€ - 21.000€ b/a
https://www.tecnoempleo.com/cyber-digital-forensics-incident-santander/ciberseguridad-siem/rf-58a21f5b62358332d943,Cyber - Digital Forensics & Incident,Santander,"['ciberseguridad', 'SIEM', 'Splunk']","Cyber - Digital Forensics & Incident Response Analyst (DFIR) - SDS

Country: Spain

ES EL MOMENTO

Santander (www.santander.com) está evolucionando de una marca global ...",04/06/2026MadridCiberseguridad
https://www.tecnoempleo.com/sap-abap-senior-ey/sap/rf-605a1342a2ca43b83b44,SAP ABAP Senior,EY,"['SAP', 'ABAP']","SAP Senior ABAP - EY GDS Spain - Hybrid 

The opportunity

You´ll be working using the best practices of SAP development & integration. The idea is to deliver business ...",04/06/2026MálagaProgramador
https://www.tecnoempleo.com/sap-s-4-hana-programmer-plexus/sap/rf-57011943c20d73c0144b,SAP S/4 HANA Programmer,Plexus,"['sap', 'hana']","Details

Join Plexus Tech. We´re looking for a SAP S/$HANA developer to join us on a large, stable project.
 
Requirements:
 
  - Experience with SAP S/4HANA (5+ years ...",04/06/2026MadridProgramador
https://www.tecnoempleo.com/senior-ai-platform-backend-engineer-llm-epam/python-fastapi/rf-0de3106832ba13740a48,Senior AI Platform Backend Engineer (LLM),EPAM,"['Python', 'FastAPI', 'GitHub Actions']","We are seeking a talented and proactive Senior AI Platform Backend Engineer (LLM) to lead the design, optimization and deployment of machine learning pipelines using MLOps in ...",04/06/2026MadridDevOps
https://www.tecnoempleo.com/asistente-direccion-perfil-tecnico-hays/net/rf-90a61b3e223a33979d48,Asistente de Dirección Perfil Técnico,HAYS,['.NET'],"Desde HAYS estamos en búsqueda de un Asistente de Dirección con Perfil Técnico (.Net) con un perfil mixto técnico y de apoyo a dirección, capaz de desenvolverse tanto en ...",04/06/2026BizkaiaTécnico de Gestión
https://www.tecnoempleo.com/tecnico-instalador-alarmas-grupo-sermicro/alarmas/rf-295e17724269c3dbff40,Técnico/a Instalador de Alarmas,Grupo Sermicro,['alarmas'],"¡Te invitamos a formar parte de nuestro equipo!
Actualmente estamos buscando un Técnico/a Instalador de Alarmas para trabajar en un servicio para grandes empresas.
Te ...",04/06/2026León (Presencial)Técnico de MantenimientoContrato obra o servicio
https://www.tecnoempleo.com/tiktok-shop-growth-manager-high-sky/tiktok-shop-shopify/rf-419414999222e36c6e4b,TikTok Shop Growth Manager,High Sky,"['TikTok Shop', 'Shopify', 'Amazon']",Estamos buscando un/a TikTok Shop Growth Manager proactivo/a y orientado/a a resultados comerciales para escalar las ventas de productos a través de contenido generado con IA...,04/06/2026100% remotoMarketing2.400€ - 6.000€ b/m
https://www.tecnoempleo.com/especialista-en-sem-seo-social-media-strategy-the-/google-ads-meta-busines/rf-cbde1071a29b03ee1640,"Especialista en SEM, SEO y Social Media Strategy",The Last Dock,"['Google Ads', 'Meta Business Suite', 'TikTok Ads']",En The Last Dock buscamos un perfil polivalente para nuestra sede en Bilbao. Buscamos a alguien que combine la precisión técnica de un analista de datos con la visión ...,04/06/2026Bizkaia (Híbrido)Marketing24.000€ - 27.000€ b/a
https://www.tecnoempleo.com/soporte-helpdesk-cau-24-7-discapacidad-quental/windows-itil/rf-d3e31eaa52e9f3c86a40,Soporte helpdesk CAU 24*7 Discapacidad,Quental,"['windows', 'itil', 'remedy']","¿Eres una persona a la que le gusta afrontar nuevos retos profesionales y buscas continuar desarrollando tu carrera en el ámbito de soporte en la Administración Pública?

...",04/06/2026Madrid (Presencial)Helpdesk16.000€ - 16.000€ b/a
https://www.tecnoempleo.com/desarrollador-web-wordpress-con-conocimientos-seo-/html-css/rf-b8c819b342378350a64e,Desarrollador Web WordPress con conocimientos SEO,INMOFINAN,"['Wordpress', 'HTML', 'CSS']",Buscamos un/a desarrollador/a web especializado/a en WordPress para unirse a nuestro equipo en una empresa del sector financiero. La persona seleccionada será responsable de ...,04/06/2026MadridDesarrollador WebJornada media jornadaContrato freelance/autónomo
https://www.tecnoempleo.com/ingeniero-mecanico-instaladora-page-personnel/autocad-office/rf-088f1bc302f5e3e24448,Ingeniero Mecánico - Instaladora,Page Personnel,"['AutoCAD', 'Office']","La persona que se incorpore como ingeniero mecánico realizará las siguientes funciones:

Gestión de proyectos en instalaciones mecánicas, contrataciones, control de ...",04/06/2026MadridIngenieros/Industria
https://www.tecnoempleo.com/senior-data-ai-consultant-epam/azure-gcp/rf-1c071f7bd2ad8365904d,Senior Data & AI Consultant,EPAM,"['Data', 'AI', 'Azure']",Are you a forward-thinking professional with a strong background in Data and AI? Join as a Data & AI Consultant in the Consumer & Retail practice and bridge the gap between ...,04/06/2026MadridBig Data
https://www.tecnoempleo.com/ingeniero-sistemas-gmv/satcom-iris/rf-8aab1db1f275d391db45,Ingeniero/a de Sistemas,GMV,"['SatCom', 'IRIS']",Si piensas que tu compañero de trabajo perfecto sería R2D2… ¡Tu sitio está con nosotros! Estamos ampliando nuestros equipos en el sector espacio para asumir proyectos de...,04/06/2026Madrid (Híbrido)Ingenieros/Industria
https://www.tecnoempleo.com/tecnico-soporte-on-site-n1-n2-michael-page/hardware-software/rf-cd991bf4924b43cb4f4d,Técnico/a de Soporte On‑Site (N1/N2),Michael Page,"['hardware', 'software', 'PC']","Soporte al usuario y atención presencial

• Atención directa a usuarios finales para resolver incidencias de hardware y software.
• Instalación, configuración y ...",04/06/2026Barcelona (Presencial)Soporte Técnico21.000€ - 27.000€ b/a
https://www.tecnoempleo.com/fullstack-developer-php-h-m-michael-page/sql-cakephp/rf-8d1815d4e202332fe048,Fullstack Developer PHP (h/m),Michael Page,"['PHP', 'SQL', 'CakePHP']","Perfil buscado (Hombre/Mujer)

A. Mantenimiento y soporte. Operativa. (Run):

• Atender incidencias de producción: análisis, contención, fix, despliegue,verificación...",04/06/2026PontevedraProgramador
https://www.tecnoempleo.com/software-engineer-java-sector-bancario-knowmad-moo/spring/rf-becf1a7402e763f9ff41,Software Engineer Java - Sector Bancario,knowmad mood,"['java', 'spring']","We are knowmad mood! 

 Somos una compañía líder en transformación digital, en constante evolución y a la vanguardia de la tecnología. 

 Formado por más de 3.000 ...",04/06/2026100% remotoProgramador
https://www.tecnoempleo.com/pentester-senior-gmv/pentesting-waf/rf-28e01911b29603eef34a,Pentester senior,GMV,"['pentesting', 'WAF', 'Active Directory']","¿Quieres participar en análisis avanzados de seguridad ofensiva? ¡El equipo de auditorías técnicas de GMV te está buscando! Nos gusta ir al grano, te vamos a contar lo ...",04/06/2026Madrid (Híbrido)Ciberseguridad
https://www.tecnoempleo.com/administrador-sistemas-michael-page/office-365-active-directory/rf-fe191620023673f70a4d,Administrador de Sistemas,Michael Page,"['Office 365', 'Active Directory']","Perfil buscado (Hombre/Mujer)

• Administración y mantenimiento de Windows Server (versiones actuales).
• Gestión de Office 365 y Active Directory (creación de ...",04/06/2026Barcelona (Híbrido)Técnico de Sistemas
https://www.tecnoempleo.com/ingeniero-software-python-flight-dynamics-gmv/fortran-javascript/rf-ad631841325933388b47,Ingeniero/a Software - Python Flight Dynamics,GMV,"['Python', 'Fortran', 'JavaScript']",Si siempre soñaste con viajar a la Luna pero eres de los que se marea en las curvas… ¡Tu sitio está con nosotros! 🚀En GMV seguimos ampliando nuestros equipos del ...,04/06/2026Madrid (Híbrido)Analista Programador
https://www.tecnoempleo.com/disenador-producto-page-personnel/photoshop-illustrator/rf-b3971b4e821ee383e441,Diseñador/a producto,Page Personnel,"['Photoshop', 'Illustrator', 'AutoCAD']","• Adaptación de gráficas y diseños para su desarrollo en planta.
• Propuesta y creación de nuevos productos cerámicos siguiendo las últimas tendencias del sector...",04/06/2026Toledo (Presencial)Diseño gráfico
https://www.tecnoempleo.com/data-engineer-snowflake-aubay/sql-sap-iq/rf-7a5e15851229a3108f4e,Data Engineer - Snowflake,Aubay,"['SQL', 'Snowflake', 'SAP IQ']","Funciones

¿Quiénes somos?
Aubay es una multinacional europea de consultoría IT, creada en 1997, cotizada en bolsa (EURONEXT: AUB), con más de 7.500 profesionales y ...",04/06/2026100% remotoBig Data
https://www.tecnoempleo.com/technical-leader-for-govsatcom-gmv/telecomunicaciones-ciberseguridad/rf-49351d0ed2394380cd40,Technical Leader for GOVSATCOM,GMV,"['GOVSATCOM', 'Telecomunicaciones', 'Ciberseguridad']",¿Quieres liderar un proyecto de vanguardia en el sector de las comunicaciones por satélite? ¿Te motiva la idea de trabajar en un programa clave para la soberanía y ...,04/06/2026Madrid (Híbrido)Consultor
https://www.tecnoempleo.com/ingeniero-devops-gmv/ci-cd-docker/rf-25ee18c6022da30b1d4e,Ingeniero/a DevOps,GMV,"['CI/CD', 'Docker', 'Python']",¿Buscas un sitio innovador y consolidado en el que desarrollarte profesionalmente? GMV somos un grupo tecnológico con amplia experiencia. Estamos ampliando nuestros equipos ...,04/06/2026Madrid (Híbrido)DevOps
https://www.tecnoempleo.com/service-manager-soc-cert-gmv/siem-splunk/rf-f84c17b182e0e37f064d,Service Manager SOC/CERT,GMV,"['SIEM', 'Splunk', 'QRadar']",¿Te apasiona la ciberseguridad y quieres liderar proyectos relacionados con la detección y respuesta ante incidentes? ¡El equipo de ciberseguridad de GMV te está buscando...,04/06/2026Valladolid (Híbrido) y otrasJefe de Proyecto
https://www.tecnoempleo.com/experto-kafka-devops-sopra-steria/apigee-rest/rf-67fe19fe823a13dd914f,Experto Kafka + DevOps,Sopra Steria,"['Kafka', 'Apigee', 'REST']","Descripción de la empresa

Porque trabajar en Sopra Steria, también es sentir Sopra Steria.

Somos un reconocido líder europeo en consultoría, servicios digitales y ...",04/06/2026MadridDevOps
https://www.tecnoempleo.com/ai-voicebot-adoption-expert-santander/generative-ai-llm/rf-8a541b0a9283e326a04b,AI Voicebot Adoption Expert,Santander,"['Generative AI', 'LLM', 'Dialogflow']","AI Voicebot Adoption Expert

Country: Spain

IT STARTS HERE

Santander (www.santander.com) is evolving from a global, high-impact brand into a technology-driven ...",03/06/2026BarcelonaInteligencia Artificial/Machine Learning
https://www.tecnoempleo.com/qs-software-tester-automatizacion-cib-labs/jira-kiwi/rf-0d1c18d2e2cf03fca845,QS & Software Tester (Automatización),CIB labs,"['Jira', 'Kiwi', 'Selenium']","¿Tienes una mente analítica, eres consciente de la calidad y te gusta la tecnología? 

¡Entonces únete a nuestro equipo! Te buscamos como QA y Software Tester con ...",03/06/2026100% remotoTester/QA
https://www.tecnoempleo.com/personal-administrativo-cib-labs/microsoft-office/rf-b67e10d78294b368c241,Personal administrativo,CIB labs,['Microsoft Office'],En CIB somos expertos en digitalización y automatización con inteligencia artificial. Nuestra misión es liberar a las empresas y administraciones de las tareas tediosas del...,03/06/2026Valencia (Presencial) y otrasAdministrativo
https://www.tecnoempleo.com/tecnico-micro-grupo-sermicro/ticketing-windows/rf-21cf1e24226783617b48,Técnico/a micro,Grupo Sermicro,"['TICKETING', 'WINDOWS', 'O365']","Descripción de la oferta de empleo
Grupo Sermicro somos una empresa Integradora de referencia en Soluciones y Servicios TIC con más de 35 años de experiencia y una amplia ...",03/06/2026Madrid (Presencial)Soporte Técnico
https://www.tecnoempleo.com/desarrollador-full-stack-java-cib-labs/bootstrap-html5/rf-e4b91112e2e1a304c34c,Desarrollador/a Full Stack Java,CIB labs,"['java', 'Bootstrap', 'HTML5']",En CIB somos expertos en digitalización y automatización con inteligencia artificial. Nuestra misión es liberar a las empresas y administraciones de las tareas tediosas del...,03/06/2026100% remotoAnalista Programador
https://www.tecnoempleo.com/power-bi-analist-and-developers-dax-michael-page/power-bi-rls/rf-183a1f2e027c93b4ce4e,Power BI Analist and Developers - DAX,Michael Page,"['Power BI', 'DAX', 'RLS']","• Recopilación de requisitos, análisis de procesos y traducción funcional.
• Experiencia escribiendo user stories, criterios de aceptación y especificaciones ...",03/06/2026Madrid (Híbrido)Analista
https://www.tecnoempleo.com/analistas-programadores-net-java-back-devoteam/net-postgresql/rf-4b4e1b5552c453a08944,Analistas Programadores .NET / Java Back,Devoteam,"['.net', 'java', 'PostgreSQL']","Descripción de la empresa

Devoteam es una consultora europea líder enfocada en estrategia digital, plataformas
tecnológicas, ciberseguridad y transformación ...",03/06/2026100% remotoAnalista Programador
https://www.tecnoempleo.com/formador-tecnico-maquinaria-industrial-page-person/lms-can-bus/rf-82d612c33290a33f574c,Formador técnico maquinaria industrial,Page Personnel,"['LMS', 'CAN BUS', 'LIN']","• Adaptar e impartir programas de formación técnica utilizando los materiales oficiales del Grupo Manitou para distribuidores, clientes y personal interno.
• Actuar ...",03/06/2026MadridFormador33.000€ - 42.000€ b/a
https://www.tecnoempleo.com/responsable-tecnico-software-java-indra/angular/rf-2fe11b1452e6c34ac542,Responsable Técnico de Software Java,Indra,"['Angular', 'Java']","En Indra impulsamos la digitalización del transporte para lograr una movilidad más sostenible, segura y accesible. Si te motivan los proyectos con impacto real en la ...",03/06/2026Madrid (Híbrido)Jefe de Equipo
https://www.tecnoempleo.com/tecnico-electromecanico-page-personnel/mecanica-neumatica/rf-77ae10aa52f553fd7f4f,Técnico/a electromecánico,Page Personnel,"['mecánica', 'neumática', 'hidráulica']","• Ejecutar reparaciones y actualizaciones en sistemas de accionamiento, incluyendo su puesta en marcha.
• Realizar mantenimiento preventivo y correctivo, así como ...",02/06/2026Las PalmasIngenieros/Industria21.000€ - 27.000€ b/a
https://www.tecnoempleo.com/consultor-normativa-ciberseguridad-gmv/iso-27001-ens/rf-97cc1e7a629fc36a1043,Consultor/a Normativa Ciberseguridad,GMV,"['ISO 27001', 'ENS']","Si aspiras a ser Neo, pero es la realidad la que te supera a ti…. ¡Tu sitio está con nosotros!En GMV te unirás a un equipo de expertos en ciberseguridad que lidera ...",02/06/2026Madrid (Híbrido)Ciberseguridad
https://www.tecnoempleo.com/tecnico-micro-grupo-sermicro/microinformatica/rf-dc3b1090b2dea3576842,Técnico/a micro,Grupo Sermicro,['microinformatica'],Grupo Sermicro es una empresa de referencia de Soluciones y Servicios TIC que ayuda a las empresas a desplegar su estrategia de negocio mediante un uso eficiente e innovador ...,02/06/2026MadridSoporte TécnicoJornada media jornada
https://www.tecnoempleo.com/tecnico-informatico-turnos-con-ingles-quental/vmware-sql/rf-056a1efab2c3034ae541,Técnico informático turnos con inglés,Quental,"['vmware', 'SQL', 'windows']","¿Eres una persona que le guste afrontar un nuevo reto profesional y buscas continuar desarrollando tu carrera profesional en un entorno creativo y puntero? 

Estamos ...",02/06/2026Álava (Presencial)Técnico de Sistemas21.000€ - 27.000€ b/a
https://www.tecnoempleo.com/asesor-comercial-junior-f24-servicios-comunicacion/salesforce-excel/rf-f2441124a28d93eb814c,Asesor Comercial Junior,F24 Servicios De Comunicación,"['SalesForce', 'Excel', 'Word']","Tus responsabilidades
-Durante tus primeros meses en F24, serás responsable de la captación de nuevos clientes, con el objetivo de desarrollar redes comerciales y contribuir...",02/06/2026Madrid (Presencial)Comercial
https://www.tecnoempleo.com/senior-systems-engineer-pipeline-architect-serena/networking-vpn/rf-611315e8a23f43e16147,Senior Systems Engineer / Pipeline Architect ,Serena,"['Networking', 'VPN', 'Firewall']","En Serena, no solo hacemos postproducción. Creamos experiencias visuales de alto nivel. Como Sénior Systems Engineer, serás la columna vertebral técnica de nuestro estudio...",02/06/2026Madrid (Presencial)Técnico Hardware
https://www.tecnoempleo.com/ai-specialist-task-automation-santander/genai-python/rf-433e1feb824383670c4d,AI Specialist - Task Automation,Santander,"['GenAI', 'Python', 'TensorFlow']","AI Specialist - Task Automation

Country: Spain

IT STARTS HERE

WHY YOU SHOULD CONSIDER THIS OPPORTUNITY

Santander (www.santander.com) is evolving from a global, ...",02/06/2026TarragonaInteligencia Artificial/Machine Learning
https://www.tecnoempleo.com/ingeniero-industrializacion-automocion-page-person/amfe-rfq/rf-ca98149bd280a32cd648,Ingeniero/a industrialización - Automoción,Page Personnel,"['AMFE', 'RFQ', 'ingenieria']","Ser la persona responsable de diseñar el layout, definir el pliego de condiciones y liderar la industrialización de las piezas asignadas, garantizando plazos, inversiones y ...",02/06/2026BarcelonaIngenieros/Industria
https://www.tecnoempleo.com/frontend-react-senior-knowmad-mood/html-typescript/rf-f3d51bb8927b53a43b4f,Frontend React Senior,knowmad mood,"['react', 'HTML', 'TypeScript']","Únete a nuestro equipo como Frontend React Seniory forma parte de un entorno tecnológico, innovador, colaborativo y en constante evolución.

¿Qué valoramos?

 ...",02/06/2026Sevilla (Híbrido)Programador
https://www.tecnoempleo.com/ingeniero-antenas-ground-segment-gmv/rf-ecss/rf-26411ea4e2d7732ea840,Ingeniero/a de antenas ground segment,GMV,"['RF', 'ECSS']",¿Quieres liderar un equipo consolidado y enfrentarte a nuevos retos? GMV somos un grupo tecnológico con amplia experiencia. Estamos ampliando nuestros equipos en el sector ...,02/06/2026Madrid (Híbrido)Ingenieros/Industria
https://www.tecnoempleo.com/especialista-soporte-it-data-center-michael-page/tcp-ip-rac/rf-94d01c6ba27c43f17d41,Especialista Soporte IT Data Center,Michael Page,"['TCP/IP', 'RAC', 'Hardware']","* Interactuarás con los distintos stakeholders en España y en toda la región EMEA, por lo que es esencial tener dominio tanto del español como del inglés.

* Trabajará...",02/06/2026Huesca (Presencial)Soporte Técnico30.000€ - 42.000€ b/aContrato temporal
https://www.tecnoempleo.com/tecnico-senior-mantenimiento-michael-page/automatizacion-electricidad/rf-50391de9f2b063d42546,Técnico Senior de Mantenimiento,Michael Page,"['Automatización', 'Electricidad', 'Mecánica']","El/la Ingeniero/a de Mantenimiento actuará como mano derecha del Responsable de Mantenimiento, asegurando la disponibilidad, fiabilidad y rendimiento óptimo de las líneas ...",02/06/2026MadridIngenieros/Industria
https://www.tecnoempleo.com/cloud-security-automation-engineer-santander/python-aws/rf-29631d8a324853403844,Cloud Security Automation engineer,Santander,"['Python', 'AWS', 'CloudFormation']","CLOUD SECURITY AUTOMATION ENGINEER - ODS

Country: Spain

Open Digital Services is the software development company of Santander Group powering the next generation of ...",02/06/2026MadridDevOps
https://www.tecnoempleo.com/ia-software-engineer-aubay/python-react/rf-74d018f302cf532b184f,IA Software Engineer,Aubay,"['Python', 'React', 'LLMs']","Funciones

- Diseñar y desarrollar servicios backend escalables en Python, integrados con LLMs, arquitecturas agenticas y soluciones de procesamiento documental.
- ...",02/06/2026Barcelona (Híbrido)Inteligencia Artificial/Machine Learning
https://www.tecnoempleo.com/software-developer-java-react-baoss/spring-rest/rf-f7bf197a52ed133eb542,Software Developer Java y React,Baoss,"['Java', 'React', 'Spring']","Buscamos Software Developer JAVA & REACT para incorporarse a un proyecto internacional de larga duración en entorno tecnológico avanzado.


🔹 Nivel de inglés B2 o ...",02/06/2026Sevilla y otrasProgramador
https://www.tecnoempleo.com/senior-software-engineer-java-bitpanda/spring-kafka/rf-534a13b0d23773b48041,Senior Software Engineer Java,Bitpanda,"['Java', 'Spring', 'Kafka']","Who we are 

We simplify wealth creation. Founded in 2014 in Vienna, Austria by Eric Demuth, Paul Klanschek and Christian Trummer, we´re here to help people trust ...",01/06/2026BarcelonaProgramador
https://www.tecnoempleo.com/senior-software-engineer-angular-bitpanda/typescript/rf-803f19199211c3d07245,"Senior Software Engineer, Angular",Bitpanda,"['angular', 'TypeScript']","Who we are 

We simplify wealth creation. Founded in 2014 in Vienna, Austria by Eric Demuth, Paul Klanschek and Christian Trummer, we´re here to help people trust ...",01/06/2026Barcelona (Híbrido)Programador
https://www.tecnoempleo.com/software-engineer-java-opshub-bitpanda/spring/rf-b1f01cf652c4635c4f4d,"Software Engineer, Java (OpsHub)",Bitpanda,"['java', 'spring']","Who we are 

We simplify wealth creation. Founded in 2014 in Vienna, Austria by Eric Demuth, Paul Klanschek and Christian Trummer, we´re here to help people trust ...",01/06/2026Barcelona (Híbrido)Programador
https://www.tecnoempleo.com/devops-engineer-bitpanda/aws-argocd/rf-18f61e5a62ceb39f954e,DevOps Engineer,Bitpanda,"['AWS', 'ArgoCD', 'Docker']","Who we are 

We simplify wealth creation. Founded in 2014 in Vienna, Austria by Eric Demuth, Paul Klanschek and Christian Trummer, we´re here to help people trust ...",01/06/2026BarcelonaDevOps
https://www.tecnoempleo.com/sap-fi-ap-consultant-m-f-d-basf/s-4hana-sap-fi/rf-e26c1b9d12c833092a4b,SAP FI-AP Consultant (m/f/d),BASF,"['SAP', 'S/4HANA', 'SAP FI']","TE DAMOS LA BIENVENIDA A BASF

Como una de las empresas líderes del sector a escala mundial, BASF Coatings Española S.L., desarrolla y fabrica pinturas para los sectores ...",01/06/2026100% remotoConsultor
https://www.tecnoempleo.com/especialista-soc-data-analytics-siem-baoss/xdr-xsiam-sentinel/rf-77c316720218033a4c4e,Especialista SOC - Data/Analytics/SIEM,Baoss,"['SIEM', 'XDR XSIAM', 'Sentinel']","Buscamos un/a especialista en transformación de SOC con fuerte enfoque en automatización, analítica avanzada e inteligencia artificial aplicada a la detección de amenazas...",01/06/2026Madrid y otrasAnalista
https://www.tecnoempleo.com/especialista-automatizacion-python-powerapps-baoss/automatizacion/rf-2c4a19f062d1530b3345,"Especialista - Automatización, Python, PowerApps",Baoss,"['Automatizacion', 'Python', 'PowerApps']","Buscamos profesional con experiencia en automatización de procesos y desarrollo de soluciones internas. La persona seleccionada trabajará con macros, Python y PowerApps, ...",01/06/2026Madrid y otrasConsultor
https://www.tecnoempleo.com/consultor-iso-iec-27001-redes-iam-cloud-baoss/iso-iec-27001-ens/rf-962e154602ebf3c63947,"Consultor/a - ISO/IEC 27001, Redes, IAM, Cloud.",Baoss,"['ISO/IEC 27001', 'ENS', 'Redes']","Buscamos Consultor/a de Seguridad de la Información para incorporarse a un proyecto estratégico orientado a la gestión y evolución transversal de la seguridad, con foco ...",01/06/2026Madrid y otrasAnalista
https://www.tecnoempleo.com/tecnico-sistemas-grupo-sermicro/microsoft-server-vmware/rf-708b1fc092f563a41448,Técnico/a Sistemas,Grupo Sermicro,"['Microsoft server', 'VMware', 'Jira']",Grupo Sermicro es una empresa de referencia de Soluciones y Servicios TIC que ayuda a las empresas a desplegar su estrategia de negocio mediante un uso eficiente e innovador ...,01/06/2026Madrid (Híbrido)Técnico de Sistemas
https://www.tecnoempleo.com/responsable-oficina-tecnica-mecanica-michael-page/robotica-hidraulica/rf-942a1e76b2e393d1d44b,Responsable Oficina Técnica Mecánica,Michael Page,"['Robótica', 'Hidráulica', 'Neumática']","• Asignar máquinas o estudios al personal de la oficina técnica para su ejecución.
• Supervisar y asesorar sobre nuevos estudios solicitados por la dirección técnica...",01/06/2026ValenciaIngenieros/Industria
https://www.tecnoempleo.com/ingeniero-procesos-automocion-page-personnel/lean-pfmea/rf-075912caa250e3277243,Ingeniero de procesos - Automoción,Page Personnel,"['Lean', 'PFMEA', 'APQP']","Perfil buscado (Hombre/Mujer)

Tener un conocimiento exhaustivo de todos los elementos y parámetros que afectan al rendimiento de los procesos de montaje y embalaje, y ...",01/06/2026Barcelona (Híbrido)Ingenieros/Industria
https://www.tecnoempleo.com/sap-security-consultant-accenture/sap/rf-2eaa1b1302e1d38ebc4e,SAP Security Consultant,Accenture,['SAP'],"We are looking for passionate, curious and driven team players who are ready to ignite ideas, push boundaries and drive innovation. At Accenture you´ll work on innovative ...",01/06/2026Sevilla y otrasConsultor
https://www.tecnoempleo.com/trade-marketing-michael-page/marketing/rf-724d183c5228a381f24b,Trade Marketing,Michael Page,['Marketing'],"Perfil buscado (Hombre/Mujer)

Principales funciones:

Sales Enablement: Analizar datos de clientes potenciales y actuales para preparar propuestas ""ad-hoc"". Construir el ...",01/06/2026ValenciaMarketing
https://www.tecnoempleo.com/it-integration-lead-michael-page/itil/rf-31861774f2447346d04c,IT Integration lead,Michael Page,['ITIL'],"• Evaluar el área de IT de cada empresa adquirida, analizando procesos, arquitectura, ciberseguridad, servicios y madurez organizativa.
• Diseñar y liderar el plan de ...",01/06/2026Barcelona (Híbrido)Jefe de Proyecto
https://www.tecnoempleo.com/sap-life-sciences-consultant-accenture/hana/rf-cdfd1795c2071312c94f,SAP Life Sciences Consultant,Accenture,"['sap', 'hana']","We are looking for passionate, curious and driven team players who are ready to ignite ideas, push boundaries and drive innovation. At Accenture you´ll work on innovative ...",01/06/2026MadridConsultor
https://www.tecnoempleo.com/process-engineer-industrial-site-michael-page/cnc/rf-714818fcc2a7c3c55a46,Process Engineer - Industrial Site,Michael Page,['CNC'],"Perfil buscado (Hombre/Mujer)

• Develop and improve manufacturing processes for high-value components.
• Create and validate machining and assembly methods (turning, ...",01/06/2026EspañaIngenieros/Industria
https://www.tecnoempleo.com/consultor-sap-mm-ingles-alto-grupo-digital/sap-mm/rf-d45a1c4ca20a13d9614c,Consultor/a SAP MM (Ingles alto),Grupo Digital,"['sap mm', 'sap']","Descripción
Desde Grupo Digital, seleccionamos consultores/as SAP MM con inglés alto

Condiciones:
Contrato: Indefinido
Localización: Madrid
Modalidad de trabajo: híbrido...",29/05/2026Madrid (Híbrido)Consultor
https://www.tecnoempleo.com/ingeniero-arquitecto-datos-grupo-digital/data/rf-990710d9e2ac4366aa4e,Ingeniero/a Arquitecto/a de Datos,Grupo Digital,"['datos', 'data']","Descripción
Únete a un entorno tecnológico de alto impacto vinculado a proyectos de ciberdefensa y arquitectura de datos.
 Trabajarás en iniciativas estratégicas con foco...",29/05/2026Barcelona (Híbrido)Arquitecto TIC
https://www.tecnoempleo.com/project-manager-industria-h-m-page-personnel/mes-sap/rf-dbdc1beb82d59345a143,Project Manager Industria (h/m),Page Personnel,"['MES', 'SAP', 'Dynamics']","Trabajarás en contacto directo con plantas de fabricación, participando en todo el ciclo de vida del proyecto: análisis, implantación y mejora continua:

• Liderar ...",29/05/2026Valencia (Híbrido)Consultor33.000€ - 42.000€ b/a
https://www.tecnoempleo.com/sw-team-lead-industria-40-page-personnel/waterfall-scrum/rf-6e981197a26c63f35c49,SW Team Lead- Industria 4.0,Page Personnel,"['Waterfall', 'SCRUM']","• Analizar y desarrollar los requisitos del cliente, y definir el alcance del proyecto de software, el plan, la asignación de recursos y el presupuesto.
• Trabajar con ...",29/05/2026Barcelona (Híbrido)Jefe de Proyecto
https://www.tecnoempleo.com/consultor-dynamics-365-business-central-page-perso/dynamics-365-business-c/rf-8c031110c22de300f546,Consultor Dynamics 365 - Business Central,Page Personnel,"['Dynamics 365', 'Business Central']","• Implementar y personalizar soluciones de Dynamics 365 - Business Central según las necesidades del negocio.
• Analizar y documentar requerimientos funcionales y té...",29/05/2026MadridConsultor27.000€ - 33.000€ b/a
https://www.tecnoempleo.com/ingeniero-aiv-proyectos-espaciales-gmv/linux-python/rf-6d761a32424cf35d464d,Ingeniero/a AIV proyectos espaciales,GMV,"['Linux', 'Python', 'SQL']",Si el único programa que se te resiste es el de la lavadora… ¡Tu sitio está con nosotros! Estamos ampliando nuestros equipos en el sector espacial para incorporarse a ...,29/05/2026Madrid (Híbrido)Ingenieros/Industria
https://www.tecnoempleo.com/ingeniero-diseno-asic-gmv/xilinx-mpsoc/rf-7ec41a0bc28363c9e041,Ingeniero/a de Diseño ASIC,GMV,"['Xilinx', 'MPSoC', 'FPGA']",¿Quieres enfrentarte a nuevos retos sin renunciar a la estabilidad que da un grupo tecnológico de amplia experiencia? En GMV estamos ampliando nuestros equipos en la unidad ...,29/05/2026Madrid (Híbrido)Ingenieros/Industria
https://www.tecnoempleo.com/2026-2027-internship-artificial-inteligence-airbus/c-fortran/rf-3dc71806e2ddf332e141,2026-2027 INTERNSHIP Artificial Inteligence,Airbus,"['C++', 'Fortran', 'Python']","Job Description:

Ready to join one of our Graduate Programs in Spain?

AIRBUS offer more than 70 vacancies for our full time graduate program in Spain - #Discover II 2026...",29/05/2026MadridAnalista
https://www.tecnoempleo.com/core-digital-campus-salesforce-administrator-airbu/salesforce-sales-cloud-/rf-3ac31e8c02a3238b504a,CORE DIGITAL CAMPUS -Salesforce Administrator,Airbus,"['Salesforce', 'Salesforce Sales Cloud']","Job Description:

An opportunity for a Salesforce Administrator for CRM domain has arisen within Airbus Helicopters (Albacete).

WHY JOIN US?

LIFE IN ALBACETE: QUALITY...",29/05/2026AlbaceteAdministrador
https://www.tecnoempleo.com/digital-campus-windows-server-administrator-airbus/windows-server-powershe/rf-bf71105e026ef34b9d45,DIGITAL CAMPUS - Windows Server Administrator,Airbus,"['Windows Server', 'PowerShell', 'Virtualization']","Job Description:

#DIGITAL CAMPUS - Windows Server Administrator

An opportunity for a Windows Server Administrator has arisen within Airbus Helicopters (Albacete, Spain...",29/05/2026AlbaceteTécnico de Sistemas
https://www.tecnoempleo.com/senior-software-engineer-fincore-ebury/python-jenkins/rf-159a189be21e63a66f40,Senior Software Engineer (FinCore),Ebury,"['Python', 'Jenkins', 'Terraform']","Ebury helps ambitious businesses unlock global growth, and we take the same approach with our people. We encourage innovation and movement, collaboration and problem-solving, ...",29/05/2026Málaga (Híbrido)Programador
https://www.tecnoempleo.com/principal-data-scientist-machine-learning-ai-sopra/python-llm/rf-a8571a77521113e1cb43,Principal Data Scientist (Machine Learning & AI),Sopra Steria,"['Python', 'LLM', 'java']","Company Description

SBS works with more than 1,500 banks, building societies and specialized finance providers across more than 80 countries worldwide. We help them to ...",29/05/2026MadridBig Data
https://www.tecnoempleo.com/audiovisual-ai-content-specialist-gfr-technologies/inteligencia-artificial/rf-f0d61cba6211f3cb454a,Audiovisual & AI Content Specialist,GFR Technologies SE,"['Inteligencia Artificial', 'Generative AI']","GFT Technologies is an AI-centric global digital transformation company. We design advanced data and AI business transformation solutions, modernize technology architectures ...",29/05/2026BarcelonaConsultor
https://www.tecnoempleo.com/salesforce-technical-lead-gfr-technologies-se/salesforce/rf-22e01eb64216d3b4f347,Salesforce Technical Lead,GFR Technologies SE,['Salesforce'],"GFT es una compañía pionera en transformación digital. Diseñamos soluciones de negocio centradas en la inteligencia artificial (AI-Centric), modernizamos infraestructuras ...",29/05/2026BarcelonaConsultor
https://www.tecnoempleo.com/tecnico-junior-soporte-obs-grupo-digital/itsm/rf-8ca0101422b743f0a941,Tecnico/a Junior Soporte OBS,Grupo Digital,"['soporte', 'ITSM']","Descripción
en GP DIGITAL buscamos para cliente ser sector publico 

Técnico/a Junior Soporte OBS

Si estás dando tus primeros pasos en entornos TIC y quieres crecer en ...",29/05/2026Barcelona (Híbrido)Soporte Técnico
https://www.tecnoempleo.com/analista-programador-en-aspnet-accuro-technology/net-aspnet/rf-06201d32e21283acc042,Analista programador en ASP.net,Accuro Technology,"['.net', 'asp.net']","Título del puesto: Técnico ASP.NET Senior

Descripción: Desarrollo y mantenimiento de aplicaciones ASP.NET. 

Experiencia mínima de 5 años. 
Toma de requisitos, ejecució...",29/05/2026Madrid (Híbrido)Analista Programador30.000€ - 36.000€ b/a
https://www.tecnoempleo.com/analista-programador-cobol-en-remoto-digital-talen/db2-mainframe/rf-941f1087e27af3d9984a,Analista Programador/a Cobol en Remoto,Digital Talent Agency,"['cobol', 'db2', 'mainframe']","Descripción
¡Únete a Zemsania como Analista Programador/a Cobol en Remoto!
Zemsania es una consultora tecnológica internacional con más de 20 años de trayectoria, ...",29/05/2026100% remotoAnalista Programador
https://www.tecnoempleo.com/jefe-proyecto-hays/project-manager/rf-873b177742f2c344b643,Jefe/a de proyecto,HAYS,['Project Manager'],"Integrándose en la Oficina de Proyectos, la persona seleccionada será responsable de asegurar la correcta ejecución de los proyectos conforme a los objetivos contractuales ...",29/05/2026GipuzkoaJefe de Proyecto
https://www.tecnoempleo.com/ingeniero-pci-michael-page/autocad/rf-fe8917b9923f33683c42,Ingeniero PCI,Michael Page,['AutoCAD'],"Gestionar el lead comercial una vez generado por el equipo de ventas, realizando visitas técnicas al cliente y participando en la definición de soluciones llave en mano.
...",29/05/2026Barcelona (Híbrido)Ingenieros/Industria48.000€ - 60.000€ b/a
https://www.tecnoempleo.com/mobile-engineering-manager-sdk-michael-page/kotlin-swift/rf-ef9e14ef02c5838c1e42,Mobile Engineering Manager (SDK),Michael Page,"['Kotlin', 'Swift', 'React Native']","• Liderazgo de Equipo
• Gestionar y mentorizar a un equipo multidisciplinar de ingenieros Android (Kotlin), iOS (Swift) y expertos en frameworks híbridos (React Native, ...",29/05/2026Valencia (Híbrido)Desarrollador Móvil60.000€ - 72.000€ b/a
https://www.tecnoempleo.com/erp-supply-consultant-michael-page/suply/rf-36a0124ed21ff3ce0f43,ERP Supply Consultant,Michael Page,"['ERP', 'suply']","• Implementar y configurar sistemas ERP en proyectos de tecnología y telecomunicaciones.
• Analizar y optimizar procesos de negocio relacionados con la cadena de ...",29/05/2026Barcelona (Híbrido)Consultor
https://www.tecnoempleo.com/msdynamics-365-developer-michael-page/dynamics-365-power-platform/rf-e2c516b6922113d5664e,MSDynamics 365 Developer,Michael Page,"['Dynamics 365', 'Power Platform', 'C#']","Como Microsoft Dynamics 365 CRM Developer, serás responsable del desarrollo, evolución y mantenimiento de soluciones CRM enterprise dentro del ecosistema Dynamics 365 ...",29/05/2026Madrid (Híbrido)Programador33.000€ - 42.000€ b/a
https://www.tecnoempleo.com/client-growth-manager-michael-page/marketing/rf-da4913fbf2cdc37fa248,Client & Growth Manager,Michael Page,['Marketing'],"• Identificar oportunidades y marcas relevantes en el mercado español
• Construir y desarrollar relaciones con clientes actuales y potenciales
• Estructurar y ...",29/05/2026Madrid (Híbrido)Marketing
https://www.tecnoempleo.com/elastic-security-engineer-cloud-defensive-michael-/elasticsearch-kibana/rf-115f1385c2ff33280e41,Elastic Security Engineer - Cloud Defensive,Michael Page,"['Elasticsearch', 'Kibana', 'Elastic Security']","Reporting to the head of the division, your main responsibilities will be:

Redesign and document the Elastic stack architecture (Elasticsearch, Kibana, Elastic Security/...",29/05/2026Barcelona (Híbrido)DevOpsContrato temporal
https://www.tecnoempleo.com/sap-succesfactors-project-manager-michael-page/successfactors/rf-f0cb1a8e424e73736046,SAP SuccesFactors Project Manager,Michael Page,"['SAP', 'SuccessFactors']","• Liderar la implementación de soluciones SAP SuccessFactors, asegurando la entrega en tiempo y forma.
• Gestionar los recursos del equipo para cumplir los objetivos del...",29/05/2026BarcelonaJefe de Proyecto
https://www.tecnoempleo.com/sap-controlling-co-consultant-michael-page/sap-co/rf-13dc135d121e83844342,SAP Controlling (CO) Consultant,Michael Page,"['SAP CO', 'SAP']","• Configure and maintain SAP CO modules to meet business requirements.
• Collaborate with cross-functional teams to ensure seamless integration of SAP solutions.
• ...",29/05/2026Barcelona (Híbrido)Consultor
https://www.tecnoempleo.com/java-developer-hays/j2ee-spring-boot/rf-477c105292dbc338354d,Java Developer,HAYS,"['Java', 'J2EE', 'Spring Boot']","Desde HAYS buscando un/a Java Developer con al menos 3 años de experiencia para incorporarse a un proyecto estable en modalidad 100% remota, dentro de un entorno tecnológico...",29/05/2026100% remotoProgramador27.000€ - 36.000€ b/a
https://www.tecnoempleo.com/ingeniero-producto-hays/catia/rf-450515d772aac3661b41,Ingeniero/a de Producto,HAYS,['Catia'],"Desde Hays estamos colaborando con una empresa industrial de referencia en el sector automoción, ubicada en Álava, en la búsqueda de un/a Ingeniero/a de Producto para ...",29/05/2026Álava (Híbrido)Ingenieros/Industria
https://www.tecnoempleo.com/business-analyst-trade-marketing-michael-page/excel-sap/rf-71b010e2d2c1f3d85e4e,Business Analyst / Trade Marketing,Michael Page,"['Excel', 'SAP', 'SmartView']","El objetivo del puesto es evolucionar hacia una integración funcional entre el Departamento de Business Analysis y el Departamento de Marketing, aportando una visión global ...",29/05/2026BarcelonaAnalista
https://www.tecnoempleo.com/java-backend-developer-m-f-d-basf/spring/rf-0ad61661226c536f094a,Java Backend Developer (m/f/d),BASF,"['Java', 'Spring']","WELCOME TO BASF

As one of the world´s leading companies in this field, BASF Coatings S.L. develops and manufactures coatings for the automotive and industrial sectors. The...",29/05/2026MadridProgramador
https://www.tecnoempleo.com/senior-security-for-ai-engineer-accenture/artificial-intelligence-mlops/rf-079211baf29a837e5a46,Senior Security for AI Engineer,Accenture,"['Artificial Intelligence', 'AI', 'MLOps']","Would you like to be part of a team of over 19,000 cybersecurity specialists worldwide? Accenture has an opportunity for you to join our Cybersecurity team. At Accenture, we ...",29/05/2026MadridCiberseguridad
https://www.tecnoempleo.com/senior-ai-engineer-with-italian-ey/python-mlops/rf-8fe718d432cca3996045,Senior AI Engineer with Italian,EY,"['Python', 'MLOps', 'LLMOps']","Senior AI Engineer - EY GDS Spain - Hybrid

The opportunity

As a Senior AI Engineer, you will lead the architecture, design, and delivery of advanced AI and Generative AI...",29/05/2026MálagaInteligencia Artificial/Machine Learning
https://www.tecnoempleo.com/tecnico-torno-cnc-page-personnel/cnc/rf-1e661898a2c883e23046,Técnico de Torno CNC,Page Personnel,['CNC'],"• Preparación y manejo de tornos CNC para la fabricación de piezas mecánicas.
• Ajuste de parámetros, cambio de herramientas y puesta a punto de máquina.
• ...",29/05/2026BarcelonaIngenieros/Industria
https://www.tecnoempleo.com/programador-camunda-tuyu-technology/java/rf-b16c18e3d24603116042,Programador/a Camunda,Tuyú Technology,"['java', 'camunda']","🚀 ¡Impulsa tu carrera con TUYÚ Technology! 🚀

¿Te apasiona el desarrollo de procesos de negocio y automatización con tecnologías modernas? Buscamos un/a ...",29/05/2026Málaga (Híbrido)Programador33.000€ - 36.000€ b/a
https://www.tecnoempleo.com/team-lead-net-baoss/net-aspx-net/rf-fe901be2e2aec3ee6d4f,Team Lead .NET,Baoss,"['.NET', 'ASPX .NET', 'VB.NET']","Buscamos un Consultor Coordinador Técnico .NET para proyecto en sector público, con modalidad híbrida (1 día presencial en Madrid).

🎓 Requisitos obligatorios

Titulaci...",29/05/2026Madrid (Híbrido)Consultor
https://www.tecnoempleo.com/consultor-sap-mm-baoss/sap-mm-sap-sd/rf-3d0d14c2a209d3605c4a,Consultor/a SAP MM,Baoss,"['SAP MM', 'SAP SD', 'S/4 HANA']","Buscamos un/a Consultor/a SAP MM Expert para incorporarse a un proyecto estratégico en cliente internacional.

La persona seleccionada participará en la evolución, ...",29/05/2026Madrid (Híbrido)Consultor
https://www.tecnoempleo.com/project-manager-tecnico-analista-itil-baoss/project-manager-pmo/rf-ed751325228993bcde48,Project Manager/Técnico/Analista - ITIL,Baoss,"['ITIL', 'Project Manager', 'PMO']","Buscamos incorporar profesionales para integrarse en una Oficina de Despliegues (PMO), dando soporte en la planificación, seguimiento y coordinación de despliegues en ...",29/05/2026Barcelona y otrasJefe de Equipo
https://www.tecnoempleo.com/consultor-funcional-pms-turismo-avalon-cloud/avalon-opera/rf-e93619cc424b637f5f40,Consultor Funcional PMS (turismo),Avalon Cloud,"['PMS', 'Avalon', 'Opera']","Sobre Antfor Software
Desde 2005, Avalon Cloud diseña, desarrolla e implementa tecnología que revoluciona la operación de cadenas hoteleras en toda Europa. 
Nuestra soluci...",29/05/2026Baleares (Híbrido)Consultor
https://www.tecnoempleo.com/analista-programador-java-baoss/spring-boot-apis-rest/rf-d90518126203638da542,Analista Programador/a Java,Baoss,"['Java', 'Spring Boot', 'APIs REST']",Buscamos un/a Analista Programador/a con amplia experiencia en desarrollo backend para incorporarse a un proyecto estable en cliente ubicado en Madrid. La persona seleccionada...,29/05/2026Madrid (Híbrido)Analista Programador33.000€ - 36.000€ b/a
https://www.tecnoempleo.com/tecnico-instalador-telecomunicaciones-grupo-sermic/redes-cableado/rf-43701d7c325523ce254e,Técnico/a Instalador/a Telecomunicaciones,Grupo Sermicro,"['redes', 'Cableado', 'router']","Te invitamos a formar parte de Grupo Sermicro, una empresa de referencia de Soluciones y Servicios TIC, que ayuda a las empresas a desplegar su estrategia de negocio mediante ...",29/05/2026BarcelonaRedes
https://www.tecnoempleo.com/telecom-engineer-baoss/adtech-tv/rf-e42d1235826f5318a64c,Telecom Engineer,Baoss,"['AdTech', 'TV', 'OTT']",Buscamos un/a TV Advertising Architect con experiencia en entornos AdTech y plataformas de streaming para liderar el diseño y evolución de la arquitectura end-to-end que ...,29/05/2026Madrid (Híbrido)Arquitecto TIC
https://www.tecnoempleo.com/desarrollador-sap-abap-en-remoto-digital-talent-ag/s-4hana/rf-f5431a57f201c319d24c,Desarrollador/a SAP ABAP en Remoto,Digital Talent Agency,"['sap', 'abap', 's/4hana']","Descripción
Desarrollador/a SAP ABAP en RemotoEmpresa: Zemsania
Ubicación: Remoto

Sobre Zemsania:
Zemsania es una consultora tecnológica, especializada en la transformaci...",29/05/2026100% remotoProgramador
https://www.tecnoempleo.com/desarrollador-aspnet-core-razor-avalon-cloud/aspnet-core-razor-pages/rf-82771a15d2fcd381b04c,Desarrollador ASP.NET Core (Razor),Avalon Cloud,"['ASP.NET Core', 'Razor Pages', 'C#']",¿Tienes experiencia en desarrollo con ASP.NET Core y estás buscando un nuevo reto profesional? Estamos en la búsqueda de un desarrollador con al menos 1 año de experiencia...,29/05/2026Baleares (Híbrido)Programador
https://www.tecnoempleo.com/net-application-support-developer-panel-sistemas-i/net-core-net/rf-f2ec1091e2ead3e86a45,.NET Application Support Developer,PANEL Sistemas Informáticos,"['.net core', '.net', 'C#']","🚀 Estamos buscando un/a .NET Application Support Developer 💻
📍 Madrid – 100% Presencial (oficinas del cliente)
🌍 Español e Inglés (mínimo B2)
¿Tienes ...",29/05/2026Madrid (Presencial)Analista Programador
https://www.tecnoempleo.com/senior-devops-engineer-baoss/github-actions-terraform/rf-c7321860c2be9327054b,Senior DevOps Engineer,Baoss,"['DevOps', 'GitHub Actions', 'Terraform']","Buscamos un Senior DevOps Engineer para incorporarse a un proyecto estratégico con amplia experiencia en implementaciones reales en producción, capaz de liderar despliegues ...",29/05/2026Madrid y otrasDevOps
https://www.tecnoempleo.com/tecnico-informatico-a-sosmatic/active-directory-azure/rf-b37a1d7952de637d8846,Técnico/a informático/a,Sosmatic,"['active directory', 'azure', 'VPN']","Buscamos un perfil técnico de soporte a usuarios para importante empresa ubicada en Quart de Poblet.

Objetivo del puesto
Dar soporte técnico de primer y segundo nivel en el...",29/05/2026Valencia (Presencial)Helpdesk18.000€ - 21.000€ b/a
https://www.tecnoempleo.com/ingeniero-calidad-panel-sistemas-informaticos/jira-devtools/rf-e34815da1297139baa46,Ingeniero de Calidad,PANEL Sistemas Informáticos,"['Jira', 'DevTools']","🚀 QA Manual con visión de crecimiento (100% remoto)
Buscamos incorporar un/a QA Manual / Ingeniero/a de Calidad para un proyecto tecnológico dentro del sector travel, con...",29/05/2026100% remotoTester/QA
https://www.tecnoempleo.com/tecnico-sistemas-grupo-sermicro/linux-sharepoint/rf-ce3717033209137fa445,Técnico/a Sistemas,Grupo Sermicro,"['Linux', 'Sharepoint', 'Teams']",Grupo Sermicro es una empresa de referencia de Soluciones y Servicios TIC que ayuda a las empresas a desplegar su estrategia de negocio mediante un uso eficiente e innovador ...,29/05/2026Madrid (Presencial)Técnico de Sistemas
https://www.tecnoempleo.com/desarrollador-spring-angular-baoss/java-spring-boot/rf-573f127812a5f349c84f,Desarrollador/a Spring+Angular,Baoss,"['Java', 'Spring boot', 'Oracle']","Buscamos Desarrolladores/as Senior Fullstack con experiencia en Java, Spring Boot y Angular, para incorporarse a un proyecto tecnológico en entorno enterprise.

Trabajarás ...",29/05/2026Madrid (Híbrido)Desarrollador Web
https://www.tecnoempleo.com/consultor-internacional-ingles-idiomas-apeiron-sum/azure-microsoft-office/rf-4a921c79521b73783e45,Consultor/a Internacional (Inglés + idiomas),Apeiron Sumus,"['Azure', 'Microsoft Office', 'Power BI']",Apeiron Sumus is looking for a Solution Assessment Consultant to join our team. This person will lead the successful execution of a variety of Microsoft Azure and Security ...,29/05/2026Sta. Cruz De Tenerife (Presencial) y otrasCiberseguridad
https://www.tecnoempleo.com/administrador-sistemas-sosmatic/windows-linux/rf-0a411085721fc3197e4c,Administrador/a de sistemas,Sosmatic,"['windows', 'linux', 'nagios']","Buscamos un perfil de Administrador/a de sistemas para importante empresa del sector transportes ubicada en la Comunidad de Madrid.

Funciones:
● Análisis de requisitos ...",29/05/2026Madrid (Presencial) y otrasTécnico de Sistemas
https://www.tecnoempleo.com/senior-frontend-engineer-feverup/python/rf-5dde1324b28113aafc48,Senior Frontend Engineer,FeverUp,['python'],"Hey there! 
We´re Fever, the world´s leading tech platform for culture and live entertainment, 

Our mission? To democratize access to culture and entertainment. With our...",29/05/2026MadridProgramador
https://www.tecnoempleo.com/ingeniero-i-d-michael-page/i-d/rf-e1ab13d4d2eda395c84c,Ingeniero/a de I+D,Michael Page,['I+D'],"La persona seleccionada realizará las siguientes funciones:

• Diseñar y desarrollar nuevos productos y soluciones innovadoras en los tratamientos de agua.

• ...",29/05/2026ZaragozaI+D
https://www.tecnoempleo.com/arquitecto-net-michael-page/net-c/rf-8c0b16eca2d2d3e19f4a,Arquitecto .Net,Michael Page,"['.NET', 'C#', 'Azure']","• Diseñar y liderar la arquitectura de soluciones tecnológicas avanzadas.
• Supervisar y coordinar equipos de desarrollo técnico.
• Colaborar con otros ...",29/05/2026100% remotoArquitecto TIC60.000€ - 76.000€ b/a
https://www.tecnoempleo.com/responsable-automatizacion-hays/plc-siemens/rf-a1e11681b24b43c40e42,Responsable de automatización,HAYS,"['PLC', 'Siemens', 'TIA Portal']",Desde Hays iniciamos la búsqueda para incorporar un/a Responsable de Automatización Industrial para liderar el departamento de automatización. Si te motiva trabajar en ...,29/05/2026ValenciaIngenieros/Industria
https://www.tecnoempleo.com/desarrollador-qa-hays/javascript-typescript/rf-60e41681421773aca940,Desarrollador/a QA,HAYS,"['JavaScript', 'TypeScript', 'Python']","Tu nueva empresa Compañía tecnológica internacional que desarrolla soluciones de software avanzadas basadas en inteligencia artificial, orientadas a entornos críticos y de...",29/05/2026BarcelonaProgramador
https://www.tecnoempleo.com/project-manager-infolog-michael-page/infolog/rf-5c3c19a32270e321db4d,Project Manager INFOLOG,Michael Page,['Infolog'],"Perfil buscado (Hombre/Mujer)

• Alta calificación técnica, con capacidad demostrada para liderar proyectos de forma autónoma con Infolog.
• Disponibilidad para ...",29/05/2026MadridJefe de Proyecto54.000€ - 60.000€ b/a
https://www.tecnoempleo.com/itsm-lead-hybrid-in-barcelona-michael-page/itil/rf-f1711ecb020403a81540,ITSM Lead (Hybrid in Barcelona),Michael Page,"['ITSM', 'ITIL']","Perfil buscado (Hombre/Mujer)

• Own and lead the end‑to‑end IT Service Management (ITSM) function, including the design, governance, delivery and continuous ...",29/05/2026BarcelonaAdministrador
https://www.tecnoempleo.com/tecnico-sistemas-it-con-discapacidad-page-personne/sap/rf-a9f31192a20183ce4343,Técnico de sistemas IT con discapacidad,Page Personnel,['SAP'],"Perfil buscado (Hombre/Mujer)

• Colaborar en el diseño y mantenimiento de las aplicaciones utilizadas por las distintas áreas.
• Analizar las necesidades del negocio...",29/05/2026MadridTécnico de Sistemas42.000€ - 60.000€ b/a
https://www.tecnoempleo.com/ingeniero-validacion-verificacion-v-v-grupo-digita/verificacion/rf-f33918f2c23be3e7d049,Ingeniero/a Validacion y Verificacion (V&V),Grupo Digital,"['verificacion', 'validacion']","Descripción
¿Te interesa participar en un entorno tecnológico internacional, trabajando con sistemas complejos y pruebas en laboratorio?
Buscamos un perfil de Validación y...",29/05/2026Madrid (Presencial)Tester/QA
https://www.tecnoempleo.com/programador-python-entorno-aws-knowmad-mood/python/rf-e9a71b7e120923e32a4e,Programador/a Python entorno AWS,knowmad mood,"['Python', 'AWS']","Únete a nuestro equipo como Desarrollador especializado en Python y en entornos Cloud AWS y forma parte de un entorno tecnológico, innovador, colaborativo y en constante ...",29/05/2026100% remotoProgramador
https://www.tecnoempleo.com/responsable-proyectos-industriales-michael-page/project-manager/rf-a81118953261330e994a,Responsable Proyectos Industriales,Michael Page,['Project Manager'],"Reportando a la Dirección del grupo, la persona seleccionada traccionará los proyectos de desarrollo técnico, industrial y tecnológico del Grupo, formando parte de ellos ...",29/05/2026EspañaJefe de Proyecto
https://www.tecnoempleo.com/frontend-developer-angular-grupo-digital/typescript-html/rf-fd851e3972bf433c9246,Frontend Developer Angular,Grupo Digital,"['Angular', 'TypeScript', 'HTML']","Descripción
Formarás parte de un equipo frontend con foco en Angular moderno, trabajando en interfaces dinámicas y escalables.
 Proyecto estable de 1 año con jornada ...",29/05/2026Málaga (Presencial)Programador
https://www.tecnoempleo.com/it-security-lead-valles-occidental-michael-page/iso-27001/rf-fe411004428833424443,IT Security Lead (Vallés Occidental),Michael Page,['ISO 27001'],"Perfil buscado (Hombre/Mujer)

• Responsable de liderar la seguridad e integración en plataformas de juego online, asegurando la protección de accesos, autenticación y ...",29/05/2026BarcelonaCiberseguridad
https://www.tecnoempleo.com/core-network-security-engineer-airbus/firewalls-proxies/rf-464d1133526873cfdb4a,#CORE: Network Security Engineer,Airbus,"['Firewalls', 'Proxies', 'LAN']","Job Description:

Airbus Helicopters Information Management is looking for a dynamic, skilled and motivated NETWORK SECURITY ENGINEER based in Albacete (SPAIN) who is ready ...",29/05/2026AlbaceteCiberseguridad
https://www.tecnoempleo.com/devops-and-qa-automation-engineer-nestle/git-github/rf-5c591a781250e32ca942,DevOps and QA Automation Engineer,Nestle,"['Git', 'GitHub', 'Playwright']","We are looking for a DevOps and QA Automation Engineer to be part of our Nestlé Nespresso Digital and Tech Team. At Nespresso, our Digital & Tech teams are at the heart of ...",29/05/2026MadridDevOps
https://www.tecnoempleo.com/ingeniero-produccion-page-personnel/excel-power-bi/rf-53be16876215a373d94c,Ingeniero/a de producción,Page Personnel,"['Excel', 'Power BI']","Perfil buscado (Hombre/Mujer)

• Optimizar y mejorar procesos productivos
• Realizar auditorías de cumplimiento de procesos
• Implantar propuestas de mejora
• ...",29/05/2026ValenciaIngenieros/Industria27.000€ - 33.000€ b/a
https://www.tecnoempleo.com/ingeniero-instalaciones-page-personnel/autocad-pci/rf-c0b31f59e2d56396fb42,Ingeniero/a de Instalaciones,Page Personnel,"['Autocad', 'PCI']","FUNCIONES:

• Gestión técnica y económica completa de proyectos de instalaciones.
• Estudio inicial, planificación y organización de recursos.
• Interlocución ...",29/05/2026Madrid (Híbrido)Ingenieros/Industria30.000€ - 39.000€ b/a
https://www.tecnoempleo.com/especialista-soporte-it-data-center-michael-page/rac/rf-2c6f1caf5230b3b04841,Especialista Soporte IT Data Center,Michael Page,['RAC'],"Perfil buscado (Hombre/Mujer)

* Interactuarás con los distintos stakeholders en España y en toda la región EMEA, por lo que es esencial tener dominio tanto del español ...",29/05/2026ZaragozaTécnico de SistemasContrato temporal
https://www.tecnoempleo.com/desarrollador-software-embebido-hays/c-linux/rf-97a21feeb2f0f325a24f,Desarrollador/a Software Embebido,HAYS,"['C++', 'Linux', 'FreeRTOS']",Desde HAYS estamos buscando un/a Desarrollador/a de Software - Sistemas Embebidos para unirse a un equipo innovador que trabaja en proyectos espaciales con tecnología puntera...,29/05/2026Álava (Híbrido)Electrónica
https://www.tecnoempleo.com/cybersecurity-and-it-risk-engineer-vulnerability-b/owasp-iso-27001/rf-ec5f14ca62b9a3f63f4a,Cybersecurity and IT Risk Engineer - Vulnerability,BNP Paribas,"['OWASP', 'ISO 27001', 'IEC 27001']","Cybersecurity and IT Risk Engineer - Vulnerability Management

About the job

South Europe Technologies (S.ET Iberia) is one of BNP Paribas Personal Finance´s shared ...",29/05/2026MadridCiberseguridad
https://www.tecnoempleo.com/comercial-it-unifikas-hays/erp-qms/rf-3c7e1143c290a30b0a43,Comercial IT (Unifikas),HAYS,"['ERP', 'QMS', 'EHS']","Desde HAYS buscamos un/a Comercial B2B para impulsar la venta de la solución de un producto propio, enfocado con la captación y gestión de clientes empresariales. La ...",29/05/2026NavarraComercial
https://www.tecnoempleo.com/tecnico-mantenimiento-electronico-hays/radar-gps/rf-0e761b51c20a33485548,Técnico/a de Mantenimiento Electrónico,HAYS,"['radar', 'GPS', 'GMDSS']",En HAYS estamos colaboramos con una compañía de referencia internacional  líder en electrónica marina y soluciones tecnológicas avanzadas tanto para el sector naval como ...,29/05/2026MadridElectrónica
https://www.tecnoempleo.com/sap-mm-senior-consultant-michael-page/sap-mm-s-4hana/rf-0d8f1d2eb2e36309fd4f,SAP MM Senior Consultant,Michael Page,"['SAP MM', 'S/4HANA']","• Configuración e implementación de SAP MM en entorno S/4HANA.
• Análisis y optimización de procesos de compras, aprovisionamiento y gestión de materiales.
• ...",29/05/2026Barcelona (Híbrido)Consultor
https://www.tecnoempleo.com/ingeniero-sintesis-electrica-grupo-digital/electronica/rf-c57d10a67217534cf84f,Ingeniero/a de Sintesis Electrica,Grupo Digital,"['electrica', 'electronica']","Descripción
¿Te interesa participar en proyectos de alta complejidad tecnológica vinculados a sistemas eléctricos y electrónica embarcada?
 Buscamos un perfil de Ingenier...",29/05/2026Asturias (Híbrido)Electrónica
https://www.tecnoempleo.com/vp-quality-michael-page/iso-13485-iso-14971/rf-a8af19cfb28f8374a549,VP Quality,Michael Page,"['ISO 13485', 'ISO 14971']","Perfil buscado (Hombre/Mujer)

The Vice President of Quality will be responsible for building and leading the Quality function of a newly established manufacturing site in ...",29/05/2026ValenciaSistemas de Calidad
https://www.tecnoempleo.com/director-industrial-michael-page/ingenieria/rf-ed271b784210c314134d,Director/a Industrial,Michael Page,"['ingenieria', 'industrial']","• Coordinar y supervisar las actividades de producción en el área de Ingeniería y Fabricación.
• Garantizar el cumplimiento de los estándares de calidad y seguridad ...",29/05/2026AlicanteIngenieros/Industria
https://www.tecnoempleo.com/ingeniero-tecnico-quadient-inspire-page-personnel/quadient-inspire/rf-ef0e1969c27803c1f142,Ingeniero técnico Quadient Inspire,Page Personnel,['Quadient Inspire'],"Perfil buscado (Hombre/Mujer)

• Implementar y optimizar procesos tecnológicos utilizando Quadient Inspire.
• Coordinar con los equipos internos para garantizar la ...",29/05/2026MadridTécnico Software27.000€ - 33.000€ b/a
https://www.tecnoempleo.com/tecnico-interoperabilidad-page-personnel/hl7-fhir/rf-fe0711dc629243916744,Técnico de interoperabilidad,Page Personnel,"['HL7', 'FHIR']","Perfil buscado (Hombre/Mujer)

• Supervisar y garantizar la operatividad de los sistemas tecnológicos en la organización.
• Detectar y resolver incidencias técnicas ...",29/05/2026Las PalmasTécnico Software27.000€ - 33.000€ b/a
https://www.tecnoempleo.com/senior-ml-ai-engineer-wizeline/machine-learning-llm/rf-b58015399201b30d764c,Senior ML/AI Engineer,WIZELINE,"['Machine Learning', 'LLM', 'AI']","We are:
Wizeline, a global AI-native technology solutions provider, develops cutting-edge, AI-powered digital products and platforms. We partner with clients to leverage data...",29/05/2026BarcelonaInteligencia Artificial/Machine Learning
https://www.tecnoempleo.com/net-developer-senior-ey-gds-spain-hybrid-ey/net/rf-c1ea18a2d2f60313ee46,.Net Developer - Senior - EY GDS Spain - Hybrid,EY,['.NET'],"Senior .NET Developer - EY GDS Spain - Hybrid

The opportunity

As a Senior .NET Developer at EY Global Delivery Services (GDS) Spain, you will play a key role in ...",29/05/2026Málaga (Híbrido)Programador
https://www.tecnoempleo.com/ecommerce-specialist-h-m-d-amazon-michael-page/marketing/rf-fe6c1ec232b573252245,Ecommerce Specialist (h/m/d) - Amazon,Michael Page,['Marketing'],"Perfil buscado (Hombre/Mujer)

• Gestión integral de la cuenta Amazon mediante un enfoque consultivo B2B.
• Definición y seguimiento de KPIs de búsqueda, marketing y...",29/05/2026Málaga (Híbrido)Marketing42.000€ - 45.000€ b/a
https://www.tecnoempleo.com/it-applications-project-manager-michael-page/ms-project-jira/rf-170b1e9232a0f344dc40,IT Applications Project Manager,Michael Page,"['MS Project', 'Jira', 'Agile']","TASKS AND RESPONSIBILITIES
Reporting to the Business Consulting Manager, he/she will manage the following functions:

Project Manager Functions:
* Manage the end-to-end ...",29/05/2026Barcelona (Híbrido)Jefe de Proyecto
https://www.tecnoempleo.com/ingeniero-electronico-a-hays/asm-microchip/rf-761d1506727bd3353b4d,Ingeniero/a Electrónico/a,HAYS,"['C', 'ASM', 'Microchip']","Tu nueva empresa Compañía líder en Europa en el desarrollo de soluciones electrónicas para automatización de accesos.

Tu nuevo puesto Reportando directamente al ...",29/05/2026BarcelonaElectrónica45.000€ - 60.000€ b/a
https://www.tecnoempleo.com/consultor-bpem-ingles-alto-grupo-digital/sap/rf-a11f10f0c20e7397904b,Consultor/a BPEM (Ingles alto),Grupo Digital,"['sap', 'bpem']","Descripción
Participa en un entorno internacional dentro del sector Utilities, trabajando con procesos críticos de negocio y tecnologías SAP especializadas.
Tendrás un rol...",29/05/2026100% remotoConsultor
https://www.tecnoempleo.com/qa-analyst-ia-videoanalytics-company-page-personne/jira-azure-devops/rf-d4481f9902c55306e14f,QA Analyst - IA Videoanalytics Company,Page Personnel,"['QA', 'Jira', 'Azure DevOps']","• Analizar requisitos funcionales y no funcionales para identificar escenarios de prueba.
• Diseñar, ejecutar y documentar test cases, checklists y test plans.
• ...",29/05/2026BarcelonaTester/QA
https://www.tecnoempleo.com/project-manager-i-d-michael-page/project-manager-i-d/rf-0d281dcf4231332dcd43,Project Manager I+D,Michael Page,"['Project Manager', 'I+D']","Perfil buscado (Hombre/Mujer)

• Estudios de mercado y nuevas tecnologías.
• Desarrollo de nuevos productos.
• Análisis de ideas de productos nuevos.
• ...",29/05/2026AlicanteI+D45.000€ - 54.000€ b/a
https://www.tecnoempleo.com/electromecanico-a-hays/electromecanica-automatizacion/rf-c2371619d2f0e3fa574c,Electromecánico/a,HAYS,"['Electromecánica', 'Automatización']","Desde Hays estamos en búsqueda de un/a Electromecánico/a para incorporarse a una compañía industrial consolidada, ubicada en Valencia, en un contexto de crecimiento y ...",29/05/2026ValenciaIngenieros/IndustriaJornada intensiva mañana
https://www.tecnoempleo.com/ingeniero-estudios-michael-page/industrial/rf-45d410e6624ba3ccfe4e,Ingeniero/a de Estudios,Michael Page,['industrial'],"La persona seleccionada realizará las siguientes funciones:

• Realizar estudios técnicos y económicos para la viabilidad de proyectos en el ámbito industrial.

• ...",29/05/2026ZaragozaIngenieros/Industria
https://www.tecnoempleo.com/direccion-sistemas-integrados-michael-page/iso-14001/rf-2ea7123b42f913afff47,Dirección de Sistemas Integrados,Michael Page,['ISO 14001'],"Perfil buscado (Hombre/Mujer)

Reportando al Director/a Industrial, la persona selecciona tendrá responsabilidad global sobre los sistemas de Calidad, Medio Ambiente y ...",29/05/2026BizkaiaSistemas de Calidad
https://www.tecnoempleo.com/ingeniero-procesos-page-personnel/ingeneria-industrial/rf-7d501df132f303dc5c49,Ingeniero de procesos,Page Personnel,"['ingeneria', 'industrial']","La persona seleccionada será responsable de analizar en campo los procesos operativos de diferentes clientes, realizar estudios de métodos y tiempos y construir una base de ...",29/05/2026BarcelonaIngenieros/Industria
https://www.tecnoempleo.com/it-proximity-support-technician-temporary-bnp-pari/soporte-microinformatic/rf-590b1a40d23b2322c54f,IT Proximity Support Technician Temporary,BNP Paribas,"['soporte', 'microinformatica']","GROUP BNP PARIBAS

BNP Paribas Group is the top bank in the European Union and a major international banking establishment. It has close to 185,000 employees in 65 countries...",29/05/2026MadridSoporte Técnico
https://www.tecnoempleo.com/director-mantenimiento-michael-page/ingenieria-industrial/rf-87e614c4b21753000f40,Director de mantenimiento,Michael Page,"['Ingeniería', 'Industrial', 'Mecánica']","• Planificar y supervisar las actividades de mantenimiento preventivo y correctivo de las instalaciones y equipos.
• Garantizar el correcto funcionamiento de la ...",29/05/2026ValenciaIngenieros/Industria
https://www.tecnoempleo.com/payload-operations-engineer-page-personnel/git-jira/rf-be531085b28d7387c347,Payload operations engineer,Page Personnel,"['Git', 'Jira', 'Confluence']","Perfil buscado (Hombre/Mujer)

The Payload operations engineer will take care of:

• Support development of payload operations tools required for efficient automated ...",29/05/2026BarcelonaProgramador
https://www.tecnoempleo.com/preventa-rf-michael-page/ip-radiofrecuencia/rf-eeac1fa6f214b3d12f4c,Preventa RF,Michael Page,"['IP', 'Radiofrecuencia', 'RF']","El Preventa RF tiene que realizar:

• Realización de pruebas en campo.
• Configuración de soluciones.
• Colaborar con el equipo de ventas para identificar las ...",29/05/2026Madrid (Presencial)Consultor
https://www.tecnoempleo.com/senior-fullstack-net-hays/net/rf-85b21954e20833838342,Senior Fullstack .NET,HAYS,['.NET'],"Tu nueva empresa Compañía tecnológica internacional que desarrolla productos propios basados en inteligencia artificial, combinando sistemas edge (dispositivos) con una ...",29/05/2026BarcelonaProgramador
https://www.tecnoempleo.com/tecnico-infraestructuras-it-discapacidad-page-pers/windows-office-365/rf-40fe1f0f9246533c6f48,Técnico Infraestructuras IT (discapacidad),Page Personnel,"['Windows', 'Office 365']","Perfil buscado (Hombre/Mujer)

• Diseño y mantenimiento de la infraestructura IT y arquitectura tecnológica.
• Gestión de la puesta en marcha y operación de ...",29/05/2026MadridTécnico de Sistemas42.000€ - 72.000€ b/a
https://www.tecnoempleo.com/cybersecurity-and-it-risk-engineer-bnp-paribas/owasp-iso-27001/rf-0b731a8a4296b3a52d4c,Cybersecurity and IT Risk Engineer,BNP Paribas,"['OWASP', 'ISO 27001', 'IEC 27001']","Cybersecurity and IT Risk Engineer - Vulnerability Management

About the job

South Europe Technologies (S.ET Iberia) is one of BNP Paribas Personal Finance´s shared ...",29/05/2026MadridCiberseguridad
https://www.tecnoempleo.com/data-analyst-sector-automocion-michael-page/power-bi-excel/rf-bebf1c902220233f2c42,Data Analyst (Sector Automocion),Michael Page,"['Power BI', 'Excel', 'SQL']","Perfil buscado (Hombre/Mujer)

• Analizar grandes volúmenes de datos del sector automoción, especialmente relacionados con motores y transmisiones (powertrain), para ...",29/05/2026100% remotoBig Data30.000€ - 33.000€ b/a
https://www.tecnoempleo.com/ingeniero-sistemas-electronicos-gmv/fpga-ramt/rf-18731945224e635e2e4e,Ingeniero/a de Sistemas Electrónicos,GMV,"['FPGA', 'RAMT', 'Safety']",¿Buscas un entorno innovador y consolidado donde seguir creciendo profesionalmente con proyectos tecnológicos de alto impacto? En GMV seguimos ampliando nuestros equipos en ...,29/05/2026Madrid (Híbrido)Electrónica
https://www.tecnoempleo.com/it-business-partner-sap-hays/sap/rf-1fd615bdd210f3d70d49,IT Business Partner SAP,HAYS,['SAP'],"IT Business Partner SAP

Posición confidencial | Entorno corporativo en crecimiento

¿Te motiva actuar como nexo entre negocio y tecnología? ¿Disfrutas acompañando a ...",29/05/2026BarcelonaConsultor
https://www.tecnoempleo.com/operating-manager-michael-page/lean-six-sigma/rf-78a41c400297d31ead41,Operating Manager,Michael Page,"['Lean', 'Six Sigma']","1. Millora del rendiment operatiu

• Identificar i implementar iniciatives de millora de l´eficiència operativa a les empreses del portfoli.
• Analitzar i millorar l...",29/05/2026BarcelonaConsultor
https://www.tecnoempleo.com/ingeniero-sistemas-redes-page-personnel/windows-active-directory/rf-0d441e5a72f183b9954d,Ingeniero de Sistemas y Redes,Page Personnel,"['Windows', 'Active Directory', 'Azure']","Perfil buscado (Hombre/Mujer)

• Atender y resolver incidencias IT de usuarios finales (hardware, software, sistemas y redes), actuando de forma proactiva y hands‑on...",29/05/2026MadridRedes42.000€ - 54.000€ b/a
https://www.tecnoempleo.com/frontend-react-nextjs-knowmad-mood/html5/rf-31a413ce22c813bc8741,Frontend React - NextJS,knowmad mood,"['react', 'NextJS', 'HTML5']","Únete a nuestro equipo como Frontend React Senior de uno de nuestros principales clientes, se trata de un cliente sector seguros

Es necesario almenos 4 o 5 años de ...",29/05/2026100% remotoProgramador
https://www.tecnoempleo.com/arquitecto-soluciones-empresariales-michael-page/java-net/rf-4bb11eaa222943629942,Arquitecto de Soluciones Empresariales,Michael Page,"['Java', '.NET', 'PHP']","Perfil buscado (Hombre/Mujer)

• Definir y supervisar la arquitectura tecnológica para proyectos empresariales clave de forma end-to-end, coherentes con el contexto ...",29/05/2026Madrid (Híbrido)Arquitecto TIC80.000€ - 86.000€ b/a
https://www.tecnoempleo.com/product-manager-conectividad-electronica-page-pers/industrial/rf-3b0d13b27211139f8544,Product manager (Conectividad-Electrónica),Page Personnel,"['industrial', 'electronica']","Reportando al Responsable del departamento, tus funciones principales serán:

• Desarrollar y gestionar proyectos técnicos dando soporte al departamento comercial.
• ...",29/05/2026BarcelonaElectrónica
https://www.tecnoempleo.com/lead-engineer-solutions-architect-edtech-page-pers/api-ci-cd/rf-1e2e17e3025c03eb7d4c,Lead Engineer/Solutions Architect EdTech,Page Personnel,"['API', 'CI/CD', 'Cloud']","Perfil buscado (Hombre/Mujer)

• Actuar como referente técnico para los equipos vinculados al producto (Backend, Unity, QA y otros perfiles de ingeniería).
• Definir ...",29/05/2026BarcelonaArquitecto TIC80.000€ - 86.000€ b/a
https://www.tecnoempleo.com/cto-it-digital-transformation-lead-michael-page/ai-data-analytics/rf-7e7810d432ec4317f94f,CTO / IT Digital Transformation Lead,Michael Page,"['AI', 'Data Analytics', 'Cybersecurity']","Our client is a global entertainment group with established offices across Europe and the U.S.

The group is experiencing a deep transformation due to its exponential growth...",29/05/2026MadridArquitecto TIC
https://www.tecnoempleo.com/tecnico-electromedicina-page-personnel/electromedicina/rf-13e216d1c2b52387f340,Técnico/a de Electromedicina,Page Personnel,['Electromedicina'],"Perfil buscado (Hombre/Mujer)

¿Cuál será tu día a día?

• Participar en la producción y ensamblaje de equipos y soluciones tecnológicas, tanto de hardware como ...",29/05/2026ValenciaTécnico Hardware
https://www.tecnoempleo.com/solution-architect-canales-asistidos-ust/solution-architecture-cloud-archi/rf-04e5147252fb53416b44,Solution Architect Canales asistidos,UST,"['solution architecture', 'cloud architecture']","¡Seguimos buscando talento…y nos encantaría que te unieras a nuestro equipo!

Para que nos conozcas algo mejor, UST es una multinacional norteamericana certificada como ...",29/05/2026Madrid (Híbrido)Arquitecto TIC
https://www.tecnoempleo.com/sap-sd-mm-consultant-michael-page/sap-sd-sap-mm/rf-26291ca562bba3b9c849,SAP SD/MM Consultant,Michael Page,"['SAP SD', 'SAP MM', 'SAP ECC']","• Support clients across SAP SD/MM processes.
• Participate in implementation projects, rollouts, migrations, and enhancements.
• Analyze and resolve incidents, ...",29/05/2026Barcelona (Híbrido)Consultor
https://www.tecnoempleo.com/responsable-tecnico-adjunto-direccion-michael-page/vb-c-net/rf-9d4319f7a25813bde746,Responsable Técnico / Adjunto dirección,Michael Page,"['VB', 'C# .Net', 'WPF']","• Gestionar y supervisar las operaciones del departamento de tecnología, reportando al director de IT.
• Dirigir a un equipo de 3 personas.
• Gestionar presupuesto y ...",29/05/2026Zaragoza (Presencial)Jefe de Equipo
https://www.tecnoempleo.com/administrador-sistemas-linux-michael-page/linux/rf-336914aa92ea8349864c,Administrador/a de sistemas Linux,Michael Page,['linux'],"Perfil buscado (Hombre/Mujer)

• Supervisar el estado de los servidores y garantizar su alta disponibilidad.
• Gestionar grandes volúmenes de datos, backups y planes ...",29/05/2026BizkaiaTécnico de Sistemas30.000€ - 42.000€ b/a
https://www.tecnoempleo.com/ingeniero-calidad-senior-page-personnel/office-excel/rf-8cb510aca2ddc36c5c47,Ingeniero/a de Calidad Senior,Page Personnel,"['calidad', 'Office', 'Excel']","Como Ingeniero/a de Calidad, deberás llevar a cabo las siguientes funciones:

• Gestionar todas las actividades relativas al uso de metodología de resolución de ...",29/05/2026CastellónIngenieros/Industria
https://www.tecnoempleo.com/analista-programador-michael-page/angular-java/rf-bc6b168be262c36d3a45,Analista Programador,Michael Page,"['Angular', 'Java', 'Spring']","• Análisis técnico de aplicaciones existentes.
• Desarrollo y evolución de nuevas funcionalidades.
• Participación en procesos de migración tecnológica.
• ...",29/05/2026100% remotoAnalista Programador30.000€ - 36.000€ b/a
https://www.tecnoempleo.com/ingeniero-diseno-electronico-gmv/c-python/rf-c8511973a26673ae2843,Ingeniero/a de diseño electrónico,GMV,"['C', 'C++', 'Python']",Buscamos incorporar un/a Ingeniero/a de Software Embarcado para integrarse en un equipo altamente cualificado dedicado al desarrollo de equipos electrónicos innovadores en el...,29/05/2026Madrid (Híbrido)Electrónica
https://www.tecnoempleo.com/project-manager-con-ingles-industria-michael-page/project-manager/rf-c90f1e106281f34a324b,Project Manager con Inglés (Industria),Michael Page,['Project Manager'],"Perfil buscado (Hombre/Mujer)

• Gestión integra de proyectos ad hoc con clientes.
• Control económico y de plazos de los proyectos a liderar.
• Interlocución con...",29/05/2026A CoruñaIngenieros/Industria
https://www.tecnoempleo.com/programador-plc-hays/scada/rf-b3a219552234533b9144,Programador PLC,HAYS,"['PLC', 'SCADA']",Buscamos un/a Técnico/a de Automatización PLC con experiencia para incorporarse a nuestro equipo en Zaragoza. La persona seleccionada participará en proyectos industriales...,29/05/2026ZaragozaProgramador
https://www.tecnoempleo.com/tecnico-reporting-regulatorio-cajamar-tecnologia/orep-finrep/rf-54161e47d2ea9340494f,Técnico Reporting Regulatorio,Cajamar Tecnología,"['OREP', 'FINREP', 'CIRBE']","¿Quiénes somos?  
Cajamar Tecnología es una empresa de servicios que forma parte del Grupo Financiero Cajamar, con presencia a nivel nacional. 

Nos caracterizamos por ser ...",29/05/2026Almería y otrasTécnico de Gestión
https://www.tecnoempleo.com/analista-programador-webfocus-tuyu-technology/sql/rf-1bd913d3325f034f0f4b,Analista programador/a Webfocus,Tuyú Technology,"['Webfocus', 'SQL']","¡Impulsa tu carrera con TUYÚ Technology! 

¿Te apasiona la tecnología y buscas un desafío que realmente marque la diferencia? Estamos en la búsqueda de un/a Analista ...",29/05/2026Murcia (Híbrido)Analista Programador30.000€ - 33.000€ b/a
https://www.tecnoempleo.com/consultor-dynamics-365-ce-baoss/dynamics-365-azure/rf-5e3a18af8256e3fa6f44,Consultor/a Dynamics 365 CE,Baoss,"['dynamics 365', 'azure', 'Power Platform']",Buscamos un/a Consultor/a Funcional Dynamics 365 CE para participar en proyectos de implantación y evolución de soluciones CRM basadas en Microsoft Dynamics 365 Customer ...,29/05/2026Madrid y otrasAnalista
https://www.tecnoempleo.com/jefe-proyecto-hub-digitalizacion-procesos-cajamar-/scrum-kanban/rf-c0ee11a762d5130a734d,Jefe de proyecto HUB Digitalización de Procesos,Cajamar Tecnología,"['Scrum', 'Kanban', 'PMI']","En Cajamar Tecnología, necesitamos incorporar a una persona en la oficina HUB Digitalización de Proceso

 ¿Quiénes somos?

 Cajamar Tecnología es una empresa de servicios...",29/05/2026Almería y otrasJefe de Proyecto
https://www.tecnoempleo.com/ingeniero-desarrollo-software-unmanned-teknologies/c-c/rf-e92d100fa28da3ad3747,Ingeniero/a de Desarrollo Software,"UNMANNED TEKNOLOGIES APPLICATIONS, S.L. (UTEK)","['C', 'C++', 'Linux']","Descripción: Las actividades estarán centradas en el desarrollo de aplicaciones software, tanto en entorno Windows, como para sistemas embebidos Linux, en sus diferentes ...",28/05/2026MadridElectrónica
https://www.tecnoempleo.com/jefe-proyecto-plataforma-cognitiva-cajamar-tecnolo/pmp-prince2/rf-d8f01138822f53586b41,Jefe de Proyecto - Plataforma Cognitiva,Cajamar Tecnología,"['PMP', 'PRINCE2', 'Scrum Master']","Jefe de Proyecto_Plataforma Cognitiva _Gen AI

¿Qué necesitamos de ti?  

 Grado en Ingeniería Informática, Telecomunicaciones, Matemáticas, o similar. Valorable má...",28/05/2026Almería (Híbrido) y otrasInteligencia Artificial/Machine Learning
https://www.tecnoempleo.com/especialista-en-seguridad-cifrado-corporativo-baos/vormetric-thales-cipher/rf-550917aa027933f33b4b,Especialista en seguridad y cifrado corporativo.,Baoss,"['Vormetric', 'Thales CipherTrust Manager']","Buscamos especialista en seguridad y cifrado corporativo para operar y evolucionar la plataforma Thales CipherTrust Manager (CTM) y Luna HSM, gestionando un servicio ...",28/05/2026Madrid y otrasAnalista
https://www.tecnoempleo.com/jefe-proyecto-plataforma-cognitiva-ia-cajamar-tecn/machine-learning-nlp/rf-7ef21aa522636356b841,Jefe Proyecto Plataforma Cognitiva IA,Cajamar Tecnología,"['IA', 'Machine Learning', 'NLP']","En Cajamar Tecnología, necesitamos incorporar a una persona en la oficina de Plataforma Cognitiva-Gen AI.

¿Qué necesitamos de ti?  

Grado en Ingeniería Informática, ...",28/05/2026Almería (Híbrido) y otrasInteligencia Artificial/Machine Learning
https://www.tecnoempleo.com/data-architect-ey/azure-data-onelake/rf-c1891d8b52bad382b442,Data Architect,EY,"['Azure Data', 'Onelake', 'MS Fabric']","En EY, damos forma al futuro con confianza.
Aquí encontrarás más que un trabajo: una oportunidad para crecer, aprender y dejar huella.

Únete a nuestros 7.000 ...",28/05/2026MadridArquitecto TIC
https://www.tecnoempleo.com/ingeniero-full-stack-react-java-gmv/maven-git/rf-614d11f3324a53caef4a,Ingeniero/a Full Stack (React + Java),GMV,"['Java', 'Maven', 'Git']","Si siempre soñaste con pasar el día en la Luna, pero eres de los que se marea en los viajes con curvas… ¡Tu sitio está con nosotros! Estamos ampliando nuestros equipos ...",28/05/2026Madrid (Híbrido) y otrasProgramador
https://www.tecnoempleo.com/ingeniero-procesos-michael-page/ingenieria/rf-ea471ffe52b6b306f849,Ingeniero/a de Procesos,Michael Page,['Ingenieria'],"• Diseñar, implementar y optimizar procesos productivos en el área de ingeniería y manufactura.
• Supervisar y analizar el rendimiento de los procesos para garantizar ...",28/05/2026HuelvaIngenieros/Industria
https://www.tecnoempleo.com/sap-mdg-master-data-governance-consultant-accentur/sap/rf-b46c121fe26c533deb4d,SAP MDG (Master Data Governance) Consultant,Accenture,['SAP'],"We are looking for passionate, curious and driven team players who are ready to ignite ideas, push boundaries and drive innovation. At Accenture you´ll work on innovative ...",28/05/2026MadridConsultor
https://www.tecnoempleo.com/it-operation-specialist-linux-support-airbus/unix-debian/rf-acdb1d71a245d362c14b,IT Operation Specialist - Linux Support,Airbus,"['Linux', 'Unix', 'Debian']","Job Description:

An opportunity for an IT Operation Specialist - Intermediate Linux Support has arisen within Airbus Helicopters (Albacete, Spain)

WHY JOIN US?

 LIFE ...",28/05/2026AlbaceteTécnico de Sistemas
https://www.tecnoempleo.com/desarrollador-aplicaciones-atos/net/rf-64e11071a284e32e2c47,Desarrollador/a de Aplicaciones,Atos,['.NET'],"Ubicación: Santander | Modelo de trabajo: Presencial

Atos es líder europeo en transformación digital, ciberseguridad, cloud y computación de alto rendimiento. Con ...",28/05/2026CantabriaProgramador
https://www.tecnoempleo.com/lider-innovacion-en-ia-gmv/inteligencia-artificial-ia-generativa/rf-4c661b4bc214f35a5341,Líder de Innovación en IA,GMV,"['Inteligencia Artificial', 'IA generativa', 'Python']","¿Buscas un sitio innovador y consolidado en el que desarrollarte profesionalmente? En GMV buscamos un/a Líder en Inteligencia Artificial con espíritu emprendedor, ...",28/05/2026Madrid (Híbrido) y otrasJefe de Proyecto
https://www.tecnoempleo.com/analista-programador-a-malthus-darwin/angular/rf-cb75141002f813b0464e,Analista Programador/a,Malthus Darwin,['Angular'],"Malthus Darwin es una empresa de Consultoría, especializada en la búsqueda, selección y evaluación de perfiles IT. Nuestro principal objetivo es proporcionar los mejores ...",28/05/2026MadridProgramador
https://www.tecnoempleo.com/tecnico-inyeccion-page-personnel/inyeccion-mecanica/rf-17ed1b7412be73fa9046,Técnico de inyección,Page Personnel,"['inyección', 'mecánica', 'electromecánica']","• Puesta en marcha y parada de máquinas de inyección de plástico.
• Montaje y ajuste de moldes de multicavidad (48 y 72 cavidades), incluyendo sistemas de cámara ...",28/05/2026GironaIngenieros/IndustriaJornada intensiva tarde
https://www.tecnoempleo.com/especialista-en-ciberseguridad-cyberark-atos/cyberark/rf-84761e29f2cdb3bfa848,Especialista en Ciberseguridad - CyberArk,Atos,['CyberArk'],"About Atos Group

Atos Group is a global leader in digital transformation with c. 67,000 employees and annual revenue of c. €10 billion, operating in 61 countries under ...",28/05/2026MadridCiberseguridad
https://www.tecnoempleo.com/tecnico-marketing-portugues-page-personnel/illustrator-photoshop/rf-5f5514ba9206a3d07d42,Técnico de Marketing (Portugués),Page Personnel,"['Illustrator', 'Photoshop', 'InDesign']","Buscamos a un profesional de Marketing con un fuerte componente de diseño para unirse al equipo de Marketing, en la oficina de Madrid.

El candidato seleccionado apoyará ...",28/05/2026Madrid (Presencial)Marketing30.000€ - 36.000€ b/a
https://www.tecnoempleo.com/consultor-comercial-it-michael-page/salesforce-hubspot/rf-960b189c4207f3e52a48,Consultor Comercial IT,Michael Page,"['Salesforce', 'HubSpot', 'SaaS']","• Prospectar y generar nuevas oportunidades de negocio en la zona de Andalucía.
• Gestionar el ciclo completo de ventas: reuniones, análisis de necesidades, ...",28/05/2026MálagaComercial
https://www.tecnoempleo.com/fullstack-net-core-angular-knowmad-mood/net/rf-3f961e43e2c8b3a70640,Fullstack .Net Core / Angular,knowmad mood,"['.NET', 'Angular']","Únete a nuestro equipo como Programador/a .Net Core/ Angular y forma parte de un entorno tecnológico, innovador, colaborativo y en constante evolución. 

¿Qué es lo que...",28/05/2026Baleares (Híbrido)Programador
https://www.tecnoempleo.com/senior-ai-engineer-epam/python-llm/rf-e84f1e25129f63b2de4a,Senior AI Engineer,EPAM,"['Python', 'LLM', 'Embeddings']",Are you a forward-thinking professional with a passion for artificial intelligence and advanced analytics? Join our team as a Senior AI Engineer and help shape the future of ...,27/05/2026MadridInteligencia Artificial/Machine Learning
https://www.tecnoempleo.com/jefe-proyectos-diseno-mecanico-bizkaia/solidworks-autocad/rf-04be133932e7a3a94145,Jefe/a de Proyectos diseño mecánico,Michael Page,"['SolidWorks', 'AutoCAD']","Perfil buscado (Hombre/Mujer)


Reportando a la Dirección de la compañía, la persona seleccionada tendrá entre otras funciones:

• Gestión del Equipo de Diseño ...",27/05/2026BizkaiaIngenieros/Industria
https://www.tecnoempleo.com/ingeniero-industrializacion-michael-page/lean-six-sigma/rf-ff9b1949c2fe034d034f,Ingeniero/a Industrialización,Michael Page,"['lean', 'Six Sigma']","Perfil buscado (Hombre/Mujer)

• Analizar el rendimiento de líneas y equipos productivos, proponiendo mejoras técnicas y de eficiencia (OEE).
• Implementar ...",27/05/2026BarcelonaIngenieros/Industria
https://www.tecnoempleo.com/tecnico-mantenimiento-cpd-nivel-2-arelance/linux/rf-44901b129244a3848e4b,Técnico/a de Mantenimiento y CPD Nivel 2,Arelance,['Linux'],En Arelance sabemos que las personas son el activo más importante dentro de una empresa y por tanto invertimos muchos esfuerzos en buscar los mejores profesionales para ...,27/05/2026Cantabria (Presencial)Administrador
https://www.tecnoempleo.com/tecnico-sistemas-sap-business-one-axalpha-consulti/linux-windows/rf-93b716d042d1a398954a,Técnico/a de Sistemas - SAP Business One,Axalpha Consulting,"['linux', 'windows', 'windows server']","Buscamos incorporar un/a Técnico/a de Sistemas para reforzar nuestro departamento TI SAP Business One.
No es imprescindible tener experiencia previa con SAP Business One, ...",27/05/2026Barcelona (Presencial)Soporte Técnico
https://www.tecnoempleo.com/ingeniero-procesos-michael-page/lean-autocad/rf-79f7175d822b535c4842,Ingeniero/a de Procesos,Michael Page,"['lean', 'AutoCAD']","Perfil buscado (Hombre/Mujer)

Participar en el diseño, ejecución, seguimiento y mejora de procesos y proyectos industriales orientados a la optimización de recursos té...",27/05/2026ValenciaIngenieros/Industria39.000€ - 42.000€ b/a
https://www.tecnoempleo.com/sap-ibp-planning-consultant-accenture/sap-ibp-hana/rf-f3421dabb2b213729941,SAP IBP Planning Consultant,Accenture,"['SAP IBP', 'hana']",Join Accenture and help transform leading organizations and communities around the world. The sheer scale of our capabilities and client engagements and the way we collaborate...,27/05/2026BarcelonaConsultor
https://www.tecnoempleo.com/sap-ewm-consultant-accenture/sap-ewm/rf-d7d610a23233f3cfb849,SAP EWM Consultant,Accenture,"['SAP EWM', 'SAP']","We are looking for passionate, curious and driven team players who are ready to ignite ideas, push boundaries and drive innovation. At Accenture you´ll work on innovative ...",27/05/2026MadridConsultor
https://www.tecnoempleo.com/ingeniero-software-embebido-c-c-gmv/c-python/rf-5ae4100982509388204f,Ingeniero/a de Software Embebido C/C++,GMV,"['C', 'C++', 'Python']",¿Quieres enfrentarte a nuevos retos sin renunciar a la estabilidad que da un grupo tecnológico de amplia experiencia? En GMV estamos ampliando nuestros equipos en el sector ...,27/05/2026Madrid (Híbrido)Ingenieros/Industria
https://www.tecnoempleo.com/tecnico-planificacion-h-m-michael-page/lean-5s/rf-2000165d6269e3c82240,Técnico/a de Planificación (h/m),Michael Page,"['Lean', '5S', 'Kaizen']","Reportando al Director Supply Chain, tus principales responsabilidades serán las siguientes:

• Apoyo a gestores de planificación en la organización de la secuenciació...",27/05/2026Bizkaia (Híbrido)Ingenieros/Industria
https://www.tecnoempleo.com/sap-retail-consultant-accenture/hana/rf-fd9a1878b2ad33b3a043,SAP Retail Consultant,Accenture,"['SAP', 'HANA']","We are looking for passionate, curious and driven team players who are ready to ignite ideas, push boundaries and drive innovation. At Accenture you´ll work on innovative ...",27/05/2026MadridConsultor
https://www.tecnoempleo.com/sap-ariba-technology-consultant-accenture/sap-ariba/rf-e9951a0f827993d41a4a,SAP Ariba Technology Consultant,Accenture,['SAP Ariba'],Join Accenture and help transform leading organizations and communities around the world. The sheer scale of our capabilities and client engagements and the way we collaborate...,27/05/2026MadridConsultor
https://www.tecnoempleo.com/qa-specialist-ia-page-personnel/ranorex-coded-ui/rf-f1ea19dbe2cbe3fa3f4f,QA Specialist (IA),Page Personnel,"['QA', 'Ranorex', 'Coded UI']","Participar en el ciclo de desarrollo de soluciones avanzadas basadas en inteligencia artificial, trabajando bajo metodologías ágiles y en coordinación con un equipo ...",27/05/2026BarcelonaTester/QA
https://www.tecnoempleo.com/business-development-sector-defensa-gmv/marketing/rf-4bee17c3f2f083b45c4c,Business Development (Sector Defensa),GMV,['Marketing'],¿Quieres liderar un equipo consolidado del sector Seguridad y Defensa y enfrentarte a nuevos retos? GMV somos un grupo tecnológico con amplia experiencia y estamos ampliando...,27/05/2026Madrid (Híbrido)Marketing
https://www.tecnoempleo.com/tecnico-montaje-electromecanico-michael-page/electromecanica/rf-253012db22ed931a1946,Técnico/a de montaje electromecánico,Michael Page,['Electromecánica'],"La persona seleccionada realizará las siguientes funciones:

• Montar y ensamblar equipos electromecánicos según planos y especificaciones técnicas.

• Realizar ...",27/05/2026ZaragozaIngenieros/Industria
https://www.tecnoempleo.com/ingeniero-s-devops-sg-tech/docker-kubernetes/rf-2d2f13a6426c6363004e,Ingeniero/s DevOps,sg tech,"['Docker', 'kubernetes', 'Bash']","Descripción

Precisamos incorporar un perfil de Ingeniero/a DevOps, con un mínimo de 2 años de experiencia, para trabajar de forma híbrida (50% en la zona del barrio de ...",27/05/2026Madrid (Híbrido)DevOps
https://www.tecnoempleo.com/tecnico-instalaciones-automatizacion-industrial-in/plc/rf-46bc1319b285a38e2647,Técnico Instalaciones Automatización Industrial,Ingeniería y Control Remoto (ICR),['PLC'],"¿Qué harás en tu día a día?

Instalación y puesta en marcha de sistemas de automatización
Conexionado de señales, instrumentación y comunicaciones industriales
...",27/05/2026GranadaIngenieros/Industria24.000€ - 30.000€ b/a
https://www.tecnoempleo.com/fullstack-django-react-advisorsy-robotizacion-sl/python-rest/rf-9ee01b8d6285434d414b,Fullstack Django + React,Advisorsy Robotizacion SL,"['Python', 'Django', 'REST']","Buscamos a quien quiera construir, no mantener.

Fullstack Django + React para liderar la migración de nuestro producto desde cero. Un equipo pequeño, un impacto enorme, y ...",27/05/2026Valencia y otrasProgramador
https://www.tecnoempleo.com/software-development-engineer-amazon/java-c/rf-6de41171226d33ae0e40,Software Development Engineer,Amazon,"['Java', 'C++', 'C#']",The Amazon Business team is building a development team to disrupt the way businesses worldwide purchase their supplies. Amazon Business launched in 2015 and reached its first...,26/05/2026MadridProgramador
https://www.tecnoempleo.com/iot-knx-engineer-smart-home-systems-zentrian/ets-modbus/rf-df631dbfc2e29311e942,IoT / KNX Engineer - Smart Home Systems,ZENTRIAN,"['KNX', 'ETS', 'Modbus']","Zentrian builds advanced smart living systems in real high-end properties.
Our current project is a live Smart Living Lab in Mallorca – where IoT, automation, and AI operate...",26/05/2026Baleares (Presencial)Ingenieros/Industria
https://www.tecnoempleo.com/soporte-helpdesk-futurs/itil-ticketing/rf-6cdd1317b2575365fa45,Soporte helpdesk,FutuRS,"['ITIL', 'ticketing', 'microsoft']",FutuRS es la división tecnológica del Grupo Ribera Salud. FutuRS es un nuevo concepto de salud en el que fusionamos visión clínica y tecnología para dar una respuesta ó...,26/05/2026Pontevedra (Presencial)Helpdesk
https://www.tecnoempleo.com/ai-llm-engineer-zentrian/python-postgresql/rf-b95d18826211b3e3a849,AI / LLM Engineer,ZENTRIAN,"['Python', 'PostgreSQL', 'Supabase']","We are building an advanced AI layer for real-world smart living systems. Our platform connects IoT infrastructure with LLM-based intelligence, enabling natural language ...",26/05/2026Baleares (Presencial)Inteligencia Artificial/Machine Learning
https://www.tecnoempleo.com/tecnico-microinformatica-grupo-sermicro/windows-office/rf-7e6917bf22a883f48e49,Técnico/a microinformática,Grupo Sermicro,"['windows', 'office']","Grupo Sermicro somos una empresa Integradora de referencia en Soluciones y Servicios TIC con 40 años de experiencia y una amplia presencia internacional.

Actualmente nos ...",26/05/2026Cádiz (Presencial)Helpdesk
https://www.tecnoempleo.com/lead-generation-specialist-saas-b2b-page-personnel/google-ads-seo/rf-e9d31109c2cc5300e846,Lead Generation Specialist - SaaS B2B,Page Personnel,"['Google Ads', 'SEO', 'Apollo']","Lead Generation (Core Focus - 70%)

• Identify, build, and maintain high-quality prospect lists using tools like LinkedIn Sales Navigator, Apollo, Cognism or ZoomInfo...",26/05/2026Barcelona (Presencial)Marketing
https://www.tecnoempleo.com/ingeniero-software-embebido-gmv/c-c/rf-fc5c1e9b32f2e38fc04e,Ingeniero/a de software embebido,GMV,"['C', 'C++', 'Python']",¿Buscas un sitio innovador y consolidado en el que desarrollarte profesionalmente? GMV somos un grupo tecnológico con amplia experiencia. Estamos ampliando nuestros equipos ...,26/05/2026Madrid (Híbrido)Electrónica
https://www.tecnoempleo.com/ingeniero-mecanico-instalaciones-page-personnel/office-autocad/rf-4ca814ded27f83cb2c49,Ingeniero Mecánico Instalaciones,Page Personnel,"['Office', 'AutoCAD', 'Presto']","La persona que se incorpore como ingeniero de instalaciones mecánicas realizará las siguientes funciones:

• Desarrollo de proyectos de instalaciones mecánicas ...",26/05/2026MadridIngenieros/Industria
https://www.tecnoempleo.com/consultor-senior-ciberseguridad-ens-atos/ciberseguridad/rf-0bde1ea4522c7326674a,Consultor/a Senior de Ciberseguridad ENS,Atos,"['Ciberseguridad', 'ENS']","En Atos estamos buscando un Consultor/a Senior de Ciberseguridad ENS (Esquema Nacional de Seguridad).

Requisitos:
- Titulación Universitaria: necesaria titulación ...",26/05/2026Madrid (Híbrido)Ciberseguridad
https://www.tecnoempleo.com/ingeniero-diseno-mecanico-michael-page/autodesk-inventor/rf-626118927203739e8240,Ingeniero/a de diseño mecánico,Michael Page,"['Autodesk', 'Inventor']","La persona seleccionada deberá realizar las siguientes funciones:

• Diseñar y desarrollar nuevos productos desde la fase de conceptual hasta su industrialización...",26/05/2026ZaragozaIngenieros/Industria
https://www.tecnoempleo.com/ingeniero-software-junior-con-c-gmv/c-linux/rf-2fcd16b4b2f3c3467d48,Ingeniero/a de Software Junior con C++,GMV,"['C++', 'Linux', 'MISRA C']",¿Buscas un sitio innovador y consolidado en el que desarrollarte profesionalmente? GMV somos un grupo tecnológico con amplia experiencia. Estamos ampliando nuestros equipos ...,26/05/2026Valladolid (Híbrido)Programador
https://www.tecnoempleo.com/ai-senior-designer-feverup/figma-after-effects/rf-2bf71bf1922f6337eb41,AI Senior Designer,FeverUp,"['Figma', 'After Effects', 'Premiere']","Hey there! 
We´re Fever, the world´s leading tech platform for culture and live entertainment.

Our mission? To democratize access to culture and entertainment. With our ...",26/05/2026Madrid (Híbrido)Diseño gráfico
https://www.tecnoempleo.com/analista-seguridad-la-informacion-gmv/ens-nis2/rf-dab11b9b32aad3bddf49,Analista de Seguridad de la Información,GMV,"['ENS', 'NIS2', 'ISO27001']","Si sueñas con ser un espía, pero nunca te ha gustado el Martini 🍸…. ¡Tu sitio está con nosotros! Estamos ampliando nuestro equipo corporativo de Ciberseguridad ...",26/05/2026Madrid (Híbrido)Auditor
https://www.tecnoempleo.com/project-manager-proceso-producto-michael-page/project-manager-automocion/rf-58ef13cb724cf3bed54d,Project Manager Proceso y Producto,Michael Page,"['project manager', 'Automocion']","La persona seleccionada será responsable de:

• Responsabilizarse del aseguramiento de producto y proceso tanto en proyectos como en la serie
• Liderar un equipo ...",26/05/2026ÁlavaJefe de Equipo
https://www.tecnoempleo.com/embedded-software-engineer-airbus/c-c/rf-4bd41cb442b9c3549c49,Embedded Software Engineer,Airbus,"['C', 'C++', 'Ada']","Job Description:

An opportunity for a Embedded Software Engineer has arisen within Airbus Defence and Space, Getafe (Madrid).

Our world is changing. And so are we. From ...",26/05/2026MadridElectrónica
https://www.tecnoempleo.com/business-developer-host-hotel-systems/hubspot-microsoft-365/rf-8321123fa2ab33c4dc41,Business Developer,Host Hotel Systems,"['Hubspot', 'Microsoft 365']","¿Buscas un nuevo reto profesional en un entorno tecnológico, dinámico y con un equipo de alto rendimiento? Este puede ser tu próximo paso.

Host Hotel Systems es uno de ...",26/05/2026Barcelona y otrasComercial
https://www.tecnoempleo.com/arquitecto-ciberseguridad-sopra-steria/cissp-ec-council/rf-72a8196f024b4335ec43,Arquitecto/a de ciberseguridad,Sopra Steria,"['ciberseguridad', 'CISSP', 'EC Council']","Descripción de la empresa

Porque trabajar en Sopra Steria, también es sentir Sopra Steria.

Somos un reconocido líder europeo en consultoría, servicios digitales y ...",25/05/2026MadridArquitecto TIC
https://www.tecnoempleo.com/senior-software-engineer-for-eurodrone-offboard-ai/python-c/rf-f7bf1baa52b503f10643,Senior Software Engineer for EuroDrone Offboard,Airbus,"['Python', 'C++', 'Java']","Job Description:
We are looking for a highly skilled Senior Software Engineer to design and develop next-generation ground-based software solutions supporting aircraft ...",25/05/2026Madrid (Híbrido)Programador
https://www.tecnoempleo.com/tecnico-calidad-construccion-michael-page/calidad/rf-7c3a16caf245237e334a,Técnico/a de Calidad construcción,Michael Page,['calidad'],"• Implementar y supervisar los procedimientos de calidad en los procesos de producción.
• Realizar auditorías internas de calidad y proponer planes de acción.
• ...",25/05/2026Zaragoza (Presencial)Ingenieros/Industria
https://www.tecnoempleo.com/software-requirements-and-test-engineer-airbus/c-c/rf-1dd01ca89236034bcf44,Software Requirements and Test Engineer,Airbus,"['C', 'C++', 'Ada']","Job Description:

An opportunity for a SW Requirements and Test Engineerhas arisen within Airbus Defence and Space, Getafe (Madrid). 

Our world is changing. And so are we...",25/05/2026MadridElectrónica
https://www.tecnoempleo.com/tecnico-servicio-asistencia-michael-page/electricidad-electronica/rf-582e1ae3222c23d87a4d,Técnico de Servicio de Asistencia,Michael Page,"['Electricidad', 'Electronica']","Perfil buscado

El perfil seleccionado tendrá como objetivo liderar el atender y resolver las incidencias de cliente, para eso se desempeñarán las siguientes funciones...",25/05/2026BizkaiaIngenieros/Industria
https://www.tecnoempleo.com/consultor-it-fondos-europeos-sopra-steria/coffee-prtr/rf-b51a1f8602b9137fd340,Consultor/a IT Fondos Europeos,Sopra Steria,"['CoFFEE', 'PRTR']","Descripción de la empresa

Porque trabajar en Sopra Steria, también es sentir Sopra Steria.

Somos un reconocido líder europeo en consultoría, servicios digitales y ...",25/05/2026Sevilla (Híbrido)Consultor
https://www.tecnoempleo.com/it-solution-architect-for-document-management-airb/filenet-java/rf-a827185ac2bfd3c6734f,IT Solution Architect for Document Management,Airbus,"['FileNet', 'Java', 'Angular']","Job Description:

A vacancy for an IT Technology Specialist/Solution Architect for Document Management Solutions has arisen within Airbus Defence and Space Digital. The ...",25/05/2026MadridArquitecto TIC
https://www.tecnoempleo.com/big-data-developer-fullstack-backend-focus-talan/big-data-java/rf-54c417b732bca3cdc941,Big Data Developer (Fullstack - Backend Focus),Talan,"['Big Data', 'Java', 'JavaScript']","Company Description

Talan - Positive Innovation

Talan is an international consulting group specializing in innovation and business transformation through technology. ...",25/05/2026MálagaAnalista Programador
https://www.tecnoempleo.com/tecnico-sistemas-michael-page/windows-linux/rf-e533193b620713d4cb4f,Técnico de Sistemas,Michael Page,"['Windows', 'Linux', 'MySQL']","• Resolución de incidencias de sistemas y redes.
• Soporte a usuarios de las diferentes empresas del Grupo.
• Mantenimiento y soporte de la infraestructura IT.
• ...",25/05/2026Barcelona (Híbrido)Programador
https://www.tecnoempleo.com/intelligent-mobility-systems-engineer-ust/scada-hmi/rf-f8881c6062f0130cb145,Intelligent Mobility Systems Engineer,UST,"['scada', 'hmi', 'sql']","¡Seguimos buscando talento…y nos encantaría que te unieras a nuestro equipo!

Para que nos conozcas algo mejor, UST es una multinacional norteamericana certificada como ...",22/05/2026Madrid (Híbrido)Ingenieros/Industria
https://www.tecnoempleo.com/snowflake-data-engineer-ust/etl-sql/rf-ebd01cd2928b1393a440,Snowflake Data Engineer,UST,"['SnowFlake', 'ETL', 'SQL']","We are still looking for the very Top Talent…and we would be delighted if you were to join our team!

More in details, UST is a multinational company based in North ...",22/05/2026Madrid (Híbrido)Big Data
https://www.tecnoempleo.com/integration-data-engineer-servex10/api-rest/rf-46aa17b692a813c6c340,Integration & Data Engineer,servex10,"['API', 'REST', 'SOAP']","QUÈ FARÀS:
•	Desenvolupar i mantenir integracions entre sistemes logístics, ERP (M.SOFT WORLDWIDE) i eines internes via APIs REST i processos ETL.
•	Automatitzar ...",22/05/2026Barcelona y otrasAnalista36.000€ - 39.000€ b/a
https://www.tecnoempleo.com/cloud-engineer-gfr-technologies-se/iac-terraform/rf-0ffa18fe12c0a3690f4a,Cloud Engineer,GFR Technologies SE,"['IaC', 'Terraform', 'Ansible']","GFT es una compañía pionera en transformación digital. Diseñamos soluciones de negocio centradas en la inteligencia artificial (AI-Centric), modernizamos infraestructuras ...",22/05/2026BarcelonaDevOps
https://www.tecnoempleo.com/salesforce-architect-gfr-technologies-se/mulesoft/rf-d8aa16cf62a723ddd34c,Salesforce Architect,GFR Technologies SE,"['Salesforce', 'MuleSoft']","GFT es una compañía pionera en transformación digital. Diseñamos soluciones de negocio centradas en la inteligencia artificial (AI-Centric), modernizamos infraestructuras ...",22/05/2026BarcelonaArquitecto TIC
https://www.tecnoempleo.com/jefe-proyecto-analitica-clientes-cajamar-tecnologi/warehuse-lake/rf-7e771a46a2f2f3532d49,Jefe de Proyecto - Analítica de Clientes,Cajamar Tecnología,"['warehuse', 'lake', 'fabric']","¿Qué necesitamos de ti?   

Titulación:

Grado en Ingenieria (Informática, Telecomunicaciones), Matemáticas,Administración de Empresas, Economía, o similares.
 
...",22/05/2026Almería (Híbrido)Analista
https://www.tecnoempleo.com/project-manager-michael-page/project-manager/rf-737c1c96227993f52d46,Project Manager,Michael Page,['Project Manager'],"Perfil buscado (Hombre/Mujer)

El/la Project Manager, reportando a Engineering Manager, se encargará de:

• Liderar y gestionar el proyecto de principio a fin aplicando...",22/05/2026Barcelona (Híbrido)Jefe de Proyecto54.000€ - 60.000€ b/a
https://www.tecnoempleo.com/ingeniero-ia-hays/inteligencia-artificial-nlp/rf-01671c33527b63cca340,Ingeniero IA,HAYS,"['Inteligencia Artificial', 'NLP', 'Python']","Tu nueva empresa
Desde HAYS estamos colaborando con una empresa líder en su sector, ubicada en la Ribera Alta (Valencia), que busca incorporar un/a Ingeniero/a de ...",22/05/2026ValenciaInteligencia Artificial/Machine Learning
https://www.tecnoempleo.com/data-scientist-hays/python-fastapi/rf-9fab14f4125523b35f42,Data Scientist,HAYS,"['Python', 'FastAPI', 'Dash']","Desde HAYS estamos colaborando con una empresa tecnológica ubicada en Bilbao, dedicada exclusivamente a proyectos de Inteligencia Artificial y Machine Learning.

Buscamos ...",22/05/2026Bizkaia (Híbrido)Big Data
https://www.tecnoempleo.com/comercial-it-hays/cloud-ciberseguridad/rf-4eb4180032fae3e15c4b,Comercial IT,HAYS,"['Cloud', 'Ciberseguridad', 'Redes']","Desde HAYS colaboramos con una empresa especializada en soluciones tecnológicas y telecomunicaciones para empresas, con foco en cloud, ciberseguridad, redes e ...",22/05/2026Bizkaia (Híbrido)Comercial
https://www.tecnoempleo.com/sap-ewm-senior-consultant-michael-page/s-4hana-sap-ewm/rf-d570107b829d13da9541,SAP EWM Senior Consultant,Michael Page,"['SAP', 'S/4HANA', 'SAP EWM']","• Participación activa en el proyecto global de migración a SAP S/4HANA.
• Diseño, configuración e implementación del módulo SAP EWM.
• Análisis y optimización...",22/05/2026Barcelona (Híbrido)Consultor
https://www.tecnoempleo.com/desarrollador-bmc-helix-baoss/bmc-helix-dwp/rf-73e81ef1e20a33b81f46,Desarrollador BMC HELIX,Baoss,"['BMC Helix', 'DWP', 'Workflow']","💼 Título del puesto: Consultor BMC Helix ITSM Senior

📝 Descripción del puesto:

Buscamos un Consultor BMC Helix ITSM Senior para incorporarse a nuestro equipo de ...",22/05/2026Madrid (Híbrido)Programador30.000€ - 45.000€ b/a
https://www.tecnoempleo.com/tecnico-redes-hibrido/redes-switches-routers-ups-sai-rack-servidores-audit/rf-c57f195422767394824c,Técnico de Redes,Invoin,"['redes', 'switches', 'routers']",En Grupo INVOIN necesitamos incorporar a nuestra plantilla un Ingeniero de Redes para participar en un proyecto estable de sistemas inteligentes de tráfico y transporte en ...,22/05/2026Madrid (Híbrido)Redes
https://www.tecnoempleo.com/senior-full-stack-developer-oxon-epidemiology/nodejs-javascript/rf-24db113b625d23fa494c,Senior Full Stack Developer,Oxon Epidemiology,"['Node.js', 'JavaScript', 'React']",OXON Epidemiology busca incorporar un/a Senior Full Stack Developer al departamento de Data Management para participar en la evolución de su plataforma EDC y de otras ...,22/05/2026Madrid (Híbrido) y otrasAnalista Programador
https://www.tecnoempleo.com/qa-tester-senior-api-testing-baoss/qa/rf-9027101772dde3f38c42,QA Tester Senior - API Testing,Baoss,"['QA', 'testing']","Buscamos QA Tester para incorporarse a un proyecto internacional trabajando directamente con el Test Manager del cliente dentro de uno o varios squads Agile.

La persona ...",22/05/2026Madrid y otrasTester/QA
https://www.tecnoempleo.com/administrador-sistemas-it-hibrido/cloud-aws-vmware-hyper-v-oci/rf-179f1b9e22ba03011e42,Administrador de Sistemas IT,Invoin,"['Cloud', 'AWS', 'VMWare']",En Grupo INVOIN necesitamos incorporar a nuestra plantilla un Administrador de Sistemas IT para participar en un proyecto estable de ingeniería de tráfico y transporte en ...,22/05/2026Madrid (Híbrido)Técnico de Sistemas
https://www.tecnoempleo.com/tecnico-soporte-nivel-1-ctrl360/windows-office-365/rf-a108191642ecf342f24d,Técnico de soporte Nivel 1,Ctrl360,"['windows', 'office 365', 'adobe']",Buscamos un Técnico de Soporte Nivel 1 para unirse a nuestro equipo de IT y brindar asistencia a usuarios en la resolución de incidencias técnicas de primer nivel. La ...,22/05/2026Barcelona (Presencial)Soporte Técnico18.000€ - 21.000€ b/a
https://www.tecnoempleo.com/tecnico-microinformatica-grupo-sermicro/microinformatica/rf-cbd8198a12b6a3079d4e,Técnico/a microinformatica,Grupo Sermicro,['microinformatica'],Grupo Sermicro es una empresa de referencia de Soluciones y Servicios TIC que ayuda a las empresas a desplegar su estrategia de negocio mediante un uso eficiente e innovador ...,22/05/2026Madrid (Presencial)Soporte Técnico
https://www.tecnoempleo.com/analista-senior-mainframe-fondos-valores-baoss/cobol-jcl/rf-d8f71d6222f38373f84f,Analista Senior Mainframe (Fondos y Valores),Baoss,"['Mainframe', 'cobol', 'jcl']","Buscamos Analista Senior Mainframe con experiencia en entornos financieros, especialmente en Fondos de Inversión y/o Valores, para incorporarse a un proyecto estable de alto ...",22/05/2026Madrid y otrasAnalista
https://www.tecnoempleo.com/tecnico-soporte-grupo-moraval/office-365-microsoft-365/rf-0d2b180d42c633841641,Técnico de Soporte,Grupo Moraval,"['Office 365', 'Microsoft 365', 'Exchange']","Empresa Promotora y Operadora de Residencias de Estudiantes en proceso de expansión, busca
incorporar a su plantilla a un/a Técnico de Soporte.

Responsabilidades del puesto...",22/05/2026Madrid (Presencial)Soporte Técnico
https://www.tecnoempleo.com/analista-funcional-sector-seguros-baoss/api-ia/rf-900f14b082f053a70d47,Analista Funcional (Sector Seguros),Baoss,"['API', 'IA']","🧩 Descripción del puesto

Buscamos un Analista Funcional con experiencia en el sector Seguros, especialmente en el ramo de No Vida, para participar en un proyecto estraté...",22/05/2026100% remotoAnalista
https://www.tecnoempleo.com/performance-testing-engineer-baoss/neoload-loadrunner/rf-e8dc122d927273e6b346,Performance Testing Engineer,Baoss,"['Neoload', 'LoadRunner', 'Atenea']","Buscamos profesionales especializados en Ejecución y Análisis de Pruebas de Rendimiento (SSDD) para incorporarse a proyectos estratégicos en entorno bancario.

Las ...",22/05/2026Madrid (Híbrido)Tester/QA
https://www.tecnoempleo.com/consultor-rea-activo-mainframe-baoss/mainframe/rf-c29a10c922bc03ca2d42,Consultor/a - Área de Activo (Mainframe),Baoss,['Mainframe'],Buscamos Consultor/a de Banca con experiencia en el área de Activo para incorporarse a un proyecto en el sector financiero. La persona seleccionada participará en ...,22/05/2026Barcelona y otrasConsultor
https://www.tecnoempleo.com/backend-java-junior-apis-baoss/pingid/rf-a71c1c0d4211d363f444,Backend Java Junior (APIs),Baoss,"['API', 'Java', 'PingID']","Descripción del puesto

Buscamos incorporar Desarrolladores Backend Java Junior para formar parte de un equipo tecnológico en crecimiento, participando en el desarrollo y ...",22/05/2026Madrid (Híbrido)Programador
https://www.tecnoempleo.com/coordinador-it-grupo-sermicro/ticketing-office-365/rf-acec146bc2b8c36d174f,Coordinador/a IT,Grupo Sermicro,"['TICKETING', 'OFFICE 365', 'WINDOWS']","¡Te invitamos a formar parte de nuestro equipo!
Actualmente estamos buscando un Coordinador/a IT para trabajar en un servicio para grandes empresas.
Te invitamos a formar ...",22/05/2026Madrid (Presencial)Soporte Técnico
https://www.tecnoempleo.com/ingeniero-junior-telecomunicaciones-ims-volte-pane/voip-sip/rf-166b1b38a22c23e89d46,Ingeniero/a Junior Telecomunicaciones IMS/VoLTE,PANEL Sistemas Informáticos,"['IMS', 'VoLTE', 'VoIP']","🚀 Buscamos ampliar equipo con Ingeniero/a Junior Telecomunicaciones – IMS / VoLTE
📍 Sector: Telecomunicaciones
📡 Área: Core Network / IMS / VoLTE

Estamos ...",22/05/2026100% remotoRedes
https://www.tecnoempleo.com/tecnico-sistemas-monitorizacion-5g-baoss/huawei-ericsson/rf-85e31f45a25893f1b244,Técnico/a de Sistemas y Monitorización 5G,Baoss,"['Huawei', 'Ericsson', 'ZTE']","Buscamos un/a Técnico/a de Sistemas especializado/a en monitorización de redes móviles 5G para incorporarse a un proyecto estable dentro del sector Telecomunicaciones, ...",22/05/2026100% remotoTécnico de Sistemas
https://www.tecnoempleo.com/tecnico-sistemas-baoss/vmware-vcenter/rf-d5221f3582e07366ea40,Técnico/a de Sistemas,Baoss,"['VMware', 'vCenter', 'Linux']",Buscamos un/a Técnico/a de Sistemas con experiencia en entornos de virtualización y administración de sistemas para incorporarse a un proyecto estable en un organismo pú...,22/05/2026Sevilla (Híbrido)Administrador
https://www.tecnoempleo.com/data-analytics-engineer-banca-panel-sistemas-infor/python-sql/rf-b92e1b29521123fad04a,Data Analytics Engineer Banca,PANEL Sistemas Informáticos,"['Python', 'SQL', 'Spark']","¡Únete a Panel como Data Analytics Engineer!
📍 Ubicación: Málaga
🏦 Sector: Banca
💼 Experiencia: +6 años
💻 Tecnologías: Python | SQL | Spark
☁️ Cloud: ...",22/05/2026Málaga (Presencial)Big Data
https://www.tecnoempleo.com/analista-programador-python-gis-baoss/esri-arcgis/rf-733013cf923253425142,Analista Programador/a - Python y GIS,Baoss,"['GIS', 'Esri', 'Python']","Buscamos incorporar Analista Programador/a con sólida experiencia en desarrollo GIS sobre tecnología Esri, para participar en proyectos innovadores relacionados con sistemas...",22/05/2026Sevilla y otrasAnalista Programador
https://www.tecnoempleo.com/desarrollador-java-8-baoss/spring-xml/rf-d5fe111fe25db3372340,Desarrollador/a Java 8,Baoss,"['java', 'spring', 'XML']",Buscamos Desarrollador/a Java 8 con sólida experiencia en entornos backend y desarrollo de servicios web para incorporarse a un equipo técnico consolidado. La persona ...,22/05/2026Bizkaia y otrasAnalista Programador
https://www.tecnoempleo.com/electromecanico-hays/plc-automatizacion/rf-6d071e95526393e5f54f,Electromecánico,HAYS,"['PLC', 'Automatización']","Desde Hays estamos colaborando con una empresa del sector alimentación en proceso de crecimiento, ubicada en la zona de Utiel-Requena, que busca incorporar un/a Electromecá...",22/05/2026ValenciaIngenieros/Industria
https://www.tecnoempleo.com/tecnico-mantenimiento-industrial-page-personnel/mecatronica/rf-0648125c427af3a3ec49,Técnico/a Mantenimiento Industrial,Page Personnel,['Mecatrónica'],"• Realizar el mantenimiento preventivo y correctivo de la maquinaria y los equipos industriales.
• Diagnosticar y solucionar averías en los sistemas mecánicos, elé...",22/05/2026AlicanteIngenieros/Industria30.000€ - 36.000€ b/a
https://www.tecnoempleo.com/responsable-ingenieria-pmo-michael-page/pmo/rf-1f1917ece25053a0e544,Responsable de Ingeniería y PMO,Michael Page,['PMO'],"Perfil buscado

El perfil seleccionado liderará la gestión del día a día del equipo técnico, para eso, se desempeñarán las siguientes funciones:

• Gestionar el ...",22/05/2026Gipuzkoa (Presencial)Jefe de Proyecto
https://www.tecnoempleo.com/senior-java-analyst-programmer-plexus/spring-sql/rf-e7d71d83a29e330a4c49,Senior Java Analyst/Programmer,Plexus,"['java', 'spring', 'SQL']","Details

Join Plexus Tech. We are looking for Senior Java Analyst/Programmer profiles.
 
REQUIREMENTS:
  - Experience with Java 8 or higher.
 - Experience with Spring ...",22/05/2026Madrid (Híbrido)Analista Programador
https://www.tecnoempleo.com/project-manager-it-michael-page/navision-business-central/rf-53071dfb8266f396bc4d,Project Manager IT,Michael Page,"['Navision', 'Business Central', 'API']","• Planificar, coordinar y supervisar proyectos tecnológicos de principio a fin.
• Elaborar y gestionar cronogramas, riesgos, alcance, dependencias y entregables.
• ...",22/05/2026ZaragozaJefe de Proyecto
https://www.tecnoempleo.com/fullstack-net-senior-developer-page-personnel/net-c/rf-dbfa1ad182d3c3430f48,Fullstack .Net Senior Developer,Page Personnel,"['.net', 'C#']","Perfil buscado (Hombre/Mujer)

• Desarrollo y mantenimiento de servicios backend utilizando C# / .NET
• Diseño e implementación de interfaces API eficientes, seguras ...",22/05/2026BarcelonaProgramador
https://www.tecnoempleo.com/tecnico-estudios-senior-page-personnel/ingenieria/rf-9b961c485250c364af4b,Técnico/a de Estudios Senior,Page Personnel,['Ingenieria'],"Realizar estudios técnicos y económicos de proyectos, transformándolos en memorias técnicas completas y rigurosas.
Supervisar y coordinar la elaboración de la memoria t...",22/05/2026SevillaConsultor
https://www.tecnoempleo.com/tecnico-auxiliar-organizacion-marketing-gmv/marketing/rf-df22147612f6e37c1c4a,Técnico auxiliar organización Marketing,GMV,['Marketing'],Si el único programa que se te resiste es el de la lavadora… ¡Tu sitio está con nosotros! Estamos ampliando nuestro equipo de Marketing y Comunicación para ayudarnos a ...,22/05/2026Madrid (Híbrido)Marketing
https://www.tecnoempleo.com/infrastructure-and-backup-engineer-l4-michael-page/azure-veeam/rf-dfb318107294a3ab3b4b,Infrastructure and Backup Engineer (L4),Michael Page,"['Azure', 'Veeam', 'Commvault']","Essential Roles & Responsibilities

Infrastructure & Backup Engineering

• Design, implement, and support complex infrastructure solutions across on‑premises, private ...",22/05/2026BarcelonaSoporte Técnico
https://www.tecnoempleo.com/data-analyst-gran-proyecto-michael-page/power-bi/rf-6981114a7271e344104d,Data Analyst  - Gran proyecto,Michael Page,['Power BI'],"Perfil buscado (Hombre/Mujer)

• Desarrollar y mantener informes interactivos y cuadros de mando utilizando Power BI.
• Analizar grandes volúmenes de datos para ...",22/05/2026Madrid (Híbrido)Big Data
https://www.tecnoempleo.com/net-developer-plexus/net/rf-ed1917b5b22af3d0f540,.NET Developer,Plexus,['.net'],"Details

Join Plexus Tech. We are looking for a Senior .NET Developer to join the team and participate in projects that will surely boost your professional growth.
 
...",22/05/2026A Coruña (Híbrido)Programador
https://www.tecnoempleo.com/ingeniero-software-embarcado-gmv/c-svf/rf-21cf15e5520ce3a2984d,Ingeniero/a de Software embarcado,GMV,"['C', 'C++', 'SVF']",Si la expresión Houston tenemos un problema te genera sentimientos encontrados… ¡Tu sitio está con nosotros! Estamos ampliando nuestros equipos en el sector espacio. Nos ...,22/05/2026Madrid (Híbrido)Electrónica
https://www.tecnoempleo.com/lead-solution-architect-sap-qm-michael-page/sap-qm-sap-mm/rf-1d9719a5f2bfc3d61245,Lead Solution Architect SAP QM,Michael Page,"['SAP QM', 'SAP MM', 'SAP PP']","• Liderar el diseño funcional y la arquitectura de procesos de SAP QM a nivel global.
• Gestionar el ciclo completo: análisis, blueprint, parametrización, pruebas, ...",22/05/2026Barcelona (Híbrido)Arquitecto TIC
https://www.tecnoempleo.com/project-manager-michael-page/project-manager/rf-f1d010f9a2f8732c8d41,Project Manager,Michael Page,['Project Manager'],"• Gestionar proyectos desde la planificación inicial hasta la entrega final, asegurando el cumplimiento de plazos y presupuestos.
• Coordinar equipos multidisciplinares ...",22/05/2026A CoruñaIngenieros/Industria
https://www.tecnoempleo.com/desarrollador-front-cells-sopra-steria/lit-html/rf-a5ec1799b25043f4864d,Desarrollador/a Front (CELLS),Sopra Steria,"['CELLS', 'lit', 'HTML']","Descripción de la empresa

Porque trabajar en Sopra Steria, también es sentir Sopra Steria.

Somos un reconocido líder europeo en consultoría, servicios digitales y ...",22/05/2026Madrid (Híbrido)Desarrollador Web
https://www.tecnoempleo.com/project-manager-industrial-page-personnel/project-manager/rf-192e1c8812e283c2e342,Project Manager Industrial,Page Personnel,['Project Manager'],"Perfil buscado (Hombre/Mujer)

Las principales funciones que realizarás como Project manager Industrial son:

• Planificar, coordinar y supervisar proyectos.
• ...",22/05/2026ValenciaInteligencia Artificial/Machine Learning
https://www.tecnoempleo.com/consultor-sap-sd-hays/hana/rf-ea6e1d0512a7839aec45,Consultor SAP SD,HAYS,"['sap', 'hana']","Tu nueva empresa Trabajarás en una compañía final/consultora de primer nivel, en crecimiento y con proyectos estables y de largo recorrido, siendo el proceso de selección ...",22/05/2026SevillaConsultor
https://www.tecnoempleo.com/c-developer-hays/c-tcp-ip/rf-969a186ea2fad3d05f42,C++ Developer,HAYS,"['C', 'C++', 'TCP/IP']","Tu nueva empresa
Empresa tecnológica consolidada dedicada al desarrollo de soluciones de comunicación y conectividad para entornos industriales y de edificación ...",22/05/2026Barcelona (Híbrido)Electrónica
https://www.tecnoempleo.com/ingeniero-procesos-michael-page/ingenieria-industrial/rf-7eec164bd2690378c74f,Ingeniero/a de Procesos,Michael Page,"['ingenieria', 'industrial']","Perfil buscado (Hombre/Mujer)

• Analizar y optimizar los procesos de producción para maximizar la eficiencia.
• Diseñar y documentar procedimientos operativos estándar...",22/05/2026CastellónIngenieros/Industria
https://www.tecnoempleo.com/java-tech-lead-plexus/spring/rf-2d0a19b492d5334efe4a,Java Tech Lead,Plexus,"['java', 'spring']","Details

Join Plexus Tech. We are looking for a Tech Lead with previous experience in the role and at least 5 years of experience in Java and Spring Boot environments to ...",22/05/2026Madrid (Híbrido)Programador
https://www.tecnoempleo.com/sql-server-database-administrator-plexus/sql-server/rf-5a181f97a297535c1940,SQL Server Database Administrator,Plexus,['SQL Server'],"Details

Join Plexus Tech. We are looking for an SQL Server Database Administrator.
 
REQUIREMENTS:
  - University degree in Information Technology, Higher Vocational ...",22/05/2026Madrid (Híbrido)Base de Datos/DBA
https://www.tecnoempleo.com/amazon-vendor-seller-page-personnel/amazon-business-amazon-advertising/rf-1ae3106ab2c0b3103b43,AMAZON Vendor & Seller,Page Personnel,"['Amazon Business', 'Amazon Advertising', 'Excel']","• Take full ownership of the local Amazon Business P&L, ensuring sales growth, profitability, and market share objectives are met in alignment with global strategic ...",22/05/2026BarcelonaMarketing
https://www.tecnoempleo.com/desarrollador-backend-java-con-azure-sopra-steria/mongodb/rf-6d271b47222de39e984c,Desarrollador/a Backend Java con Azure,Sopra Steria,"['java', 'azure', 'MONGODB']","Descripción de la empresa

Porque trabajar en Sopra Steria, también es sentir Sopra Steria.

Somos un reconocido líder europeo en consultoría, servicios digitales y ...",22/05/2026MadridDevOps
https://www.tecnoempleo.com/administrador-sistemas-cloud-gmv/aws-azure/rf-f2291c9cf21a633e6843,Administrador/a de sistemas Cloud,GMV,"['AWS', 'Azure', 'Windows Server']",¿Buscas un sitio innovador y consolidado en el que desarrollarte profesionalmente? GMV es un grupo tecnológico con amplia experiencia en proyectos e innovación en el sector...,22/05/2026Madrid (Híbrido)Técnico de Sistemas
https://www.tecnoempleo.com/hse-coordinador-planta-industrial-michael-page/iso-iatf/rf-d5a11d410213236aef4d,HSE coordinador - planta industrial,Michael Page,"['ISO', 'IATF']","• Gestionar y desarrollar el Sistema de Gestión de Salud y Seguridad (ISO 45001).
• Realizar evaluaciones de riesgos en puestos y maquinaria, e implementar planes de ...",22/05/2026Barcelona (Presencial)Ingenieros/Industria
https://www.tecnoempleo.com/ingeniero-testing-gmv/linux-doors/rf-597f1d964285d32e8946,Ingeniero/a de Testing,GMV,"['Linux', 'DOORS', 'Jira']","Si la frase “Gotta Catch ’Em All… all the bugs” te hace sonreír, ¡Tu sitio está en GMV! Estamos ampliando nuestros equipos en el sector Espacio para asumir ...",22/05/2026Madrid (Híbrido)Tester/QA
https://www.tecnoempleo.com/sap-abap-ey-gds-spain-ey/sap/rf-14891397e29e53b7cb4c,SAP ABAP - EY GDS Spain,EY,"['sap', 'abap']","SAP ABAP Developer

Right now, we are looking for a SAP BTP Development Architect + Clean Core ABAP Developer to join our EY GDS Consulting Services team focused on ...",22/05/2026Málaga (Híbrido)Consultor
https://www.tecnoempleo.com/windows-operations-engineer-l2-michael-page/windows-server-active-director/rf-7cfc14ed427583047f4d,Windows Operations Engineer (L2),Michael Page,"['Windows Server', 'Active Directory', 'DNS']","Essential Roles & Responsibilities

Ticket Management & Resolution

• Take ownership of Level 2 support tickets within the ITSM system, managing them from initial ...",22/05/2026BarcelonaSoporte Técnico
https://www.tecnoempleo.com/responsable-mejora-continua-hays/lean-cip/rf-fa8f1c9c225be3602b40,Responsable de Mejora Continua,HAYS,"['Lean', 'CIP', 'Green Belt']","Tu nueva empresa

Compañía referente y líder en su sector de soluciones de materiales de construcción altamente consolidada en el sector industrial, perteneciente a un ...",22/05/2026MadridIngenieros/Industria
https://www.tecnoempleo.com/cloud-architect-michael-page/azure-vmware/rf-52b311e172cc03be454b,Cloud Architect,Michael Page,"['Azure', 'VMware', 'Terraform']","Essential Roles & Responsibilities

• Design and deploy Azure and Private Cloud solutions that meet business requirements for scalability, reliability, security, and ...",22/05/2026BarcelonaArquitecto TIC
https://www.tecnoempleo.com/sap-senior-consultant-michael-page/sap/rf-1ebc159bc257d3641e43,SAP Senior Consultant,Michael Page,['sap'],"Perfil buscado (Hombre/Mujer)

As SAP MM Consultant, you will be responsible for supporting, improving, and leading SAP MM-related processes across procurement, outsourcing...",22/05/2026BarcelonaConsultor
https://www.tecnoempleo.com/marketing-brand-strategy-michael-page/crm-kpi/rf-d38e1f1702f1f37bbe4a,Marketing & Brand Strategy,Michael Page,"['marketing', 'CRM', 'KPI']","Esta posición actúa como referente de marca dentro de la organización, con responsabilidad global sobre marketing y crecimiento:

Definir y liderar la estrategia de ...",22/05/2026Granada (Presencial)Marketing
https://www.tecnoempleo.com/chief-technology-officer-cto-page-personnel/cto/rf-de521e599264f3a2214a,Chief Technology Officer (CTO),Page Personnel,['CTO'],"Buscan un perfil con:
• Interés por la innovación y la actualización tecnológica continua
• Capacidad de visión tecnológica, proponiendo nuevos enfoques de stack y...",22/05/2026Barcelona (Híbrido)Jefe de Equipo
https://www.tecnoempleo.com/lider-proyecto-implantacion-erp-oracle-michael-pag/oracle-erp-salesforce/rf-07741dadd2bf933ea34d,Líder Proyecto Implantación ERP Oracle,Michael Page,"['Oracle ERP', 'Salesforce', 'PMP']","Reportando al Director de Area TIC, la misión del rol será liderar la continuidad de la implantación integral así como la transformación hacia un modelo de AMS (...",22/05/2026MadridJefe de Proyecto
https://www.tecnoempleo.com/it-manager-michael-page/azure-microsoft-365/rf-d8081530826963ec7d45,IT Manager,Michael Page,"['Azure', 'Microsoft 365']","• Gestionar y supervisar los sistemas tecnológicos y de información de la empresa.
• Implementar y mantener soluciones digitales para optimizar los procesos ...",22/05/2026MadridJefe de Proyecto60.000€ - 72.000€ b/a
https://www.tecnoempleo.com/marketing-manager-b2b-michael-page/marketing/rf-3b2c1484a21563c4b04d,Marketing Manager B2B,Michael Page,['Marketing'],"Perfil buscado (Hombre/Mujer)

Trabajando codo con codo con el área comercial, la persona seleccionada se responsabilizará de:

• Diseñar y ejecutar el plan de ...",22/05/2026BarcelonaMarketing
https://www.tecnoempleo.com/ingeniero-electronico-page-personnel/pcb/rf-fbdd1177c2a2239e0b4b,Ingeniero electrónico,Page Personnel,['PCB'],"Perfil buscado (Hombre/Mujer)

Las funciones que desarrollará el Ingeniero electrónico serán las siguientes:

Diseñar y desarrollar circuitos electrónicos analógicos...",22/05/2026Barcelona (Híbrido)Electrónica39.000€ - 42.000€ b/a
https://www.tecnoempleo.com/asistente-gestion-proyectos-gmv/microsoft-project-atlassian/rf-bd3f1be12258a3408948,Asistente/a de Gestión de Proyectos,GMV,"['Microsoft Project', 'Atlassian', 'Jira']","¿Quieres liderar un equipo consolidado del sector aeroespacial y defensa, y enfrentarte a nuevos retos? GMV somos un grupo tecnológico con amplia experiencia en constante ...",22/05/2026Madrid (Híbrido)Consultor
https://www.tecnoempleo.com/instalaciones-mecanicas-page-personnel/bim/rf-1e4715567285231d174c,Instalaciones Mecanicas,Page Personnel,['BIM'],"Perfil buscado (Hombre/Mujer)

Redacción de proyectos de ejecución de instalaciones mecánicas ( PCI, Fontanería, Saneamiento Gas, etc) en el sector de la edificación.

...",22/05/2026MadridIngenieros/Industria
https://www.tecnoempleo.com/administrador-sistemas-redes-hays/windows-server-linux/rf-412b11a0b2bf33c8164a,Administrador/a Sistemas y Redes,HAYS,"['Windows Server', 'Linux', 'VMware']","Des de Hays busquem un Administrador/a Sènior de Sistemes i Xarxes per una empresa tecnològica amb seu a Lleida, especialitzada en infraestructura IT, ciberseguretat i ...",22/05/2026Lleida (Híbrido)Redes
https://www.tecnoempleo.com/windows-operations-engineer-l3-michael-page/windows-server-active-director/rf-7d2c168f222b23186b42,Windows Operations Engineer (L3),Michael Page,"['Windows Server', 'Active Directory', 'DNS']","Essential Roles & Responsibilities

Advanced Ticket Resolution & Escalation

• Take ownership of complex, high‑priority Level 3 incidents, problems, and non‑standard...",22/05/2026BarcelonaSoporte Técnico
https://www.tecnoempleo.com/tecnico-mantenimiento-mecanico-michael-page/electromecanica/rf-5b9a15c5621e835a1b44,Técnico Mantenimiento Mecánico,Michael Page,['Electromecánica'],"La persona se incorporará dentro del equipo de mantenimiento mecánico de la planta y sus responsabilidades principales incluyen:

• Ejecución de mantenimiento ...",22/05/2026GipuzkoaIngenieros/Industria
https://www.tecnoempleo.com/disenador-mecanico-michael-page/autocad-solidworks/rf-59c419a022a30330b947,Diseñador Mecánico,Michael Page,"['AutoCAD', 'SolidWorks']","• Diseñador Mecánico para diseñar y desarrollar componentes mecánicos para proyectos en el sector Retail.
• Realizar análisis técnicos y cálculos para garantizar ...",22/05/2026SevillaIngenieros/Industria
https://www.tecnoempleo.com/arquitecto-datos-sector-bancario-michael-page/snowflake-aws/rf-e39f1182223a03a1fc48,Arquitecto/a de Datos (Sector Bancario),Michael Page,"['Snowflake', 'AWS', 'Data Lake']","• Definir y evolucionar la arquitectura de datos end‑to‑end corporativa.
• Establecer patrones arquitectónicos sólidos: batch/stream, CDC, API-first, MDM, linaje, ...",22/05/2026Madrid (Híbrido)Arquitecto TICContrato temporal
https://www.tecnoempleo.com/data-engineer-senior-aws-sg-tech/python-spark/rf-a5e314021233a3f7014a,Data Engineer Senior AWS,sg tech,"['AWS', 'Python', 'Spark']","Descripción

En SG Tech impulsamos la transformación digital de las organizaciones a través de soluciones tecnológicas personalizadas, sostenibles y orientadas a ...",22/05/2026Madrid (Híbrido)Big Data
https://www.tecnoempleo.com/power-apps-developer-grupo-digital/power-apps-power-platform/rf-1f481620a2a7730a654c,Power Apps Developer,Grupo Digital,"['power apps', 'power platform']","Descripción
Trabaja en soluciones low-code de alto impacto con el ecosistema Microsoft.
Proyecto estable donde podrás diseñar, automatizar y optimizar aplicaciones ...",22/05/2026100% remotoProgramador
https://www.tecnoempleo.com/arquitecto-empresarial-michael-page/togaf-dama/rf-bbdf1792a297c331854d,Arquitecto Empresarial,Michael Page,"['TOGAF', 'DAMA', 'Azure']","• Definir y mantener los estándares de arquitectura, estrategia y hoja de ruta técnica general para asegurar que el ecosistema tecnológico esté alineado con la ...",22/05/2026Zaragoza (Híbrido)Arquitecto TIC
https://www.tecnoempleo.com/desarrollador-software-net-gmv/net-c/rf-1627193132c793afad42,Desarrollador de software .NET,GMV,"['.NET', 'C#', 'API']",En GMV estamos ampliando nuestros equipos en el sector Defensa y Seguridad para asumir proyectos de desarrollo de software orientado a sistemas de inteligencia y procesamiento...,22/05/2026Madrid (Híbrido)Programador
https://www.tecnoempleo.com/pmo-jr-automatizacion-digital-ingles-alto-grupo-di/power-platform/rf-65d91650b27b13138d4d,PMO Jr Automatizacion Digital (Ingles alto),Grupo Digital,"['pmo', 'Power Platform']","Descripción
¿Te interesa liderar proyectos de automatización y transformación digital con impacto real en clientes internacionales?
Buscamos una persona con perfil tecnol...",22/05/2026Madrid (Híbrido)Jefe de Proyecto
https://www.tecnoempleo.com/tecnico-seguridad-ciberseguridad-junior-aguas-burg/firewall-ids-ips/rf-eaf21a74420993c65a41,Técnico Seguridad y Ciberseguridad Junior,AGUAS DE BURGOS,"['Firewall', 'IDS/IPS', 'VPN']","TÉCNICO DE SEGURIDAD y CIBERSEGURIDAD
SOCIEDAD MUNICIPAL AGUAS DE BURGOS SA

Únicamente se considerarán las solicitudes:

- Realizadas conforme a las bases de la ...",22/05/2026Burgos (Presencial)Ciberseguridad39.000€ - 45.000€ b/a
https://www.tecnoempleo.com/tecnico-renove-grupo-sermicro/ticketing-soporte/rf-2b83160c023833855842,Técnico/a Renove,Grupo Sermicro,"['ticketing', 'soporte', 'microinformatica']","Grupo Sermicro somos una empresa Integradora de referencia en Soluciones y Servicios TIC con más de 40 años de experiencia y una amplia presencia internacional.

¡Te ...",22/05/2026MurciaSoporte TécnicoContrato temporal
https://www.tecnoempleo.com/analista-funcional-reporte-regulatorio-cajamar-tec/power-bi-sql/rf-92a91e724239b310694c,Analista Funcional - Reporte Regulatorio,Cajamar Tecnología,"['Power BI', 'SQL']","En Cajamar Tecnología, necesitamos incorporar un especialista en la oficina de Reporte Regulatorio.

¿Quiénes somos?  
Cajamar Tecnología es una empresa de servicios que ...",22/05/2026Almería (Híbrido) y otrasAnalista
https://www.tecnoempleo.com/tecnico-datos-etl-arquitecturas-cloud-hub-cajamar-/powercenter-talend/rf-d83e13d852abd39f5447,Técnico de Datos ETL y Arquitecturas Cloud (HUB),Cajamar Tecnología,"['PowerCenter', 'Talend', 'ETL']","En Cajamar Tecnología, necesitamos incorporar a una persona en la oficina Plataforma Hub Data. 

¿Quiénes somos?  

Cajamar Tecnología es una empresa de servicios que ...",22/05/2026Almería (Híbrido) y otrasBig Data
https://www.tecnoempleo.com/senior-manager-of-software-development-amazon/agile/rf-9164134b2246730e9240,Senior Manager of Software Development,Amazon,['Agile'],"When you order items on Amazon, there are practically thousands of ways we can fulfill that order. Which Fulfillment Center do we ship the items from, what carriers to use, ...",21/05/2026BarcelonaJefe de Equipo
https://www.tecnoempleo.com/lab-test-means-integration-engineer-airbus/autocad-altium-designer/rf-6b3b18da624f63c6c94b,Lab Test Means Integration Engineer,Airbus,"['Autocad', 'Altium Designer', 'SAP']","Job Description:

A vacancy has arisen for a ""Lab Test Means Integration Engineer"" within Airbus Defence & Space to be based at Getafe site in Spain.

The successful ...",21/05/2026MadridIngenieros/Industria
https://www.tecnoempleo.com/technology-lead-hp-s-accenture/project-manager/rf-a3321d9572d543929f4f,Technology Lead HP&S,Accenture,['Project Manager'],"Engage with us and explore the exciting world of Public Services! In this role, you will have the opportunity to be a Subject Matter Expert, collaborating with various teams ...",21/05/2026SevillaJefe de Proyecto
https://www.tecnoempleo.com/analista-responsable-infraestructura-clientes-baos/migraciones-ia/rf-87bc185cd25b636dbe40,Analista/Responsable - Infraestructura de Clientes,Baoss,"['migraciones', 'IA']","Buscamos Analista Funcional/Responsable en Infraestructura de Clientes para incorporarse a un proyecto estratégico en el sector bancario, enfocado en la evolución y ...",21/05/2026Madrid y otrasAnalista
https://www.tecnoempleo.com/technical-lead-java-tuyu-technology/springboot-jpa/rf-21e41a67d284e3f04442,Technical Lead Java,Tuyú Technology,"['springboot', 'JPA', 'Rest APIs']","🚀 ¡Impulsa tu carrera con TUYÚ Technology!

Buscamos Expert / Technical Lead Java con amplia experiencia en microservicios, desarrollo y un nivel de inglés fluido, para ...",21/05/2026Málaga (Híbrido) y otrasJefe de Equipo24.000€ - 33.000€ b/a
https://www.tecnoempleo.com/sap-finance-consultant-accenture/sap-finance-hana/rf-ed401f35f23913c3df47,SAP Finance Consultant,Accenture,"['SAP', 'SAP Finance', 'HANA']","We are looking for passionate, curious and driven team players who are ready to ignite ideas, push boundaries and drive innovation. At Accenture you´ll work on innovative ...",21/05/2026MadridConsultor
https://www.tecnoempleo.com/cloud-security-architect-accenture/aws-azure/rf-f28a1bf7526193ed1d48,Cloud Security Architect,Accenture,"['AWS', 'Azure', 'GCP']",Te gustaría formar parte de un equipo de más de 19.000 especialistas en ciberseguridad en todo el mundo? Accenture tiene una oportunidad para que te unas a nuestro equipo de...,21/05/2026MadridCiberseguridad
https://www.tecnoempleo.com/disenador-arquitectura-2d-3d-page-personnel/3dmax-autocad/rf-0bfd145732a673bafc4c,Diseñador/a Arquitectura 2D/3D,Page Personnel,"['3DMax', 'AutoCAD', 'Photoshop']","Perfil buscado (Hombre/Mujer)

Debido al crecimiento del departamento de diseño 3D, buscamos un/a Diseñador/a de Arquitectura Efímera 2D/3D (Stands - Features Areas) con ...",21/05/2026MadridDiseño gráfico24.000€ - 27.000€ b/a
https://www.tecnoempleo.com/manager-ciberseguridad-gmv/ciberseguridad/rf-28b914c062631308f445,Manager de Ciberseguridad,GMV,['Ciberseguridad'],"Si siempre soñaste con pasar el día en la Luna, pero eres de los que se marea en los viajes con curvas… ¡Tu sitio está con nosotros!Estamos ampliando nuestros equipos en...",21/05/2026MadridCiberseguridad
https://www.tecnoempleo.com/senior-python-etl-developer-remote-plexus/pyspark/rf-bfe0180fc2d2f3de284f,Senior Python ETL Developer (Remote),Plexus,"['Python', 'ETL', 'PySpark']","Details

Join Plexus Tech. We are currently looking for a Senior Python Developer specialized in ETL for an important project.
 
 REQUIREMENTS: 
  - Education: Degree in ...",21/05/2026100% remotoBig Data
https://www.tecnoempleo.com/ux-researcher-intern-amazon/usability/rf-e956157e123663426a47,UX Researcher Intern,Amazon,"['UX', 'Usability']","As a UX Research Intern you will need to think strategically, be creative, and negotiate design solutions in relation to business goals. Help collect and analyze user behavior...",21/05/2026MadridAnalista
https://www.tecnoempleo.com/lider-tecnico-satcom-payload-gmv/satcom/rf-1f071cb07200938be940,Líder Técnico Satcom Payload,GMV,['SATCOM'],¿Quieres liderar un equipo consolidado del sector espacio y enfrentarte a nuevos retos? Estamos ampliando nuestros equipos para proyectos de SATCOM en la parte de payload.Nos...,21/05/2026MadridJefe de Proyecto
https://www.tecnoempleo.com/sap-central-finance-consultants-accenture/sap/rf-6dc416bb323723199b4d,SAP Central Finance Consultants,Accenture,['SAP'],"We are looking for passionate, curious and driven team players who are ready to ignite ideas, push boundaries and drive innovation. At Accenture you´ll work on innovative ...",21/05/2026MadridConsultor
https://www.tecnoempleo.com/sap-vim-consultants-accenture/sap-vim/rf-d6ab19c3e2ff7341a54b,SAP VIM Consultants,Accenture,"['SAP', 'SAP VIM']","We are looking for passionate, curious and driven team players who are ready to ignite ideas, push boundaries and drive innovation. At Accenture you´ll work on innovative ...",21/05/2026MadridConsultor
https://www.tecnoempleo.com/data-management-platform-cde-lead-owner-axpo-group/autodesk-forma-dalux/rf-4b4d18f1c23d53f16242,Data Management Platform (CDE) Lead/Owner,Axpo Group,"['Autodesk Forma', 'Dalux', 'Trimble']","Workload 80 - 100%

Join Axpo to own and scale our Common Data Environment (CDE) - Autodesk Forma (former Autodesk Construction Cloud) across 600+ users and 200+ projects in...",20/05/2026Madrid (Híbrido)Consultor
https://www.tecnoempleo.com/senior-data-ai-architect-technical-lead-deloitte/genai-llm/rf-913c1648a2f6b370214d,Senior Data & AI Architect / Technical Lead,Deloitte,"['GenAI', 'LLM', 'OpenAI']","´Te imaginas participando en la transformación de las principales organizaciones nacionales e internacionales?

En Deloitte estamos comprometidos con generar un impacto en...",19/05/2026BarcelonaArquitecto TIC
https://www.tecnoempleo.com/analista-datos-sr-con-discapacidad-page-personnel/sql-server-power-bi/rf-6c2415f8c2c073d1e042,Analista datos Sr con discapacidad,Page Personnel,"['SQL server', 'Power BI']","Perfil buscado (Hombre/Mujer)

Desarrollar y mantener Datamarts para organizar datos de distintas fuentes para conseguir que la información se puede analizar desde ...",19/05/2026Madrid (Híbrido)Analista36.000€ - 54.000€ b/a
https://www.tecnoempleo.com/kam-componente-industrial-hays/kam/rf-3d201395c22dc310c14f,KAM componente industrial,HAYS,['KAM'],"EMPRESA Y ÁREA FUNCIONAL:Reportando a la Dirección comercial, tu misión como 

KAM para mercado europeo de esta empresa vasca del sector automoción ubicada en Vitoria, ...",18/05/2026BizkaiaComercial
https://www.tecnoempleo.com/administrador-sistemas-iam-baoss/okta-microsoft-entra-id/rf-ad9d192152ed837ef447,Administrador/a de Sistemas - IAM,Baoss,"['Okta', 'Microsoft Entra ID', 'IAM']",Buscamos Administrador/a de Sistemas con sólida experiencia en gestión de identidades y accesos (IAM) para liderar un proyecto estratégico de migración desde Okta hacia ...,15/05/2026Sevilla y otrasAdministrador
https://www.tecnoempleo.com/analista-redhat-openshift-virtualization-baoss/linux-kubernetes/rf-264018b362eb236b0542,Analista RedHat OpenShift Virtualization,Baoss,"['Openshift', 'Linux', 'Virtualization']","🚀 ¡Buscamos Analista Red Hat OpenShift Virtualization!

La persona seleccionada participará en proyectos de infraestructura virtualizada y contenerizada, colaborando en ...",15/05/2026Madrid y otrasTécnico de Sistemas
https://www.tecnoempleo.com/servicenow-engineer-developer-panel-sistemas-infor/csa-javascript/rf-dd7012ac12423349984f,ServiceNow Engineer / Developer,PANEL Sistemas Informáticos,"['ServiceNow', 'csa', 'JavaScript']","🚀 Estamos buscando: ServiceNow Engineer / Developer
🌐 Trabajo en remoto
¿Tienes experiencia desarrollando soluciones en ServiceNow y quieres formar parte de un equipo ...",15/05/2026Madrid (Presencial)Analista Programador
https://www.tecnoempleo.com/net-developer-baoss/net-net-core/rf-47af1d54622da32be346,.NET Developer,Baoss,"['.NET', '.NET Core', 'C#']",Buscamos un/a Desarrollador/a Senior .NET con sólida experiencia en entornos cloud y arquitecturas modernas para incorporarse a un equipo tecnológico en crecimiento. ...,15/05/2026100% remotoDesarrollador Web
https://www.tecnoempleo.com/analista-programador-cobol-sql-server-baoss/sql-server/rf-96571167e2f413ecd04d,Analista Programador - Cobol y SQL Server,Baoss,"['COBOL', 'SQL Server']","Buscamos analistas programadores con experiencia en COBOL y SQL Server para incorporarse a proyectos del sector bancario.


🧩 Funciones principales:

-Desarrollo y ...",15/05/2026Bizkaia y otrasAnalista
https://www.tecnoempleo.com/tecnico-soporte-aplicaciones-panel-sistemas-inform/apis-rest/rf-00d314f742e0230f6046,Técnico/a de Soporte de Aplicaciones,PANEL Sistemas Informáticos,"['apis', 'rest', 'soap']","✅ Técnico/a de Soporte de Aplicaciones – Proyecto Sector Logístico
📍 Presencial – Villaverde (Madrid)
⏱️ Incorporación inmediata
🏢 Contrato indefinido en ...",15/05/2026Madrid (Presencial)Soporte Técnico
https://www.tecnoempleo.com/tecnico-soporte-junior-grupo-moraval/ticketing-office-365/rf-fc0d15ee42e66366cd4a,Técnico de Soporte Junior,Grupo Moraval,"['Ticketing', 'Office 365', 'windows']","Empresa Promotora y Operadora de Residencias de Estudiantes y en proceso de expansión, busca incorporar a su plantilla a un/a Técnico de Soporte Jr.

Responsabilidades del ...",15/05/2026Madrid (Presencial)Helpdesk
https://www.tecnoempleo.com/technical-consultant-servicenow-panel-sistemas-inf/html-css/rf-9e2d161cc20683bc9f49,Technical Consultant ServiceNow,PANEL Sistemas Informáticos,"['ServiceNow', 'HTML', 'CSS']","🚀 ¡Estamos contratando: Senior Technical Consultant – ServiceNow!
📍 Remoto desde Madrid
🌍 Inglés mínimo: B2
¿Tienes experiencia sólida en ServiceNow y te ...",15/05/2026Madrid (Presencial)Consultor
https://www.tecnoempleo.com/qa-manual-tester-ingles-b2-panel-sistemas-informat/selenium-jira/rf-216918ae42678354a845,QA Manual Tester / Inglés B2,PANEL Sistemas Informáticos,"['Selenium', 'Jira', 'Bugzilla']","🚀 ¡Buscamos QA Manual Tester en Madrid!
📍 Presencial – Madrid
🌍 Inglés: B2
¿Te apasiona la calidad del software y quieres crecer en un entorno dinámico y ...",15/05/2026Madrid (Presencial)Tester/QA
https://www.tecnoempleo.com/project-manager-seguros-baoss/pmo/rf-f65c1b13a2be832b7e49,Project Manager (SEGUROS),Baoss,['PMO'],"🧩 Descripción del puesto

Buscamos un Project Leader / PMO para liderar un proyecto estratégico en el área de Testamentarías dentro del sector seguros, concretamente en...",15/05/2026Barcelona (Híbrido)Jefe de Proyecto
https://www.tecnoempleo.com/data-engineer-gmv/power-bi-talend/rf-d43c1b320243432b3542,Data Engineer,GMV,"['Power BI', 'Talend', 'Prefect']",¿Buscas un sitio innovador y consolidado en el que desarrollarte profesionalmente? GMV somos un grupo tecnológico con amplia experiencia. Estamos ampliando nuestros equipos ...,15/05/2026Valladolid (Híbrido)Big Data
https://www.tecnoempleo.com/ingeniero-diseno-sector-energetico-michael-page/autocad-solidworks/rf-5c191f3e6242b3195d4d,Ingeniero/a de Diseño - Sector energetico,Michael Page,"['Autocad', 'SolidWorks']","Dependiendo de la dirección técnica, el perfil seleccionado desarrollará toda la fase de diseño de producto desde la toma de requisito de cliente hasta la ingeniería de ...",15/05/2026ÁlavaIngenieros/Industria
https://www.tecnoempleo.com/responsable-informatica-erp-page-personnel/dynamics-365/rf-14d117bd4257639b0744,Responsable de Informática/ERP,Page Personnel,['Dynamics 365'],"• Liderar la implantación de Microsoft Dynamics (ERP).
• Estabilización de sistemas y soporte a la operación.
• Automatización de procesos y aplicación de IA...",15/05/2026BarcelonaJefe de Proyecto45.000€ - 54.000€ b/a
https://www.tecnoempleo.com/ingeniero-calculo-estructural-hays/cype-sap2000/rf-85781bed025aa346e440,Ingeniero/a de cálculo estructural,HAYS,"['CYPE', 'SAP2000', 'Robot']","Nuestro cliente, empresa del sector ferroviario ubicada en Donosti, se encuentra en búsqueda de un/a Ingeniero/a civil. Reportando al CEO, tu misión principal será la ...",15/05/2026GipuzkoaIngenieros/Industria
https://www.tecnoempleo.com/project-manager-soluciones-industriales-michael-pa/project-manager/rf-21bf12c5320a5373d541,Project Manager - Soluciones industriales,Michael Page,['Project Manager'],"El perfil seleccionado tendrá como objetivo principal liderar el alcance, tiempo y coste del proyecto en todo su ciclo de desarrollo, para eso, se desempeñarán las ...",15/05/2026BizkaiaIngenieros/Industria
https://www.tecnoempleo.com/pm-sap-fico-gran-oportunidad-galicia-michael-page/sap-fico-hana/rf-fdd91f2a12c303ff3741,PM SAP FICO - Gran Oportunidad Galicia,Michael Page,"['SAP FICO', 'SAP', 'HANA']","• Implementar y configurar módulos SAP FICO según las necesidades del negocio.
• Analizar procesos financieros y contables para proponer mejoras y soluciones efectivas...",15/05/2026Pontevedra (Híbrido)Consultor
https://www.tecnoempleo.com/ia-engineer-page-personnel/python-openai/rf-76881378c22353131b49,IA Engineer,Page Personnel,"['Python', 'OpenAI', 'SDK']","• Colaborar en el desarrollo y mantenimiento de agentes, MCPs (Model Context Protocol) y herramientas personalizadas integradas en nuestra plataforma conversacional.
• ...",15/05/2026MadridInteligencia Artificial/Machine LearningContrato temporal
https://www.tecnoempleo.com/java-developer-ust/springboot-gitlab/rf-920314c9425c03eda54e,Java Developer,UST,"['java', 'springboot', 'gitlab']","UST is looking for the very Top Talent…and we would be delighted if you were to join our family!

More in detail, UST is a multinational company based in North America, ...",15/05/2026Madrid (Híbrido)Programador
https://www.tecnoempleo.com/senior-data-analytics-snowflake-power-bi-michael-p/power-bi-sql/rf-57f71ffeb2f113043346,Senior Data Analytics - Snowflake & Power BI,Michael Page,"['Power BI', 'Snowflake', 'SQL']","Diseñar y desarrollar dashboards ejecutivos y estratégicos en Power BI, enfocados en la toma de decisiones y no solo en reporting operativo.
Liderar el modelado, gestión y...",15/05/2026Madrid (Híbrido)Analista
https://www.tecnoempleo.com/jefe-proyecto-it-grupo-digital/project-manager-pmp/rf-d3de1746421f7304d343,Jefe/a Proyecto IT,Grupo Digital,"['PROJECT MANAGER', 'PMP', 'SAFe']","Desde Grupo Digital, buscamos Jefe/a Proyecto IT para incorporarse a nuestro equipo y colaborar con uno de nuestros clientes del sector servicios tecnológicos.

Condiciones...",15/05/2026100% remotoJefe de Proyecto
https://www.tecnoempleo.com/analista-programador-h-m-michael-page/net-sql-server/rf-42d61f08a217f3bbfc42,Analista programador (h/m),Michael Page,"['.NET', 'SQL Server', 'Power Platform']","Objetivos del puesto

• Reducir los tiempos desde la definición de una necesidad hasta su puesta en producción.
• Contribuir activamente a la reducción de la deuda t...",15/05/2026100% remotoAnalista Programador
https://www.tecnoempleo.com/application-support-engineer-salesforce-michael-pa/apex-itil/rf-3345111792fa93be2d45,Application Support Engineer (Salesforce),Michael Page,"['Salesforce', 'Apex', 'ITIL']","Perfil buscado (Hombre/Mujer)

As an Application Support Engineer, you will be responsible for:

• Managing escalated incidents from Level 1 that require deep Salesforce...",15/05/2026BarcelonaSoporte Técnico
https://www.tecnoempleo.com/field-service-engineer-page-personnel/industrial-electronica/rf-ef1e10ee921d53eb6547,Field Service Engineer,Page Personnel,"['industrial', 'Electrónica', 'Mecatrónica']","El Field Service Engineer tendrá que:

• Realizar la instalación y puesta en marcha de pasarelas (portuarias y aeroportuarias) en casa cliente.
• Mantenimiento ...",15/05/2026BarcelonaIngenieros/Industria
https://www.tecnoempleo.com/ingeniero-supply-chain-hays/rfq-supply-chain/rf-7ce71806121123b66e45,Ingeniero/a supply chain,HAYS,"['RFQ', 'supply chain']","¿Aportas experiencia directa como Ingeniero/a supply chain? ¡Este es el proyecto que estabas buscando!

Ubicación: Gipuzkoa

EMPRESA Y MISIÓN:

Reportando al ...",15/05/2026GipuzkoaIngenieros/Industria
https://www.tecnoempleo.com/ingeniero-sistemas-sector-defensa-gmv/v-v/rf-5bb51553d2bd239b6343,Ingeniero/a de sistemas (sector defensa),GMV,['V&V'],Si tu objetivo es participar en proyectos con impacto real en sistemas de defensa y asegurar su calidad en entornos exigentes… ¡tu sitio está con nosotros! Estamos ...,15/05/2026Madrid (Híbrido)Consultor
https://www.tecnoempleo.com/ingeniero-diseno-electronico-gmv/altium-pspice/rf-b10c133cf29703e16549,Ingeniero/a de diseño electrónico,GMV,"['Altium', 'PSpice', 'ORCAD']",¿Buscas un sitio innovador y consolidado en el que desarrollarte profesionalmente? En GMV tienes tu oportunidad perfecta! Estamos ampliando nuestros equipos en el sector ...,15/05/2026Madrid (Híbrido)Electrónica
https://www.tecnoempleo.com/php-team-lead-hays/python-java/rf-0813191f32d5c3c7c440,PHP Team Lead,HAYS,"['Python', 'Java', 'PHP']","Tu nueva empresa Compañía tecnológica que va más allá de ofrecer servicios de hosting, dominios y cloud, posicionándose como la infraestructura crítica sobre la que ...",15/05/2026Barcelona (Híbrido)Jefe de Equipo
https://www.tecnoempleo.com/proyectista-moldes-hays/solidworks-catia/rf-a9481eb5922483d3a24c,Proyectista de Moldes,HAYS,"['SolidWorks', 'CATIA', 'AutoCAD']","Desde HAYS estamos trabajando con una empresa industrial especializada en fundición inyectada de aluminio, que busca incorporar un/a Técnico/a de Diseño de Moldes para ...",15/05/2026Bizkaia (Presencial)Ingenieros/Industria
https://www.tecnoempleo.com/direccion-produccion-hays/lean-kpi/rf-2dbe156e42fca3ec974f,Dirección de producción,HAYS,"['Lean', 'KPI']","Desde Hays estamos en búsqueda de la figura de Dirección de Producción para una importante empresa del ámbito industrial ubicada en la provincia de Albacete.

Como ...",15/05/2026AlbaceteIngenieros/Industria
https://www.tecnoempleo.com/team-leader-software-angular-java-michael-page/spring-docker/rf-4674186bb279b30ab14c,"Team Leader Software (Angular, Java)",Michael Page,"['Angular', 'Java', 'Spring']","• Liderar el equipo de desarrollo de software, asegurando la entrega de proyectos en tiempo y calidad.
• Supervisar y coordinar el uso de tecnologías como Angular y Java...",15/05/2026Madrid (Híbrido)Jefe de Equipo
https://www.tecnoempleo.com/ingeniero-redaccion-proyectos-page-personnel/istram-autocad/rf-2f4e1768725a23eb224b,Ingeniero/a Redacción de Proyectos,Page Personnel,"['ISTRAM', 'AutoCAD', 'Presto']","• Redacción de proyectos técnicos de obra lineal: memorias, anejos, pliegos de prescripciones técnicas, presupuestos y planos (cálculos y mediciones).
• Relación con...",15/05/2026Madrid (Híbrido)Ingenieros/Industria36.000€ - 42.000€ b/a
https://www.tecnoempleo.com/specialist-i-software-engineering-ust/spring-aspnet/rf-f41d1ccdf289a384ec4e,Specialist I - Software Engineering,UST,"['spring', 'asp.net', 'cicd']","Prospect SO

BACKEND DEVELOPER (Java or .NET)RESPONSIBILITIES

- Design, develop, and maintain backend services in a distributed, service‑oriented architecture.

- ...",15/05/2026MadridProgramador
https://www.tecnoempleo.com/ingeniero-software-frontend-react-gmv/javascript-typescript/rf-54af19620229b3dac54f,Ingeniero/a de Software Frontend React,GMV,"['JavaScript', 'TypeScript', 'React']",¿Quieres enfrentarte a nuevos retos sin renunciar a la estabilidad que da un grupo tecnológico de amplia experiencia? En GMV estamos ampliando nuestros equipos en el sector ...,15/05/2026Madrid (Híbrido)Programador
https://www.tecnoempleo.com/specialist-i-software-engineering-ust/react-spring-boot/rf-d90f1a9562bf538fbd49,Specialist I - Software Engineering,UST,"['react', 'spring boot', 'asp.net']","PROSPECT SO

FULL‑STACK DEVELOPER (React + Java or .NET Backend)
RESPONSIBILITIES

- Design, develop, and maintain frontend components using React, aligned with ...",15/05/2026MadridProgramador
https://www.tecnoempleo.com/architect-i-software-testing-ust/qa-api/rf-37201351627da3127941,Architect I - Software Testing,UST,"['QA', 'api', 'testing']","Prospect SO

QA ENGINEER / QA AUTOMATION ENGINEER
RESPONSIBILITIES

- Ensure end‑to‑end software quality across the full delivery lifecycle within Agile teams.

- ...",15/05/2026MadridArquitecto TIC
https://www.tecnoempleo.com/power-platform-developer-ey/dynamics-365-power-platform/rf-6f5d185122bdd327044b,Power Platform Developer,EY,"['Dynamics 365', 'Power Platform', 'Power Apps']","Junior Developer D365/Power Platform

As a D365/Power Platform developer you will participate in projects of different sector, programming and developing workflows, plugins ...",15/05/2026MálagaAnalista Programador
https://www.tecnoempleo.com/marketing-manager-b2b-page-personnel/marketing/rf-0eed1b8a52e303357a4a,Marketing Manager B2B,Page Personnel,['marketing'],"Perfil buscado (Hombre/Mujer)

Trabajando codo con codo con el área comercial, la persona seleccionada se responsabilizará de:

• Diseñar y ejecutar el plan de ...",15/05/2026BarcelonaMarketing
https://www.tecnoempleo.com/it-project-manager-testing-michael-page/project-manager/rf-8e9a1611f25fe38f5a42,IT Project Manager (Testing),Michael Page,"['Testing', 'Project Manager']","The IT Project Manager (Testing) will act as the owner of testing activities across a complex landscape, ensuring solutions meet both technical and business expectations.

...",15/05/2026Madrid (Híbrido)Jefe de Proyecto
https://www.tecnoempleo.com/responsable-sistemas-h-m-michael-page/sql-server-sap/rf-778f18060200b3f12e43,Responsable de Sistemas (h/m),Michael Page,"['SQL Server', 'SAP', 'Ciberseguridad']","• Gestionar la infraestructura de IT de la empresa
• Supervisar las operaciones tecnológicas y garantizar su nivel de eficiencia.
• Coordinar y gestionar al equipo ...",15/05/2026ÁlavaCiberseguridad
https://www.tecnoempleo.com/responsable-calidad-michael-page/iso-9001-appcc/rf-6d9f1e75c272631a9949,Responsable de Calidad,Michael Page,"['ISO 9001', 'APPCC']","• Definir e implantar un sistema de calidad enfocado a planta, partiendo de un entorno sin ISO 9001 ni procesos formalmente documentados.
• Desarrollar e implementar ...",15/05/2026ValenciaSistemas de Calidad39.000€ - 54.000€ b/a
https://www.tecnoempleo.com/electromecanico-a-hays/gmao-siemens/rf-22bb15594265c386134f,Electromecánico/a,HAYS,"['GMAO', 'Siemens', 'Omron']",Desde Hays estamos en búsqueda de un/a Electromecánico/a para una importante empresa del sector alimentación ubicada en Valencia. Buscamos un perfil con experiencia en ...,15/05/2026ValenciaIngenieros/Industria
https://www.tecnoempleo.com/it-systems-helpdesk-administrator-page-personnel/mikrotik-linux/rf-a94e1bfa925883d3ce46,IT Systems & Helpdesk Administrator,Page Personnel,"['MikroTik', 'Linux', 'Docker']","As an IT Systems & Helpdesk Administrator, you will be responsible for the day-to-day management of the company´s IT environment, acting as a key point of contact for ...",15/05/2026BarcelonaTécnico de Sistemas
https://www.tecnoempleo.com/senior-technical-product-owner-hays/product-owner/rf-335c151f123293d49944,Senior Technical Product Owner,HAYS,['Product Owner'],"Senior Technical Product Owner - Basket & Payment

Estamos buscando un/a Senior Technical Product Owner con un fuerte background técnico para liderar e impulsar la evoluci...",15/05/2026Barcelona (Híbrido)Jefe de Proyecto
https://www.tecnoempleo.com/computer-vision-engineer-ia-page-personnel/python-pytorch/rf-20ef182b428d4356ef4b,Computer Vision Engineer (IA),Page Personnel,"['Python', 'PyTorch', 'C++']","• Participar en el desarrollo de soluciones basadas en modelos avanzados de IA, como transformers y arquitecturas multimodales de visión y lenguaje, aplicadas a retos ...",15/05/2026BarcelonaInteligencia Artificial/Machine Learning
https://www.tecnoempleo.com/ingeniero-diseno-mecanico-gmv/solidworks-simcenter-3d/rf-15991940a2deb350584d,Ingeniero/a de diseño mecánico,GMV,"['SolidWorks', 'Simcenter 3D', 'CAD']","Si te imaginabas en una misión de defensa, pero has descubierto que se te da mejor diseñar la pieza perfecta que correr en cámara lenta entre explosiones… ¡tu sitio est...",15/05/2026Madrid (Híbrido)Ingenieros/Industria
https://www.tecnoempleo.com/itso-java-specialist-ust/junit-rest-api/rf-441419f3521a33e2744f,ITSO Java Specialist,UST,"['java', 'junit', 'rest api']","We are still looking for the very Top Talent…and we would be delighted if you were to join our team!

More in details, UST is a multinational company based in North ...",15/05/2026Madrid (Híbrido)Programador
https://www.tecnoempleo.com/analista-datos-para-rea-rrhh-h-m-michael-page/power-bi-excel/rf-c8f21fa44263831d3140,Analista de Datos para Área RRHH (h/m),Michael Page,"['Power BI', 'Excel', 'SQL']","Perfil buscado (Hombre/Mujer)

Entre tus funciones serían:

• Gestionar y analizar grandes volúmenes de datos relacionados con el área de RRHH.
• Desarrollar ...",15/05/2026NavarraAnalista36.000€ - 45.000€ b/a
https://www.tecnoempleo.com/specialist-ii-cloud-infrastructure-services-ust/azure-devops-gitops/rf-e6181d01e29933f9174e,Specialist II - Cloud Infrastructure Services,UST,"['azure devops', 'gitops', 'jenkins']","Prospect SO

DEVOPS ENGINEER
RESPONSIBILITIES

- Enable and support development teams through a modern DevOps-driven approach across the full software delivery lifecycle...",15/05/2026MadridDevOps
https://www.tecnoempleo.com/responsable-sistemas-integrados-calidad-hays/iso/rf-1ad81f9e422ed355744f,Responsable sistemas integrados calidad,HAYS,"['ISO', 'calidad']","¡Es el momento de cambio!  Centro trabajo: Próximo Bilbao (Vizcaya)

MISIÓN

Buscamos un/a Responsable de Sistemas Integrados de Gestión (SIG) que lidere la implantaci...",15/05/2026BizkaiaSistemas de Calidad
https://www.tecnoempleo.com/embedded-software-engineer-airbus/c-c/rf-0ebb1deeb2d613656c49,Embedded Software Engineer,Airbus,"['C', 'C++', 'Ada']","Job Description:

An opportunity for a Embedded Software Engineer has arisen within Airbus Defence and Space, Getafe (Madrid).

Our world is changing. And so are we. From ...",15/05/2026Madrid (Híbrido)Electrónica
https://www.tecnoempleo.com/programador-senior-net-core-michael-page/net-core/rf-c11c118bc2d4d3be6145,Programador Senior .Net Core,Michael Page,['.NET Core'],"• Desarrollar y mantener aplicaciones con .Net Core según los requisitos del proyecto.
• Colaborar con otros equipos técnicos para integrar soluciones tecnológicas...",15/05/2026Madrid (Híbrido)Programador
https://www.tecnoempleo.com/devops-page-personnel/ci-cd-linux/rf-d769106612f783753c44,Devops,Page Personnel,"['CI/CD', 'Linux', 'Unix']","• Implementar y mantener infraestructuras automatizadas y escalables.
• Optimizar procesos de integración y despliegue continuo (CI/CD).
• Supervisar y garantizar el ...",15/05/2026Madrid (Presencial)DevOps45.000€ - 54.000€ b/a
https://www.tecnoempleo.com/ingeniero-pcb-gmv/electronica/rf-db1618767232533ab242,Ingeniero/a de PCB,GMV,"['PCB', 'electronica']","Si siempre soñaste con pasar el día en la Luna, pero eres de los que se marea en
los viajes con curvas… ¡Tu sitio está con nosotros!Estamos ampliando nuestros equipos ...",15/05/2026Madrid (Híbrido)Electrónica
https://www.tecnoempleo.com/ingeniero-firmware-sistemas-gmv/c-c/rf-8a491b89e2640377d344,Ingeniero/a de Firmware y Sistemas,GMV,"['C', 'C++', 'Python']",Buscamos incorporar un/a Ingeniero/a de firmware y sistemas en tiempo real para integrarse en un equipo altamente cualificado dedicado al desarrollo de equipos electrónicos ...,15/05/2026Madrid (Híbrido)Electrónica
https://www.tecnoempleo.com/tecnico-infraestructura-e-implementacion-michael-p/ssh-ipsec/rf-3b54119102d733fe1e47,Técnico infraestructura e implementación,Michael Page,"['SSH', 'IPsec', 'Redes']","Reportando al Head del área, tus principales responsabilidades serán:

* Definición de configuración: Establecer cómo se deben configurar los dispositivos para cada ...",15/05/2026MadridRedesContrato temporal
https://www.tecnoempleo.com/abap-bolsa-horas-tardes-grupo-digital/sap-sql/rf-b3b01015222ae3955f47,ABAP bolsa de horas tardes,Grupo Digital,"['abap', 'sap', 'sql']","Descripción
en GRUPO DIGITAL Buscamos para cliente del sector infraestructruas 

desarrollador ABAP 

Únete a un entorno internacional vinculado a SAP  y negocio de ...",15/05/2026100% remotoProgramador
https://www.tecnoempleo.com/electromecanico-a-page-personnel/electromecanica-industrial/rf-1b5a1966922eb3c1eb4f,Electromecánico/a,Page Personnel,"['electromecánica', 'industrial']","• Realizar mantenimiento preventivo y correctivo de maquinaria industrial en las instalaciones de Chiva.
• Diagnosticar y reparar averías electromecánicas en equipos de...",15/05/2026ValenciaIngenieros/Industria27.000€ - 33.000€ b/a
https://www.tecnoempleo.com/ingeniero-proyectos-con-aleman-michael-page/lean-kpi/rf-427b1db63209c3c68f4d,Ingeniero de Proyectos (Con aleman),Michael Page,"['Lean', 'KPI']","• Coordinación de las reuniones de seguimiento interdepartamentales de proyecto en fábrica
• Preparación de reportes de seguimiento de proyecto tanto dentro de fá...",15/05/2026ÁlavaIngenieros/Industria
https://www.tecnoempleo.com/maintenance-leader-michael-page/automotive/rf-be37195492eee3347a40,Maintenance Leader,Michael Page,['Automotive'],"• Oversees and monitors the maintenance plan for facilities and general buildings.
• Manages and tracks budgets and investments dedicated to equipment and facility ...",15/05/2026Barcelona (Híbrido)Ingenieros/Industria
https://www.tecnoempleo.com/sap-finance-fi-co-senior-consultant-ey/sap-co-sap-ecc/rf-2295135e4264b3a6c34f,SAP Finance FI/CO Senior Consultant,EY,"['SAP CO', 'SAP ECC', 'S/4HANA']","Senior SAP CO Consultant

Let us introduce you the job offer by EY GDS Poland - a member of the global integrated service delivery center network by EY.

The opportunity...",15/05/2026MálagaConsultor
https://www.tecnoempleo.com/analista-funcional-remoto-espana-michael-page/sql-pl-sql/rf-09a21c87523be3d4a548,Analista funcional - Remoto (España),Michael Page,"['SQL', 'PL/SQL', 'java']","Perfil buscado (Hombre/Mujer)

• Toma y análisis de requisitos con usuarios finales y responsables de negocio.
• Elaboración de análisis funcionales y documentación...",15/05/2026100% remotoAnalista Programador30.000€ - 42.000€ b/a
https://www.tecnoempleo.com/ingeniero-pmo-defensa-gmv/c4isr-uxv/rf-cb5614bca21983e8de42,Ingeniero/a PMO - Defensa,GMV,"['C4ISR', 'UxV', 'IoMT']","Si quieres participar en proyectos internacionales de alto impacto tecnológico dentro del sector defensa, este es tu sitio. Buscamos incorporar un/a Ingeniero/a PMO para ...",15/05/2026Madrid (Híbrido)Consultor
https://www.tecnoempleo.com/ingeniero-v-v-sistemas-defensa-gmv/v-v-testing/rf-e8df10c0326563fd1f42,Ingeniero/a V&V - Sistemas de Defensa,GMV,"['V&V', 'testing']",Si tu objetivo es participar en proyectos con impacto real en sistemas de defensa y asegurar su calidad en entornos exigentes… ¡tu sitio está con nosotros! Estamos ...,15/05/2026Madrid (Híbrido)Tester/QA
https://www.tecnoempleo.com/it-support-technician-ust/soporte-microinformatica/rf-81651df1b2d463e9d249,IT Support Technician,UST,"['soporte', 'microinformatica']"," ¡Seguimos buscando talento…y nos encantaría que te unieras a nuestro equipo!

Para que nos conozcas algo mejor, UST es una multinacional norteamericana certificada ...",15/05/2026Barcelona (Presencial)Soporte Técnico
https://www.tecnoempleo.com/programador-soa-osb-tuyu-technology/oracle-bpm-webservices/rf-4b2218ecb2db335df34f,Programador/a SOA+OSB,Tuyú Technology,"['SOA', 'OSB', 'ORACLE BPM']","¡Impulsa tu carrera con TUYÚ Technology! 

¿Te apasiona la tecnología y buscas un desafío que realmente marque la diferencia? Estamos en la búsqueda de un/a Programador/...",15/05/2026Madrid (Híbrido)Programador39.000€ - 48.000€ b/a
https://www.tecnoempleo.com/personal-lider-servicio-ti-cajamar-tecnologia/jira-rally/rf-49fc13f672fb13614f48,Personal Líder Servicio TI,Cajamar Tecnología,"['JIRA', 'Rally', 'Clarity']","¿Quiénes somos?

Cajamar Tecnología A.I.E. es la compañía tecnológica del Grupo Cajamar, formada por más de 300 profesionales. Su actividad se centra en el uso de la IA...",15/05/2026Almería y otrasConsultor
https://www.tecnoempleo.com/specialist-developer-en-genesys-cloud-cx-panel-sis/genesys-cloud-dynatrace/rf-d56915b4a21913217140,Specialist / Developer en Genesys Cloud CX,PANEL Sistemas Informáticos,"['Genesys Cloud', 'Dynatrace', 'OneAgent']","📣 ¡Estamos buscando un/a Specialist / Developer en Genesys Cloud CX!
¿Tienes experiencia sólida en Genesys Cloud y te apasionan las integraciones? ¡Entonces esta ...",15/05/2026100% remotoDevOps
https://www.tecnoempleo.com/android-engineer-platform-wallapop/kotlin/rf-90a211fd22adf384ed4a,Android Engineer - Platform,Wallapop,"['Kotlin', 'Android']",Wallapop is a Barcelona based scale-up driven by the purpose to empower people to embrace a more conscious and human way of consumption. We believe in a world where ...,14/05/2026BarcelonaDesarrollador Móvil
https://www.tecnoempleo.com/lead-ai-engineer-gfr-technologies-se/python-generative-ai/rf-c0fc1194e2c103c2a247,Lead AI Engineer,GFR Technologies SE,"['Python', 'Generative AI', 'Data Science']","GFT es una compañía pionera en transformación digital. Diseñamos soluciones de negocio centradas en la inteligencia artificial (AI-Centric), modernizamos infraestructuras ...",14/05/2026MadridInteligencia Artificial/Machine Learning
https://www.tecnoempleo.com/plant-manager-michael-page/ingenieria/rf-ad1f106a821173f9bc4a,Plant Manager,Michael Page,['ingenieria'],"Perfil buscado (Hombre/Mujer)

• Supervisar y coordinar las operaciones diarias de la planta.
• Planificación de la producción, gestión y seguimiento de indicadores...",14/05/2026SoriaIngenieros/Industria
https://www.tecnoempleo.com/tecnico-cau-administrador-itsm-grupo-sermicro/itil-helix/rf-e5ba1dba5239f337a64f,Técnico/a cau administrador ITSM,Grupo Sermicro,"['ITSM', 'ITIL', 'HELIX']","¡Te invitamos a formar parte de nuestro equipo!
Actualmente estamos buscando un Técnico/a cau administrador ITSM  para trabajar en un servicio para grandes empresas.
Te ...",14/05/2026Madrid (Presencial)Técnico de Sistemas
https://www.tecnoempleo.com/consultor-salesforce-funcional-michael-page/apex-flows/rf-d7e11e6052bfa3fd3440,Consultor/a Salesforce Funcional,Michael Page,"['Salesforce', 'Apex', 'Flows']","• Gestionar y evolucionar la plataforma Salesforce desde el área de IT, trabajando mano a mano con negocio.
• Ejecutar configuraciones avanzadas y automatizaciones (...",14/05/2026Barcelona (Presencial)Consultor45.000€ - 54.000€ b/a
https://www.tecnoempleo.com/react-developer-page-personnel/hooks-context-api/rf-b589190af23623c74d43,React Developer,Page Personnel,"['React', 'Hooks', 'Context API']","• Diseñar, desarrollar y mantener aplicaciones frontend robustas y eficientes utilizando React.js.
• Colaborar con el equipo de diseño y backend para garantizar una ...",14/05/2026Barcelona (Híbrido)Programador30.000€ - 45.000€ b/a
https://www.tecnoempleo.com/tech-lead-java-plexus/spring-sql/rf-c30d147162efe3bc8540,Tech Lead Java,Plexus,"['Java', 'Spring', 'SQL']","Details

Join Plexus Tech. We are currently looking for a Tech Lead with prior experience in the role and at least 5 years of experience in Java and Spring Boot environments...",14/05/2026Madrid (Híbrido)Programador
https://www.tecnoempleo.com/senior-java-analyst-programmer-plexus/spring/rf-c3fb1f53429ef3e1644e,Senior Java Analyst/Programmer,Plexus,"['Java', 'Spring']","Details

Join Plexus Tech. We are currently looking for a Senior Java Analyst/Programmer.
 
REQUIREMENTS:
  - At least 8 years of experience as a Java Analyst/Programmer...",14/05/2026Madrid (Híbrido)Analista Programador
https://www.tecnoempleo.com/software-engineer-manager-plexus/agile/rf-b8311f5c927e63a4c748,Software/Engineer Manager,Plexus,['agile'],"Details

Join Plexus Tech. We are currently looking for a Software Engineering Manager (React Web).
 
REQUIREMENTS:
  - 3+ years of experience as a Software Engineering ...",14/05/2026Madrid (Híbrido)Jefe de Proyecto
https://www.tecnoempleo.com/quality-technician-page-personnel/lean-kaizen/rf-4a161f2b929ef30b1d4b,Quality Technician,Page Personnel,"['Lean', 'Kaizen', 'Six Sigma']","Perfil buscado (Hombre/Mujer)

Garantizar que los productos, maquinaria y equipos industriales, cumplan con requisitos legales y técnicos establecidos por la UE, asegurando...",14/05/2026BarcelonaSistemas de Calidad
https://www.tecnoempleo.com/senior-net-developers-plexus/net/rf-d3101b72728f43aa2a4f,Senior .NET Developers,Plexus,['.net'],"Details

Join Plexus Tech. We are looking for senior professionals with .NET experience to join a project in the leisure sector.
 
REQUIREMENTS:
 
Minimum 8 years of ...",14/05/2026Madrid (Híbrido)Programador
https://www.tecnoempleo.com/tecnico-datos-business-operations-bnp-paribas/excel-power-query/rf-01071d9b028db367a441,Técnico/a de Datos Business Operations,BNP Paribas,"['Excel', 'Power Query']","GRUPO BNP PARIBAS

El Grupo BNP Paribas es el principal banco de la Unión Europea y uno de los más importantes a nivel internacional. Contamos con cerca de 185.000 ...",14/05/2026Madrid (Híbrido)Analista
https://www.tecnoempleo.com/responsable-nuevos-negocios-michael-page/i-d-ingenieria/rf-531614968247338e6f48,Responsable de Nuevos Negocios,Michael Page,"['I+D', 'ingenieria']","Reportando a la Dirección de I+D+i y en coordinación directa con la Dirección del Grupo, la persona seleccionada será responsable de identificar, analizar y promover ...",14/05/2026Bizkaia (Presencial)Consultor
https://www.tecnoempleo.com/sql-server-database-administrator-plexus/sql-server/rf-4e9819d822cf439be246,SQL Server Database Administrator,Plexus,['SQL server'],"Details

Join Plexus Tech. We are currently looking for a SQL Server Database Administrator.
 
REQUIREMENTS:
  - A university degree in Information Technology, a Higher ...",13/05/2026Madrid (Híbrido)Base de Datos/DBA
https://www.tecnoempleo.com/sap-analytics-cloud-consultant-plexus/hana/rf-82941c529236e39ea948,SAP Analytics Cloud Consultant,Plexus,"['sap', 'hana']","Details

Join Plexus Tech. We are looking for an SAP consultant with experience in the SAP Analytics Cloud - Planning tool to participate in the functional implementation of...",13/05/2026Madrid (Híbrido)Consultor
https://www.tecnoempleo.com/pega-platform-programmer-analyst-plexus/pega/rf-f22d1d7c7255a36a8548,PEGA Platform Programmer Analyst,Plexus,['PEGA'],"Details

Join Plexus Tech. We´re looking for four Programmer Analysts with at least one year of experience in Oracle database architectures.
 
Requirements:
 
  - At ...",13/05/2026Madrid (Híbrido)Analista Programador
https://www.tecnoempleo.com/senior-java-spring-boot-developers-plexus/java/rf-1326137f3230539a704e,Senior Java Spring Boot Developers,Plexus,"['java', 'spring']","Details

Join Plexus Tech. We are currently looking for new team members with an analysis and development profile, with at least 4 years of experience in Java and Spring ...",13/05/2026Madrid (Híbrido)Programador
https://www.tecnoempleo.com/sap-sd-mm-consultant-plexus/sap/rf-d18c1cc042ef630ec344,SAP SD/MM Consultant,Plexus,['sap'],"Details

Join Plexus Tech. We are currently looking for an SAP SD/MM Consultant based in Madrid, with availability to travel to Valladolid two days a week, to be part of a ...",13/05/2026Madrid (Híbrido)Consultor
https://www.tecnoempleo.com/data-engineer-spark-databricks-snowflake-plexus/scala-pyspark/rf-e151123cc2b0138db444,Data Engineer (Spark / Databricks / Snowflake),Plexus,"['Spark', 'Scala', 'PySpark']","Details

Join Plexus Tech. We are currently looking for Data Engineering profiles to participate in the development of modern data platforms based on Spark, Databricks, and ...",13/05/2026Madrid (Híbrido)Big Data
https://www.tecnoempleo.com/senior-react-developer-remote-plexus/javascript-typescript/rf-75c41fcb62a453ef0040,Senior React Developer (Remote),Plexus,"['React', 'javascript', 'Typescript']","Details

Join Plexus Tech. We are currently looking for a React Developer profile to join a major long-term project with strong growth opportunities.
 
REQUIREMENTS:
  - ...",13/05/2026Madrid (Híbrido)Programador
https://www.tecnoempleo.com/cobol-analyst-programmers-remote-plexus/microfocus-oracle/rf-2fa4179792d3d3a46f4a,COBOL Analyst/Programmers (Remote),Plexus,"['COBOL', 'MicroFocus', 'Oracle']","Details

Join Plexus Tech. We are currently looking for analysis and development profiles with at least 4 years of experience in host environments to join a major banking ...",13/05/2026100% remotoProgramador
https://www.tecnoempleo.com/rpa-uipath-programmer-plexus/sql/rf-ec0a1e8bd2bae3b64f48,RPA / Uipath Programmer,Plexus,"['RPA', 'Uipath', 'SQL']","Details

Join Plexus Tech. We are looking for an RPA/UiPath Developer to join the development team for an important and stable project.
 
REQUIREMENTS:
  - Approximately ...",13/05/2026Madrid (Híbrido)Programador
https://www.tecnoempleo.com/senior-angular-developers-plexus/typescript-html/rf-46171e5f72ee83fe6146,Senior Angular Developers,Plexus,"['Angular', 'TypeScript', 'HTML']","Details

Join Plexus Tech. We are currently looking for new team members with an Angular Developer profile, with at least 6 years of professional experience, to join a ...",13/05/2026Madrid (Híbrido)Programador
https://www.tecnoempleo.com/desarrollador-senior-microservicios-remoto/spring-boot-microservicios/rf-1821155892f1036adc4e,Desarrollador/a senior microservicios,Alcorce Telecomunicaciones,"['spring boot', 'microservicios']","Debido a la expansión de Alcorce Telecomunicaciones, S.L. precisamos cubrir una posición de Desarrollador/a Senior de microservicios en Java en modalidad 100% Teletrabajo...",12/05/2026100% remotoProgramador
https://www.tecnoempleo.com/developer-python-aws-plexus/postgresql/rf-6e9f117202b23384d14d,Developer Python/AWS,Plexus,"['Python', 'AWS', 'PostgreSQL']","Details

Join Plexus Tech. We are currently looking for a Python/AWS Developer with at least 3 years of experience. You will be part of the Plexus team and take part in key...",12/05/2026Madrid (Híbrido)Programador
https://www.tecnoempleo.com/software-development-engineer-java-aws-amazon/c/rf-b2a21fc612d27396bc46,Software Development Engineer (Java&AWS),Amazon,"['java', 'AWS', 'C++']","Ring is looking for a Software Development Engineer who will help us create the next generation of apps, and services. In this role, you will work as a part of the Ring ...",12/05/2026MadridProgramador
https://www.tecnoempleo.com/senior-software-engineer-f-m-d-axpo-group/net-rest-apis/rf-3691192b921e330d9249,Senior Software Engineer (f/m/d),Axpo Group,"['.NET', 'REST APIs', 'CI/CD']","Workload - 80 - 100%

The position aims to deliver high-value solutions in collaboration with key customers and business departments. The candidate will work in a team to ...",11/05/2026Madrid (Híbrido)Programador
https://www.tecnoempleo.com/desarrollador-datastage-sopra-steria/obiee-unix/rf-41231ba602ffa315674b,Desarrollador/a DataStage,Sopra Steria,"['DataStage', 'OBIEE', 'unix']","Descripción de la empresa

Porque trabajar en Sopra Steria, también es sentir Sopra Steria.

Somos un reconocido líder europeo en consultoría, servicios digitales y ...",11/05/2026Madrid (Híbrido)Programador
https://www.tecnoempleo.com/senior-data-engineer-f-m-d-axpo-group/databricks-azure/rf-c16d14d4b2f4b3e3464f,Senior Data Engineer (f/m/d),Axpo Group,"['Databricks', 'Azure', 'CI/CD']","Workload: 100%

Shape the future of data engineering at Axpo Iberia! As a Senior Data Engineer, you will lead the federation layer of Axpo´s DnA Platform, enabling domain ...",11/05/2026Madrid (Híbrido)Big Data
https://www.tecnoempleo.com/senior-data-analyst-f-m-d-axpo-group/python-sql/rf-f4921a6a02134371ef49,Senior Data Analyst (f/m/d),Axpo Group,"['Python', 'SQL', 'BI']","Workload 80 - 100%

The role is designed to: 

- Support early-stage ideation initiatives and existing product teams.
- Generate insights from usage data and customer ...",11/05/2026Madrid (Híbrido)Big Data
https://www.tecnoempleo.com/coordinador-gobernanza-operaciones-is-it-sg-tech/itil-pmp/rf-18e91cdb028353b14c40,Coordinador de Gobernanza de Operaciones IS/IT,sg tech,"['ITIL', 'PMP', 'Prince2']","Descripción

Sobre el puesto

Buscamos un Coordinador de Gobernanza de Operaciones IS/IT para apoyar la gobernanza y optimización de las operaciones de TI en varias ...",11/05/2026MadridJefe de Proyecto
https://www.tecnoempleo.com/it-risk-junior-ey/ciberseguridad/rf-b1d4116002e223021443,IT Risk Junior,EY,['ciberseguridad'],"En EY, damos forma al futuro con confianza.
Aquí encontrarás más que un trabajo: una oportunidad para crecer, aprender y dejar huella.

Únete a nuestros 7.000 ...",11/05/2026Madrid (Híbrido)Ciberseguridad
https://www.tecnoempleo.com/beca-analisis-datos-bnp-paribas/excel-python/rf-a6dd141bb2bf838d1f45,Beca Análisis de Datos,BNP Paribas,"['Excel', 'Python', 'SQL']","GRUPO BNP PARIBAS
El Grupo BNP Paribas es el principal banco de la Unión Europea y uno de los más importantes a nivel internacional. Contamos con cerca de 185.000 empleados...",11/05/2026MadridAnalistaContrato prácticas
https://www.tecnoempleo.com/software-development-engineer-2026-amazon/java-python/rf-2356148252d813ae754b,Software Development Engineer - 2026,Amazon,"['Java', 'Python', 'C++']",Do you want to solve real customer problems through innovative technology? Do you enjoy working on scalable services in a collaborative team environment? Do you want to see ...,08/05/2026MadridProgramador
https://www.tecnoempleo.com/senior-python-ai-engineer-akkodis/fastapi-crewai/rf-f56e10d3a212e3d21843,Senior Python AI Engineer,Akkodis,"['Python', 'FastAPI', 'CrewAI']","En Akkodis, combinamos soluciones digitales y de ingeniería para construir un futuro más inteligente para todas las personas. Con presencia en más de 30 países de Europa, ...",08/05/2026Madrid (Híbrido)Inteligencia Artificial/Machine Learning
https://www.tecnoempleo.com/programador-senior-fullstack-php-akkodis/yii-mysql/rf-e3e81fd36241030cf647,Programador Senior FullStack PHP,Akkodis,"['PHP', 'Yii', 'MySQL']","Akkodis, ""Engineering a Smarter Future Together"": con más de 30 000 expertos en 30 países, Akkodis combina tecnología de vanguardia y conocimiento sectorial para impulsar ...",08/05/2026100% remotoProgramador
https://www.tecnoempleo.com/frontend-react-developer-akkodis/typescript/rf-20f71c4352fc336f8548,Frontend React Developer,Akkodis,"['react', 'TypeScript']","Position description

Category

OPERATIONS - ENGINEERING/PRODUCTION

Job title

FRONTEND REACT DEVELOPER/ DESARROLLADOR FRONTEND REACT (100% remoto) M/F

Contract...",08/05/2026100% remotoProgramador
https://www.tecnoempleo.com/software-engineering-manager-m-f-akkodis/project-jira/rf-268a106b0234b346e24f,Software Engineering Manager M/F,Akkodis,"['Project', 'Jira', 'Confluence']","Position description

Category

OPERATIONS - ENGINEERING/PRODUCTION

Job title

Software Engineering Manager M/F

Contract

Permanent contract

Job description...",08/05/2026Madrid (Híbrido)Jefe de Proyecto
https://www.tecnoempleo.com/genesys-cloud-engineer-akkodis/rest-api-javascript/rf-b27010af025143da5648,Genesys Cloud Engineer,Akkodis,"['Genesys', 'REST API', 'JavaScript']","En Akkodis, combinamos soluciones digitales y de ingeniería para crear un futuro más inteligente para todas las personas. Con presencia en más de 30 países en Europa, Asia...",08/05/2026100% remotoProgramador
https://www.tecnoempleo.com/sap-bw-4hana-consultant-akkodis/sap/rf-686c10e6a294136f2a47,SAP BW/4HANA Consultant,Akkodis,"['SAP', 'HANA']","Position description

Category

OPERATIONS - ENGINEERING/PRODUCTION

Job title

SAP BW/4HANA Consultant M/F

Contract

Permanent contract

Job description

At ...",08/05/2026Madrid (Híbrido)Consultor
https://www.tecnoempleo.com/data-cloud-architect-microsoft-fabric-akkodis/microsoft-fabric-sql/rf-98271d5f32f86318814f,Data & Cloud Architect - Microsoft Fabric,Akkodis,"['Microsoft Fabric', 'SQL', 'Azure']","En Akkodis, combinamos soluciones digitales y de ingeniería para crear un futuro más inteligente para todas las personas. Con presencia en más de 30 países en Europa, Asia...",08/05/2026100% remotoArquitecto TIC
https://www.tecnoempleo.com/java-fullstack-engineer-akkodis/spring/rf-688e1244e2f1e3e7e449,Java FullStack Engineer,Akkodis,"['java', 'spring']","Position description

Category

OPERATIONS - ENGINEERING/PRODUCTION

Job title

Java FullStack Engineer M/F

Contract

Permanent contract

Job description

At ...",08/05/2026Madrid (Híbrido)Programador
https://www.tecnoempleo.com/senior-java-developer-m-f-akkodis/spring-boot/rf-db5e1112524ca3e62843,Senior Java Developer M/F,Akkodis,"['Java', 'Spring Boot']","At Akkodis, we combine digital and engineering solutions to create a smarter future for everyone. With a presence in over 30 countries across Europe, Asia, and the Americas, ...",08/05/2026Madrid (Híbrido)Programador
https://www.tecnoempleo.com/tecnico-desarrollador-as400-senior-sg-tech/ibm-sap/rf-31631bb6020653624c47,Técnico/a Desarrollador AS400 Senior,sg tech,"['AS400', 'IBM', 'SAP']","Descripción

Se requiere un/a Técnico/a AS400 Senior para incorporarse a un proyecto estratégico de migración tecnológica desde entorno IBM i (AS400) hacia SAP en una ...",08/05/2026100% remotoAnalista Programador
https://www.tecnoempleo.com/senior-python-django-developers-plexus/python/rf-28a01ab1e2bb330bbe41,Senior Python-Django Developers,Plexus,"['Python', 'Django']","Join Plexus Tech. We are looking for new colleagues with at least 4 years of professional experience developing with Python and Django.
 
Requirements:
 
  - Python Django...",08/05/2026MadridProgramador
https://www.tecnoempleo.com/java-microservices-plexus/spring-junit/rf-d9f713f5e20473d43242,Java Microservices,Plexus,"['Java', 'Spring', 'Junit']","Join Plexus Tech. We´re looking for senior Java microservices developers with at least 4 years of experience.
 
Requirements:
 
  - Springboot, Spring Data, Spring ...",08/05/2026MadridProgramador
https://www.tecnoempleo.com/appian-systems-and-network-plexus/appian/rf-11b11161e27c33f39c4b,Appian Systems and Network,Plexus,['Appian'],"Details

Join Plexus Tech. We are looking for visionary professionals with experience and a desire to be part of real, complex, and impactful projects.
 
Requirements...",08/05/2026MadridTécnico de Sistemas
https://www.tecnoempleo.com/lead-data-analyst-plexus/sql/rf-4f7b1faa22be13248f44,Lead Data Analyst,Plexus,['SQL'],Join Plexus Tech. We are seeking a Lead Data Analyst with at least 7 years of experience to join a significant international banking project (high level of English required...,08/05/2026MadridBig Data
https://www.tecnoempleo.com/android-developer-plexus/kotlin/rf-f14a135302bc838cc244,Android Developer,Plexus,"['Kotlin', 'Android']","Join Plexus Tech. We´re looking for a Senior Android Developer for various projects in the banking sector.
 
Requirements:
 
  - Proficiency in Kotlin as a programming ...",08/05/2026MadridDesarrollador Móvil
https://www.tecnoempleo.com/android-developer-plexus/kotlin/rf-2c841d59124b336b3444,Android Developer,Plexus,"['Kotlin', 'Android']","Details

Join Plexus Tech. We are looking for Android developers with at least 5 years of experience exclusively in native development.
 
Requirements:
  - Proficiency in...",08/05/2026MadridDesarrollador Móvil
https://www.tecnoempleo.com/senior-javascript-developer-plexus/typescript/rf-cd381c95727a83adc24e,Senior Javascript Developer,Plexus,"['Javascript', 'TypeScript']","Join Plexus Tech. We are looking for experienced Javascript and TypeScript Developers to join the team and be part of our cutting-edge projects.
 
Requirements:
 
  - ...",08/05/2026MadridProgramador
https://www.tecnoempleo.com/java-aws-api-plexus/spring-postgresql/rf-8a2d14e6d258b36f7e4c,Java AWS API,Plexus,"['java', 'spring', 'PostgreSQL']","Join Plexus Tech. We are looking for a Senior Java Developer to join us on a major project in the banking sector.
 
Requirements:
 
  - 5 years of continuous and ...",08/05/2026100% remotoProgramador
https://www.tecnoempleo.com/develop-java-generative-ai-plexus/spring-openapi/rf-ec8a194f32818365d54f,Develop Java-Generative AI,Plexus,"['Java', 'Spring', 'openAPI']","Join Plexus Tech. We´re looking for senior Java developers with experience in Generative AI development.
 
Requirements:
 
  - Minimum 2-3 years of experience leading ...",08/05/2026MadridInteligencia Artificial/Machine Learning
https://www.tecnoempleo.com/java-software-engineer-plexus/spring-kafka/rf-2b731a7f92ff635a2e4d,Java Software Engineer,Plexus,"['java', 'Spring', 'Kafka']","Join Plexus Tech. We´re looking for a remote Java Software Engineer to join us on a major project in the textile industry.
 
Requirements:
 
  - Java 17 or higher
 - ...",08/05/2026100% remotoProgramador
https://www.tecnoempleo.com/cloud-engineer-aws-plexus/cognito/rf-52d712d33224937b4b49,Cloud Engineer AWS,Plexus,"['AWS', 'Cognito']",Join Plexus Tech. We´re looking for a Senior Cloud Engineer with solid experience managing and provisioning cloud services on AWS for a banking sector project with ...,08/05/2026MadridTécnico de Sistemas
https://www.tecnoempleo.com/javascript-sr-developer-plexus/typescript/rf-0c3b1ec2127b230f8a4e,JavaScript Sr Developer,Plexus,"['JavaScript', 'TypeScript']","Join Plexus Tech. We are looking for a Senior JavaScript Developer to join us on a major project in the banking sector.
 
Requirements:
 
  - A middle-level profile ...",08/05/2026MadridProgramador
https://www.tecnoempleo.com/gen-artificial-intelligence-engineer-plexus/python-llm/rf-78ef1b2a92503343ff42,Gen Artificial Intelligence Engineer,Plexus,"['Python', 'LLM']","Details

Join Plexus Tech. We are looking for a Genetic AI Developer to join one of our projects in the banking sector.
 
Requirements:
  - Design, develop, and implement...",08/05/2026MadridInteligencia Artificial/Machine Learning
https://www.tecnoempleo.com/full-stack-developer-node-angular-plexus/angular/rf-322b167b92f6b3bef043,Full Stack Developer (Node+Angular),Plexus,"['angular', 'node']","Join Plexus Tech. We´re looking for Senior Fullstack Developers (Node.js + Angular) with at least 4 years of experience and English proficiency at B2-C1 levels.
 
...",08/05/2026MadridProgramador
https://www.tecnoempleo.com/java-microservices-programmer-plexus/spring/rf-fc641d5d420b73754a43,Java Microservices Programmer,Plexus,"['java', 'spring']","Details

Join Plexus Tech. We are looking for a Java/Spring Boot Programmer with experience in Microservices.
 
Requirements:
  - At least 5 years of experience as a Java...",08/05/2026MadridProgramador
https://www.tecnoempleo.com/sre-technician-monitoring-mid-observability-plexus/datadog-elasticsearch/rf-cc841d8832c693868e44,SRE Technician / Monitoring / Mid Observability,Plexus,"['datadog', 'ElasticSearch', 'Grafana']","Details

Join Plexus Tech. We are looking for a professional with 100% remote monitoring experience.
 
Requirements:
  - Datadog
 - OpenTelemetry (ElasticSearch APM...",08/05/2026100% remotoTécnico de Sistemas
https://www.tecnoempleo.com/senior-python-engineer-plexus/langgraph-adk/rf-7f6c1686d20aa3079740,Senior Python Engineer,Plexus,"['Python', 'LangGraph', 'ADK']","Join Plexus Tech. We are currently looking for a Senior Python Architect/Developer to design and deploy architectures based on AI Agents and serverless solutions on AWS, ...",08/05/2026MadridInteligencia Artificial/Machine Learning
https://www.tecnoempleo.com/android-developer-senior-plexus/kotlin/rf-d2c81806420443a6e940,Android Developer Senior,Plexus,"['Kotlin', 'Android']","Join Plexus Tech. We´re looking for a Senior Android Developer to join us on a major banking project.
 
Requirements:
 
  - 5 years of exclusive experience in native ...",08/05/2026100% remotoDesarrollador Móvil
https://www.tecnoempleo.com/appian-developer-plexus/sql-mysql/rf-6d321bd762e9d34ea142,Appian Developer,Plexus,"['Appian', 'SQL', 'MySQL']","Join Plexus Tech. We´re looking for an Appian Developer to join us on a major banking project.
 
Requirements:
 
  - 3+ years of experience as an Appian developer.
 - ...",08/05/2026MadridProgramador
https://www.tecnoempleo.com/remote-appian-developer-plexus/appian/rf-464e11106256e30ba44e,Remote Appian Developer,Plexus,['Appian'],"Únete a Plexus Tech. Nos encontramos en búsqueda de Desarrolladores/as Appian para unirse a un gran proyecto en remoto
 
Requisitos:
 
  - Appian
 
Con nuestro modelo ...",08/05/2026100% remotoProgramador
https://www.tecnoempleo.com/senior-java-developer-plexus/spring-rabbitmq/rf-3a041214d23b134e9041,Senior Java Developer,Plexus,"['java', 'spring', 'RabbitMQ']","Join Plexus Tech. We are looking for a Senior Java Developer with 4+ years of experience in Java development.
 
Requirements:
 
  - Experience with Spring Boot and REST ...",08/05/2026100% remotoProgramador
https://www.tecnoempleo.com/aws-technical-lead-with-python-plexus/aws/rf-7b931a7e5273130bc845,AWS Technical Lead with Python,Plexus,"['AWS', 'Python']","Details

Join Plexus Tech. We are looking for a Tech Lead with experience in AWS and Python development.
 
Requirements:
  -  Essential experience with AWS Lambdas
 - ...",08/05/2026MadridDevOps
https://www.tecnoempleo.com/network-technician-plexus/lan-wan/rf-ed2819fea2b173f3364d,Network Technician,Plexus,"['LAN', 'WAN']","Details

Join Plexus Tech. We are looking for a Network and Communications Technician.
 
Requirements:
 
At least 3 years of experience in Networking environments
 
...",08/05/2026MadridRedes
https://www.tecnoempleo.com/network-technician-wifi-lan-switching-plexus/huawei-aruba/rf-f9f11b4f324a336e7240,Network Technician (WiFi/LAN/Switching),Plexus,"['WiFi', 'LAN', 'Huawei']","Details

Join Plexus Tech. We are currently looking for a Network Technician with 3-5 years of experience to join our Networking team.
 
REQUIREMENTS:
  - Experience in ...",08/05/2026Madrid (Híbrido)Redes
https://www.tecnoempleo.com/fullstack-python-developer-plexus/python/rf-e26f15c142d10345684d,Fullstack Python Developer,Plexus,['Python'],"Join Plexus Tech. We´re looking for a Fullstack Python Developer.
 
Requirements:
 
  - Bachelor´s or Engineering degree in Computer Systems, IT, or related fields.
 - ...",08/05/2026MadridProgramador
https://www.tecnoempleo.com/sap-sd-consultant-plexus/hana/rf-30eb1c1a72bdb368e343,SAP SD Consultant,Plexus,"['sap', 'hana']","Details

Join Plexus Tech. We are looking for an SAP SD Consultant for an important, fully remote project.
 
REQUIREMENTS:
 
Senior SAP SD experience.
 
Experience in ...",08/05/2026MadridConsultor
https://www.tecnoempleo.com/power-platform-dev-plexus/power-platform-power-automate/rf-766716bf224a73cd284d,Power Platform Dev,Plexus,"['Power Platform', 'Power Automate', 'SharePoint']","Únete a Plexus Tech. Nos encontramos en búsqueda de profesionales especializados en Power Apps y Automate, implantación de cultura M365.
 
Requisitos:
 
  - ...",08/05/2026MadridProgramador
https://www.tecnoempleo.com/senior-js-typescript-developer-plexus/javascript/rf-4c471607f260e3125e4b,Senior JS/TypeScript Developer,Plexus,"['JavaScript', 'TypeScript']","Join Plexus Tech. We´re looking for a JavaScript and TypeScript developer to join a large, stable project where we can continue to grow.
 
Requirements:
 
  - Senior ...",08/05/2026MadridProgramador
https://www.tecnoempleo.com/lead-software-test-automation-engineer-epam/rh-linux-tcp-ip/rf-eafc139972e5b3e62947,Lead Software Test Automation Engineer,EPAM,"['Test', 'RH Linux', 'TCP/IP']",Are you a forward-thinking professional with a strong background in Test Automation and an interest in financial services? Join EPAM in Madrid as a Lead Software Test ...,08/05/2026MadridTester/QA
https://www.tecnoempleo.com/appian-bpm-developer-plexus/mysql/rf-576b12fd623743dc2141,Appian BPM Developer,Plexus,"['Appian', 'BPM', 'MySQL']","Details

Join Plexus Tech. We´re looking for Appian Developers to join a large remote project.
 
Requirements:
  - View control
 - Procedures
 - Database creation, ...",08/05/2026100% remotoProgramador
https://www.tecnoempleo.com/remote-senior-react-developer-plexus/typescript/rf-3c9c1f4ab2a7e3dd1049,Remote Senior React Developer,Plexus,"['react', 'Typescript']",Únete a Plexus Tech. Nos encontramos en búsqueda de desarrolladores con al menos 5 años de experiencia en React para unirse a un gran proyecto donde podamos seguir ...,08/05/2026MadridProgramador
https://www.tecnoempleo.com/senior-sap-fi-consultant-plexus/hana/rf-0c1411d642d8d321874a,Senior SAP FI Consultant,Plexus,"['SAP', 'HANA']","Join Plexus Tech. We are looking for a Senior SAP FI Consultant for a major S/4 HANA implementation for a fully remote project.
 
Requirements:
 
  - At least 8-9 years of...",08/05/2026MadridConsultor
https://www.tecnoempleo.com/abap-developer-with-sox-plexus/abap/rf-5dd71ea1c26b5361e14a,ABAP Developer with SOX,Plexus,"['abap', 'SOX']","Details

Join Plexus Tech. We are looking for an ABAP Developer with SOX experience for an important, fully remote project.
 
REQUIREMENTS:
 
At least 4-5 years of ...",08/05/2026MadridProgramador
https://www.tecnoempleo.com/appian-developer-plexus/appian/rf-2529117cc228b3133149,Appian Developer,Plexus,['Appian'],"Details

Join Plexus Tech. We are looking for Appian Developers with varying levels of experience to join our team on different projects.
 
Requirements:
  - Appian
 
...",08/05/2026MadridProgramador
https://www.tecnoempleo.com/java-microservices-plexus/spring-boot-webflux/rf-fd411d7fc20d830f8148,Java Microservices,Plexus,"['Java', 'Spring Boot', 'WebFlux']","Join Plexus Tech. We are currently looking for Senior Java Developers with Microservices experience, with a minimum of 4 years of experience.

REQUIREMENTS:
  - Spring Boot...",08/05/2026Madrid (Híbrido)Programador
https://www.tecnoempleo.com/java-testing-senior-plexus/karate-mongodb/rf-50461deec231f3df1b4e,Java+testing Senior,Plexus,"['java', 'Karate', 'MongoDB']","Details

Join Plexus Tech. We are looking for a Java Developer with at least 4 years of experience and strong knowledge of Karate, and a QA Engineer with 4 years of ...",08/05/2026MadridTester/QA
https://www.tecnoempleo.com/senior-full-stack-angular-node-plexus/angular/rf-12421d0622c723d1474a,Senior full stack Angular+Node,Plexus,"['Angular', 'node']","Join Plexus Tech. We´re looking for new colleagues with a full-stack Angular+Node developer profile.
 
Requirements:
 
  - Advanced Node.js and Angular development.
 - ...",08/05/2026MadridProgramador
https://www.tecnoempleo.com/azure-engineer-plexus/azure/rf-31ed173f1243a385694c,Azure Engineer,Plexus,['azure'],"Join Plexus Tech. We´re looking for new Azure specialist colleagues to join a new banking project.
 
Requirements:
 
  - Azure
 - Aks
 - API gateway
 - Cosmos db
 - ...",08/05/2026MadridTécnico de Sistemas
https://www.tecnoempleo.com/sap-fiori-consultant-plexus/sap/rf-33cf12e672687382ec48,SAP Fiori Consultant,Plexus,"['SAP', 'Fiori']","Join Plexus Tech. We are currently looking for an SAP Fiori Consultant to join our team and take part in key, long-term projects.

REQUIREMENTS:
  - It is essential to hold...",08/05/2026Madrid (Híbrido)Consultor
https://www.tecnoempleo.com/aws-architect-plexus/ecs/rf-84ba1c0d92f4e3b1494e,AWS Architect,Plexus,"['AWS', 'ECS']","Details

Join Plexus Tech. We are looking for people with at least 3 years of experience as a Cloud Architect with AWS.
 
Requirements:
  - Cloud / AWS
 - Architectural ...",08/05/2026MadridArquitecto TIC
https://www.tecnoempleo.com/azure-cloud-architect-plexus/linux-windows/rf-e27d1ffdd23e337abf40,Azure Cloud Architect,Plexus,"['azure', 'Linux', 'Windows']","Details

Join Plexus Tech. We are looking for Cloud Architects with experience in Azure for a client in the banking sector with a significant presence in the ICT market...",08/05/2026Madrid (Híbrido)Arquitecto TIC
https://www.tecnoempleo.com/remote-python-pl-sql-developer-plexus/pl-sql/rf-9cd715b8d25ad3a54149,Remote Python/PL/SQL Developer,Plexus,"['Python', 'PL/SQL']","Details

Join Plexus Tech. We are looking for a Python Developer to carry out the technical design, development, testing, deployment, and integration of the solution within ...",08/05/2026100% remotoProgramador
https://www.tecnoempleo.com/senior-python-django-developers-plexus/typescript/rf-58621b4872fe03feba4e,Senior Python-Django Developers,Plexus,"['Python', 'Django', 'Typescript']","Details

Join Plexus Tech. We´re looking for Senior Python-Django Developers with more than 4 years of experience with Python/Django.
 
Requirements:
 
  - Python
 - ...",08/05/2026MadridProgramador
https://www.tecnoempleo.com/ios-developer-plexus/swift/rf-34211b8c02ca43a8624a,iOS Developer,Plexus,"['Swift', 'iOS']","Details

Join Plexus Tech. We are looking for an iOS developer with at least 3 years of experience to join an important and stable project in the banking sector.
 
...",08/05/2026MadridDesarrollador Móvil
https://www.tecnoempleo.com/senior-java-developers-aws-plexus/java/rf-4d741244529c738dc34d,Senior Java Developers - AWS,Plexus,"['java', 'AWS']","Details

Join Plexus Tech. We are looking for technical professionals with in-depth knowledge of software design, patterns, and architectures.
 
Experience with AWS and ...",08/05/2026MadridProgramador
https://www.tecnoempleo.com/azure-architect-plexus/linux-windows/rf-80ce15b2b2c153b41d47,Azure Architect,Plexus,"['azure', 'Linux', 'Windows']","Details

Join Plexus Tech. We are looking for new Azure specialists to join our banking sector project.
 
Requirements:
  - Proven experience as a Solutions Architect or ...",08/05/2026MadridTécnico de Sistemas
https://www.tecnoempleo.com/java-software-engineer-plexus/spring-kafka/rf-2f191501e2d1a374e74f,Java Software Engineer,Plexus,"['Java', 'Spring', 'Kafka']","Únete a Plexus Tech. Nos encontramos en búsqueda de un Java Software Engineer remote para unirse con nosotros a un importante proyecto del sector textil.
 
Requisitos...",08/05/2026100% remotoProgramador
https://www.tecnoempleo.com/python-django-programmer-plexus/python/rf-4c281ab7229353a15e4f,Python - Django programmer,Plexus,"['Python', 'Django']","Únete a Plexus Tech. Nos encontramos en búsqueda de un/a programador/a back-end en Python.
 
Requisitos:
 
  - Al menos 4 años de experiencia con el framework Django...",08/05/2026100% remotoProgramador
https://www.tecnoempleo.com/full-stack-java-react-programmer-plexus/spring/rf-57581a5b32f363317646,Full Stack Java/React Programmer,Plexus,"['java', 'react', 'spring']","Join Plexus Tech. We´re looking for a Full Stack HAVA/React Developer to join a large, stable project in the retail sector.
 
Requirements:
 
  - Programming language: ...",08/05/2026MadridProgramador
https://www.tecnoempleo.com/sap-drc-consultant-plexus/sap/rf-fb1517e2b285d3c6b647,SAP DRC Consultant,Plexus,['SAP'],"Join Plexus Tech. We are looking for a SAP Consultant with experience in DRC (Document and Reporting Compliance) for a major, fully remote project.
 
We also offer freelance...",08/05/2026MadridConsultor
https://www.tecnoempleo.com/python-programmer-analyst-plexus/sql-server-oracle/rf-0c9e105b52ee8301534a,Python Programmer Analyst,Plexus,"['Python', 'SQL Server', 'Oracle']","Details

Join Plexus Tech. We are looking for a Python Programmer Analyst to join an important and stable project in the banking sector.
 
Requirements:
  - Knowledge of ...",08/05/2026MadridAnalista Programador
https://www.tecnoempleo.com/senior-java-software-engineer-plexus/spring-aws/rf-fb7f14d1b2a8a3caec4a,Senior Java Software Engineer,Plexus,"['java', 'spring', 'AWS']","Join Plexus Tech. We are seeking a Senior Software Engineer with solid experience in backend development, specifically in Java and microservices architectures.
 
This ...",08/05/2026MadridProgramador
https://www.tecnoempleo.com/data-engineer-aws-plexus/python-etl/rf-d2781d2f020743009544,Data Engineer (AWS),Plexus,"['Python', 'ETL', 'AWS']","Details

Join Plexus Tech. We are looking for a Data Engineer (AWS) with at least 3 years of experience.
 
Requirements:
  - AWS experience.
 - Experience with Python ...",08/05/2026MadridBig Data
https://www.tecnoempleo.com/sap-analytics-cloud-consultant-plexus/hana/rf-b2231bdac25ab3dd724f,SAP Analytics Cloud Consultant,Plexus,"['sap', 'hana']",Join Plexus Tech. We are looking for an SAP consultant with expertise in the SAP Analytics Cloud - Planning tool to participate in the functional implementation of an already ...,08/05/2026100% remotoConsultor
https://www.tecnoempleo.com/cybersecurity-architect-plexus/ciberseguridad-siem/rf-0aaf1522621453156847,Cybersecurity Architect,Plexus,"['ciberseguridad', 'SIEM']","Details

Join Plexus Tech. We are looking for Cybersecurity Architects with experience in designing and implementing SOC architectures in corporate environments.
 
Your ...",08/05/2026MadridCiberseguridad
https://www.tecnoempleo.com/python-ai-google-adk-plexus/postgresql-google-adk/rf-95f1160af277d35a2441,Python AI / Google ADK,Plexus,"['Python', 'PostgreSQL', 'Google ADK']","Details

Join Plexus Tech. We are seeking a professional with proven experience in projects involving agent frameworks such as Google ADK and LangChain, to participate in ...",08/05/2026MadridInteligencia Artificial/Machine Learning
https://www.tecnoempleo.com/net-developer-plexus/net-sql/rf-03fd1abb4275732f3c4c,.NET Developer,Plexus,"['.net', 'SQL']","Join Plexus Tech. We´re looking for a Senior .NET Developer with at least 4 years of experience.
 
Requirements:
 
  -  .NET
 -  .NET Core
 -  Testing
 -  SQL ...",08/05/2026MadridProgramador
https://www.tecnoempleo.com/appian-developer-plexus/appian/rf-b9f91428727693b03b42,Appian Developer,Plexus,['Appian'],"Join Plexus Tech. We´re looking for an Appian Developer.
 
Requirements:
 
  - Process and Workflow Development: Experience creating business workflows in Appian.
 - ...",08/05/2026MadridProgramador
https://www.tecnoempleo.com/java-microservices-developer-plexus/spring/rf-3af31549320e73a3bd46,Java Microservices Developer,Plexus,"['java', 'spring']","Details

Join Plexus Tech. We are looking for a Java Programmer with experience in microservices, with at least 4 years of experience in the areas detailed below.
 
...",08/05/2026MadridProgramador
https://www.tecnoempleo.com/devops-engineer-plexus/aws-kubernetes/rf-caad17d6329eb3d62843,DevOps Engineer,Plexus,"['AWS', 'Kubernetes']","Join Plexus Tech. We are looking for new colleagues with a DevOps background to join a banking project.
 
Requirements:
 
  - Experience in designing and implementing ...",08/05/2026MadridDevOps
https://www.tecnoempleo.com/developer-appian-plexus/sql/rf-358311c2d2af93cf3c43,Developer Appian,Plexus,"['Appian', 'SQL']","Join Plexus Tech. We´re looking for an Appian Developer to join the team on an important and stable project.
 
Requirements:
 
  - More than 3 years of experience as an ...",08/05/2026100% remotoProgramador
https://www.tecnoempleo.com/azure-architect-plexus/entraid-oauth/rf-fcc41763922023da3c47,Azure Architect,Plexus,"['azure', 'EntraID', 'OAuth']",Join Plexus Tech. We are looking for an Azure Architect with at least 3 years of experience working with Azure IaaS and PaaS services and knowledge of Azure Identity and ...,08/05/2026MadridArquitecto TIC
https://www.tecnoempleo.com/sap-hcm-technical-consultant-plexus/sap/rf-01021673025b33ef8643,SAP HCM technical consultant,Plexus,['sap'],"Join Plexus Tech. We are seeking a SAP HCM Functional/Technical Consultant for a permanent, remote position.
 
The selected consultant will join our team and participate in ...",08/05/2026MadridConsultor
https://www.tecnoempleo.com/fullstack-react-java-springboot-plexus/react/rf-5d3e189b12e8f3666d4a,Fullstack React + Java SpringBoot,Plexus,"['react', 'java']",Join Plexus Tech. We´re looking for Full Stack Developers with solid experience in React front-end development to join the team and be part of our most cutting-edge projects...,08/05/2026MadridProgramador
https://www.tecnoempleo.com/systems-analyst-and-coordinator-plexus/windows-sql-server/rf-4f2f1690d29a8346934d,Systems Analyst and Coordinator,Plexus,"['Windows', 'SQL Server']","Join Plexus Tech. We´re looking for a Systems Analyst and Coordinator to join a large and stable project in the insurance sector.
 
Requirements:
 
  - MS Windows Server ...",08/05/2026MadridTécnico de Sistemas
https://www.tecnoempleo.com/sap-co-consultant-plexus/sap/rf-79f41b77b2447335854f,SAP CO Consultant,Plexus,['sap'],"Details

Join Plexus Tech. We are looking for a Senior SAP CO Consultant for a major, fully remote project. Freelance opportunities are also available.
 
Requirements...",08/05/2026MadridConsultor
https://www.tecnoempleo.com/senior-java-developers-aws-plexus/python/rf-fcd31448025a53f87145,Senior Java Developers - AWS,Plexus,"['java', 'AWS', 'python']","Details

Join Plexus Tech. We are looking for technical professionals with in-depth knowledge of software design, patterns, and architectures. Specialist
 
Experience with...",08/05/2026MadridProgramador
https://www.tecnoempleo.com/team-lead-java-plexus/spring/rf-201b1303b2cfd3d7d84a,Team Lead Java,Plexus,"['Java', 'Spring']","Details

Join Plexus Tech. We are looking for a colleague with experience as a Java Team Lead.
 
Requirements:
  - Working in a microservices environment, with Spring, ...",08/05/2026MadridJefe de Equipo
https://www.tecnoempleo.com/java-backend-programmer-plexus/spring-boot/rf-ec4c1ccad2b32303524d,Java Backend Programmer,Plexus,"['Java', 'Spring Boot']","Details

Join Plexus Tech. We are looking for a Java Backend Developer with experience developing with the current LTS version of Java.
 
Requirements:
 
  - Develop, ...",08/05/2026Madrid (Híbrido)Programador
https://www.tecnoempleo.com/appian-developer-plexus/sql/rf-1e08116d227133596843,Appian Developer,Plexus,"['Appian', 'SQL']","Details

Join Plexus Tech. We are looking for Appian developers with at least 3 years of experience.
 
Requirements:
  - +3 years of experience as an Appian developer...",08/05/2026MadridProgramador
https://www.tecnoempleo.com/it-applications-technician-plexus/itil/rf-415b1420420083145848,IT Applications Technician,Plexus,['ITIL'],"Join Plexus Tech. We are currently looking for an IT Applications Technician with 2 years of experience in application user support.

REQUIREMENTS:
  - User support for IT ...",08/05/2026Madrid (Híbrido)Soporte Técnico
https://www.tecnoempleo.com/senior-angular-developer-plexus/html-typescript/rf-2e371d0c12c1a31d2b44,Senior Angular Developer,Plexus,"['Angular', 'HTML', 'TypeScript']","Join Plexus Tech. We´re looking for a Senior Angular Developer to join a major, established project in the tourism sector.
 
Requirements:
 
  - Develop robust, scalable...",08/05/2026MadridProgramador
https://www.tecnoempleo.com/java-springboot-programmer-plexus/java/rf-1c131908424f4371a64d,Java Springboot Programmer,Plexus,"['java', 'spring']","Details

Join Plexus Tech. We are looking for a Java/Spring Boot Programmer.
 
Requirements:
  - At least 4 years of experience as a Java programmer with microservices...",08/05/2026MadridProgramador
https://www.tecnoempleo.com/it-project-manager-plexus/project-manager-m365/rf-33c411a2e2d5e39e0e4a,IT Project Manager,Plexus,"['Project Manager', 'M365', 'Azure']","Details

Join Plexus Tech. We are looking for a Project Manager specializing in infrastructure, communications, workstations, and operating systems for an energy sector ...",08/05/2026MadridJefe de Proyecto
https://www.tecnoempleo.com/azure-cloud-architect-plexus/azure/rf-a05a12da92ca63e29349,Azure Cloud Architect,Plexus,['azure'],"Join Plexus Tech. We are looking for experienced Azure Architects to join the team and be part of our cutting-edge projects.
 
Requirements:
 
  - Experience as an Azure ...",08/05/2026MadridArquitecto TIC
https://www.tecnoempleo.com/software-engineer-java-scala-spark-plexus/java/rf-e59e126a52fe03c71a48,Software Engineer Java Scala/Spark,Plexus,"['Java', 'Scala', 'Spark']","Details

Join Plexus Tech. We´re looking for a Java, Scala, and Spark Software Engineer to join a large, stable international project.
 
Requirements:
 
  - A good ...",08/05/2026MadridProgramador
https://www.tecnoempleo.com/data-analyst-plexus/etl-python/rf-1b771133423633894845,Data Analyst,Plexus,"['ETL', 'Python', 'SQL']","Details

Join Plexus Tech. We are looking for a Data Engineer/Analyst with at least 3 years of hands-on experience in ETL processes, data analysis, and modeling, capable of ...",08/05/2026100% remotoBig Data
https://www.tecnoempleo.com/senior-react-developers-plexus/typescript-javascript/rf-23111c9942583390d941,Senior React Developers,Plexus,"['React', 'Typescript', 'Javascript']","Details

Join Plexus Tech. We are looking for developers with at least 5 years of experience in React to join our digital banking project.
 
Requirements:
 
React (...",08/05/2026Madrid (Híbrido)Programador
https://www.tecnoempleo.com/senior-python-programmers-plexus/tableau-sql/rf-09d914d9022a93cbcd43,Senior Python Programmers,Plexus,"['Python', 'Tableau', 'SQL']","Join Plexus Tech. We´re looking for new colleagues with a senior Python developer profile.
 
Requirements:
 
  - Experience with Tableau
 - Experience with SQL, Hive, ...",08/05/2026100% remotoProgramador
https://www.tecnoempleo.com/network-technician-plexus/lan-wan/rf-44c91cc1f2ec5316a744,Network Technician,Plexus,"['LAN', 'WAN', 'WLAN']","Details

Join Plexus Tech. We are looking for network and infrastructure technicians with at least 2-3 years of experience to work for a major retail client.
 
...",08/05/2026Barcelona (Híbrido)Redes
https://www.tecnoempleo.com/rpa-uipath-analyst-programmer-plexus/sql-oracle/rf-622b10ce32e7b3c22c45,RPA UiPath Analyst/Programmer,Plexus,"['RPA', 'UiPath', 'SQL']","Join Plexus Tech. We are currently looking for an RPA UiPath Analyst/Programmer with at least 4 years of experience in process automation to join our team.

REQUIREMENTS...",08/05/2026Madrid (Híbrido)Analista Programador
https://www.tecnoempleo.com/android-developer-plexus/kotlin/rf-16961f48f240d3c0df44,Android Developer,Plexus,"['Kotlin', 'Android']","Details

Join Plexus Tech. We´re looking for an Android Developer to join an important and stable project.
 
Requirements:
  - 3 years of experience developing Android ...",08/05/2026MadridDesarrollador Móvil
https://www.tecnoempleo.com/java-developer-data-analysis-plexus/postgresql/rf-4e7618b2325423eb3548,Java Developer + Data Analysis,Plexus,"['Java', 'PostgreSQL']","Details

Join Plexus Tech. We are looking for a programmer with 3 years of experience in Java development and familiarity with data analysis.
 
Requirements:
 
1. ...",08/05/2026MadridProgramador
https://www.tecnoempleo.com/nodejs-developer-plexus/javascript-angular/rf-ed6617cd8233232c4142,Node.js Developer,Plexus,"['node', 'JavaScript', 'angular']","Details

Join Plexus Tech. We are looking for a programmer with at least 3 years of experience.
 
Requirements:
  - Vocational training in IT or higher.
 - Minimum ...",08/05/2026100% remotoProgramador
https://www.tecnoempleo.com/back-end-developer-plexus/spark-scala/rf-0b701d25f28f33107d45,Back-end Developer,Plexus,"['Spark', 'Scala', 'PL/SQL']","Join Plexus Tech. We are currently looking for a Spark/Scala Developer to join our team.

REQUIREMENTS:
  - Developer with basic knowledge of Spark/Scala, to work on ETL ...",08/05/2026Madrid (Híbrido)Big Data
https://www.tecnoempleo.com/sap-hcm-consultant-plexus/sap/rf-345e1660e2806348ba47,SAP HCM Consultant,Plexus,['sap'],"Details

Join Plexus Tech. We are looking for an SAP HCM Consultant with at least 5 years of experience to join our team in Madrid for a project in the hotel sector.
 
...",08/05/2026MadridConsultor
https://www.tecnoempleo.com/desarrollador-abap-plexus/bapis-badi/rf-a86d1347e24cc34b4143,Desarrollador ABAP,Plexus,"['ABAP', 'BAPIs', 'BADI']","Únete a Plexus Tech. Nos encontramos en búsqueda de un/a Desarrollador/a ABAP para un importante proyecto totalmente en remoto.

REQUISITOS:
  - Conocimientos en módulos...",08/05/2026Madrid (Híbrido)Programador
https://www.tecnoempleo.com/react-developer-plexus/javascript/rf-465c1b4e827ff34d834e,React Developer,Plexus,"['react', 'JavaScript']","Join Plexus Tech. We are looking for a Developer with at least 5 years of experience in React for a banking sector project with significant impact in the ICT market.
 
...",08/05/2026MadridProgramador
https://www.tecnoempleo.com/ios-senior-developer-plexus/swift/rf-b6411b2ef28293a9bb46,iOS Senior Developer,Plexus,"['Swift', 'iOS']","Join Plexus Tech. We are looking for new colleagues with a senior iOS background and at least 5 years of experience to join a banking project.
 
Requirements:
 
  -  5 ...",08/05/2026MadridDesarrollador Móvil
https://www.tecnoempleo.com/remote-python-pl-sql-developer-plexus/pl-sql/rf-453a14cc626aa30ede4e,Remote Python / PL/SQL Developer,Plexus,"['python', 'PL/SQL']","Details

Join Plexus Tech. We are currently looking for a Python Developer to carry out technical design, development, testing, deployment, and integration of the developed ...",08/05/2026Madrid (Híbrido)Programador
https://www.tecnoempleo.com/data-modeler-bi-developer-plexus/python-sql/rf-0f4b100dc27ed34ca44f,Data Modeler / Bi Developer,Plexus,"['Python', 'SQL', 'Power BI']","Details

Join Plexus Tech. We´re looking for a Data Engineer/BI Developer.
 
Requirements:
  - Computer Science: Strong programming skills in languages such as Java or ...",08/05/2026100% remotoProgramador
https://www.tecnoempleo.com/salesforce-developers-plexus/apex-aura/rf-1a4c17ae8250d3defe45,Salesforce Developers,Plexus,"['Salesforce', 'Apex', 'Aura']","Details

Join Plexus Tech. We are looking for Salesforce Developers to join our team for a remote hotel industry project.
 
Requirements:
  - Lightning web components...",08/05/2026MadridProgramador
https://www.tecnoempleo.com/net-developer-plexus/net/rf-2f0b17c1120593b81b42,.NET Developer,Plexus,['.net'],"Join Plexus Tech. We are looking for a .NET Developer to join an important and stable project.
 
Requirements:
 
  - Immediate availability will be highly valued.
 
With...",08/05/2026MadridProgramador
https://www.tecnoempleo.com/senior-angular-developers-plexus/angular/rf-261716af62a1d3a9f244,Senior Angular Developers,Plexus,['Angular'],"Details

Join Plexus Tech. We are looking for Angular developers with at least 4 years of professional experience to join a banking project.
 
REQUIREMENTS:
  - Angular...",08/05/2026MadridProgramador
https://www.tecnoempleo.com/developer-abap-iv-en-modulos-sd-mm-plexus/abap/rf-c5301e34f2bec3a08244,Developer ABAP IV en modulos SD/MM,Plexus,['ABAP'],"Únete a Plexus Tech. Nos encontramos en búsqueda de un/a Developer Abap IV en los módulos SD/MM en Valladolid, donde formarás parte de un interesante y muy estable ...",08/05/2026Valladolid (Híbrido)Programador
https://www.tecnoempleo.com/javascript-sr-developer-plexus/react-angular/rf-21e6106d8236b329c742,JavaScript Sr Developer,Plexus,"['Javascript', 'React', 'Angular']","Join Plexus Tech. We are looking for experienced Javascript and TypeScript developers to join the team and be part of our cutting-edge projects.
 
Requirements:
 
  - ...",08/05/2026MadridProgramador
https://www.tecnoempleo.com/senior-developer-net-plexus/net-net-core/rf-70e3122702b4e3dded45,Senior Developer .Net,Plexus,"['.net', '.NET Core', 'Angular']","Details

Join Plexus Tech. We´re seeking a Senior Fullstack Developer with experience in .NET and Angular to join our Application Management team. You´ll work on mission-...",08/05/2026100% remotoProgramador
https://www.tecnoempleo.com/php-angular-web-analyst-plexus/php/rf-e9a61db282e593bbac43,"PHP, Angular Web Analyst",Plexus,"['PHP', 'Angular']","Requirements:
  - Design and maintain efficient and secure web functionalities, using technologies such as PHP and Angular.
 - Ensure a fluid, accessible user experience ...",08/05/2026MadridProgramador
https://www.tecnoempleo.com/net-developer-remote-plexus/net/rf-94d0183bd23b7330c24c,.NET Developer (Remote),Plexus,['.net'],"Details

Join Plexus Tech. We are looking for .NET profiles with at least 8 years of experience to join the Plexus team and take part in important and stable projects.
 
...",08/05/2026100% remotoProgramador
https://www.tecnoempleo.com/rpa-developer-uipath-plexus/sql/rf-fcb51d71522423f3b74a,RPA Developer - UiPath,Plexus,"['RPA', 'UiPath', 'SQL']","Details

Join Plexus Tech. We are currently looking for a UiPath Developer with at least 3 years of experience in process automation to join our team.
 
REQUIREMENTS...",08/05/2026100% remotoProgramador
https://www.tecnoempleo.com/senior-python-developer-integrations-plexus/aws/rf-de45119eb2b323234d4d,Senior Python Developer - Integrations,Plexus,"['Python', 'AWS']","Join Plexus Tech. We´re looking for a Senior Python Developer - Integrations.
 
The project focuses on connecting internal and external platforms through APIs, ensuring ...",08/05/2026100% remotoProgramador
https://www.tecnoempleo.com/vsphere-systems-administrator-plexus/vsphere/rf-7a6d1902c2d9a3699445,vSphere Systems Administrator,Plexus,['vSphere'],"Details

Join Plexus Tech. We´re looking for a Systems Administrator with at least 5 years of experience automating virtual machine creation in a vSphere environment.
 
...",08/05/2026MadridTécnico de Sistemas
https://www.tecnoempleo.com/android-senior-developer-plexus/kotlin/rf-29281be2b29da3f81f40,Android Senior Developer,Plexus,"['Kotlin', 'Android']","Join Plexus Tech. We´re looking for new colleagues with a senior Android background and at least 5 years of experience to join a banking project.
 
Requirements:
 
  - ...",08/05/2026100% remotoDesarrollador Móvil
https://www.tecnoempleo.com/desarrollador-java-springboot-plexus/java/rf-e5e818f2d26d7385e04a,Desarrollador/a Java Springboot,Plexus,"['java', 'spring']","Únete a Plexus Tech. Nos encontramos en búsqueda de un/a compañero/a con experiencia de al menos 4 años como Desarrollador/a Java Springboot.
 
Requisitos:
 
  - ...",08/05/2026MadridProgramador
https://www.tecnoempleo.com/integration-engineer-mirth-baoss/soap-sql-server/rf-900e194bc2251360cb49,Integration Engineer (MIRTH),Baoss,"['Mirth', 'SOAP', 'SQL Server']","🧩 Descripción del puesto

Buscamos un Integration Engineer con experiencia en Mirth Connect para incorporarse a un importante proyecto del sector Mutuas, participando en ...",08/05/2026Madrid (Híbrido) y otrasTécnico Software
https://www.tecnoempleo.com/tecnico-micro-grupo-sermicro/ticketing-ios/rf-871418dfd2555336e448,Técnico/a micro,Grupo Sermicro,"['ticketing', 'IOS', 'ANDROID']",Grupo Sermicro es una empresa de referencia de Soluciones y Servicios TIC que ayuda a las empresas a desplegar su estrategia de negocio mediante un uso eficiente e innovador ...,08/05/2026Madrid (Presencial)Soporte Técnico
https://www.tecnoempleo.com/project-manager-aws-powercenter-baoss/aws/rf-73881093726343d1d441,Project Manager - AWS y Powercenter,Baoss,"['AWS', 'Powercenter']",Buscamos un/a perfil técnico especializado en AWS y desarrollo Batch/Backend para incorporarse a un proyecto tecnológico con equipos multidisciplinares. La persona ...,08/05/2026Madrid y otrasConsultor
https://www.tecnoempleo.com/business-analyst-tuyu-technology/mainframe/rf-0edd120d42d5b3ea2144,Business Analyst,Tuyú Technology,['Mainframe'],"¡Impulsa tu carrera con TUYÚ Technology! 

¿Te apasiona la tecnología y buscas un desafío que realmente marque la diferencia? Estamos en la búsqueda de un/a Business ...",08/05/2026Madrid (Híbrido)Analista27.000€ - 30.000€ b/a
https://www.tecnoempleo.com/ingeniero-datos-prevencion-fraude-cajamar-tecnolog/sql-azure/rf-37a713d6a231734c0142,Ingeniero de Datos - Prevención Fraude,Cajamar Tecnología,"['SQL', 'Azure', 'AWS']","Ingeniero de Datos - Prevención del Fraude y Financiación del Terrorismo

Cajamar Tecnología es una empresa de servicios que forma parte del Grupo Financiero Cajamar, con ...",08/05/2026Almería (Híbrido) y otrasBig Data
https://www.tecnoempleo.com/helpdesk-jornada-parcial-teleoperador-a-sosmatic/soporte-tecnico/rf-ec3a1bc57263e3f7ed4f,Helpdesk / jornada parcial (Teleoperador/a),Sosmatic,['soporte tecnico'],¿Te apasiona la tecnología y ayudar a las personas a resolver problemas técnicos? Estamos buscando Teleoperadores/as de Atención al Cliente con conocimientos de Soporte T...,08/05/2026Barcelona (Híbrido)Soporte Técnico
https://www.tecnoempleo.com/tecnico-ti-sosmatic/microinformatica/rf-ebf210e1a22213af3242,Técnico de TI,Sosmatic,['microinformatica'],Buscamos un/a Técnico/a de Soporte Informático Nivel 1 para incorporarse a nuestro departamento de IT. Serás el primer punto de contacto para la resolución de incidencias ...,08/05/2026Barcelona (Híbrido)Soporte Técnico
https://www.tecnoempleo.com/administrador-ora-db2-z-os-senior-baoss/z-os/rf-57b61eda42134375f746,Administrador/ora DB2 z/OS Senior,Baoss,"['Z/OS', 'DB2']","Estamos buscando un Administrador/ora DB2 z/OS Senior con experiencia sólida en administración, mantenimiento, tuning y resolución de incidencias en entornos de banca y ...",08/05/2026Barcelona y otrasBase de Datos/DBA
https://www.tecnoempleo.com/arquitecto-microseervicios-springboot-tuyu-technol/java/rf-57dc1bed1261c36a5e4b,Arquitecto/a Microseervicios Springboot,Tuyú Technology,"['java', 'springboot']","🚀 ¡Impulsa tu carrera con TUYÚ Technology! 🚀

¿Te apasiona la arquitectura backend y el diseño de soluciones basadas en microservicios? Buscamos un/a Arquitecto/a ...",08/05/2026Madrid (Híbrido)Arquitecto TIC48.000€ - 48.000€ b/a
https://www.tecnoempleo.com/data-engineer-tuyu-technology/azure-databricks/rf-88bb1644a21de3db014b,Data Engineer,Tuyú Technology,"['Azure', 'Databricks', 'ETL/ELT']","¡Impulsa tu carrera con TUYÚ Technology! 

¿Te apasiona la tecnología y buscas un desafío que realmente marque la diferencia? Estamos en la búsqueda de un/a Data ...",08/05/2026Madrid (Híbrido)Base de Datos/DBA36.000€ - 45.000€ b/a
https://www.tecnoempleo.com/desarrollador-sisnet-tuyu-technology/sisnet/rf-9a6e142f525e53017444,Desarrollador/a Sisnet,Tuyú Technology,['Sisnet'],"🚀 ¡Impulsa tu carrera con TUYÚ Technology! 🚀
¿Te apasiona la tecnología y buscas un desafío que realmente marque la diferencia? Estamos en la búsqueda de un/a ...",08/05/2026Madrid (Híbrido)Desarrollador Web39.000€ - 42.000€ b/a
https://www.tecnoempleo.com/arquitecto-software-grupo-digital/architecture-governance/rf-38a91e57827373841349,Arquitecto/a de Software,Grupo Digital,"['architecture', 'governance', 'software']","Descripción
Participarás en la gobernanza de arquitectura de un entorno tecnológico complejo, con impacto real en servicios de alto volumen.
 Un rol clave donde tu criterio...",08/05/2026Barcelona (Híbrido)Arquitecto TIC
https://www.tecnoempleo.com/is-compliance-and-risk-is-grc-consultant-michael-p/iso-27001-nis2/rf-f4cf157d429bb3cc4444,IS Compliance and Risk/ IS GRC Consultant,Michael Page,"['ISO 27001', 'NIS2', 'ISMS']","Perfil buscado

1. Marco de Cumplimiento de Seguridad de la Información

Ser responsable de mantener y evolucionar el ISMS corporativo alineado con ISO 27001.
Definir y ...",08/05/2026100% remotoCiberseguridad
https://www.tecnoempleo.com/analista-funcional-hays/dynamics-365-business-central/rf-392d1ac002227339c041,Analista Funcional,HAYS,"['Dynamics 365', 'Business Central', 'ERP']","Desde HAYS estamos colaborando con una Organización biotecnológica global dedicada al desarrollo de fármacos innovadores inspirados en el medio marino.

Buscamos un/a ...",08/05/2026Madrid (Presencial)Analista Programador
https://www.tecnoempleo.com/tecnico-sat-fabricante-maquinaria-page-personnel/bus-can/rf-c2531f4e7297c3fdb24c,Técnico SAT - Fabricante de maquinaria,Page Personnel,"['bus CAN', 'SAT']","En dependencia del director técnico, la persona seleccionada como Técnico SAT formará parte del equipo de Servicio Técnico. Sus responsabilidades incluirán el montaje, ...",08/05/2026BarcelonaTécnico de Mantenimiento
https://www.tecnoempleo.com/it-risk-expert-consultor-riesgos-michael-page/ciberseguridad/rf-e375103b7208538d1645,IT Risk Expert / Consultor Riesgos,Michael Page,['Ciberseguridad'],"• Identificar, evaluar y gestionar riesgos tecnológicos en colaboración con diferentes equipos.
• Implementar y supervisar controles para mitigar riesgos en los ...",08/05/2026Madrid (Híbrido)Ciberseguridad
https://www.tecnoempleo.com/senior-ai-automation-and-agent-engineer-michael-pa/python-langchain/rf-2cec1d54f2f8d3634947,Senior AI Automation and Agent Engineer,Michael Page,"['Python', 'LangChain', 'Lambda']","Perfil buscado (Hombre/Mujer)

Diseñar e implementar bots avanzados basados en workflows y lógica operacional.
Construir agentes de IA capaces de razonar, planificar y ...",08/05/2026Madrid (Híbrido)Inteligencia Artificial/Machine Learning60.000€ - 76.000€ b/aContrato temporal
https://www.tecnoempleo.com/consultor-junior-ciberseguridad-ens-atos/ciberseguridad/rf-18d11894e25193539b47,Consultor/a Junior de Ciberseguridad ENS,Atos,"['Ciberseguridad', 'ENS']","En Atos estamos buscando un Consultor/a Junior de Ciberseguridad ENS (Esquema Nacional de Seguridad).

Requisitos:
- Titulación Universitaria: necesaria titulación ...",08/05/2026Madrid (Híbrido)Ciberseguridad
https://www.tecnoempleo.com/ia-engineer-michael-page/python-openai/rf-70b819f8b2fa939cd34a,IA Engineer,Michael Page,"['Python', 'OpenAI']","Perfil buscado (Hombre/Mujer)

• Colaborar en el desarrollo y mantenimiento de agentes, MCPs (Model Context Protocol) y herramientas personalizadas integradas en nuestra ...",08/05/2026MadridInteligencia Artificial/Machine Learning39.000€ - 54.000€ b/aContrato temporal
https://www.tecnoempleo.com/electromecanico-page-personnel/electromecanica/rf-ed7513e9c21ae33daa42,Electromecánico,Page Personnel,['Electromecanica'],"Perfil buscado (Hombre/Mujer)

• Garantizar el correcto funcionamiento, ajuste y rendimiento de la maquinaria de envasado y de los equipos asociados al proceso productivo...",08/05/2026MadridIngenieros/Industria30.000€ - 36.000€ b/a
https://www.tecnoempleo.com/bi-specialist-michael-page/qlik-sap/rf-40c51852a27833de7f44,BI Specialist,Michael Page,"['Qlik', 'BI', 'SAP']","Perfil buscado (Hombre/Mujer)

• Desarrollar y mantener soluciones de BI utilizando Qlik/SAP BO.
• Trabajar en estrecha colaboración con el equipo de TI para ...",08/05/2026ZaragozaAnalista
https://www.tecnoempleo.com/project-manager-h-m-michael-page/project-manager-vision-artificial/rf-f49a1ad122fdb3515549,Project Manager (H/M),Michael Page,"['project manager', 'vision artificial']","Perfil buscado (Hombre/Mujer)

• Planificar, coordinar y ejecutar proyectos de software industrial, visión artificial y sistemas de producción inteligente.
• ...",08/05/2026Gipuzkoa (Presencial)Ingenieros/Industria
https://www.tecnoempleo.com/art-director-michael-page/figma-adobe-creative-suite/rf-d93c178112a253a5a147,Art Director,Michael Page,"['Figma', 'Adobe Creative Suite']","Perfil buscado (Hombre/Mujer)

* Desarrollo de narrativas gráficas y campañas 360º con coherencia visual. 
 * Creación y evolución de universos visuales e identidad gr...",08/05/2026BarcelonaDiseño gráfico
https://www.tecnoempleo.com/senior-software-engineer-spring-boot-michael-page/oracle-jira/rf-668b120642f203c3364a,Senior Software Engineer (Spring Boot),Michael Page,"['Spring', 'Oracle', 'Jira']","• Desarrollar soluciones backend en SpringBoot, dentro de un proyecto en el ámbito de compras.
• Diseñar e implementar componentes bajo arquitectura hexagonal.
• ...",08/05/2026Barcelona (Híbrido)Analista Programador
https://www.tecnoempleo.com/responsable-turno-michael-page/industrial-mecanica/rf-818e12b3f2d6c353cb4d,Responsable de Turno,Michael Page,"['Industrial', 'Mecanica']","La persona seleccionada realizará las siguientes funciones:

• Supervisar y coordinar las actividades diarias del turno en el área de laminación.

• Garantizar el ...",08/05/2026ZaragozaIngenieros/Industria
https://www.tecnoempleo.com/ingeniero-software-embebidos-michael-page/c-c/rf-beb91b22a28e23ef1c43,Ingeniero/a Software Embebidos,Michael Page,"['C', 'C++', 'microcontroladores']","Perfil buscado (Hombre/Mujer)

* Diseño, desarrollo y mantenimiento de software embebido para sistemas basados en microcontroladores y microprocesadores.
 * Implementació...",08/05/2026100% remotoElectrónica
https://www.tecnoempleo.com/tecnico-calidad-hays/iso/rf-dda118d6f2c27349a946,Técnico/a de Calidad,HAYS,"['calidad', 'ISO']","Técnico/a de Calidad - Dispositivos Médicos (ISO 13485 / Implantación ISO 14001)

-Ubicación: Álava 

-Modalidad: Presencial
Contrato: Indefinido

-Salario: 30.000...",08/05/2026Álava (Presencial)Sistemas de Calidad30.000€ - 36.000€ b/a
https://www.tecnoempleo.com/jefe-proyecto-michael-page/project-manager/rf-c292101e120b03e57a4b,Jefe/a de Proyecto,Michael Page,['Project Manager'],"Perfil buscado

El perfil de Jefe/a de Proyecto (baja y media tensión) tendrá como objetivo:

• Participar en el diseño, revisión, planificación y ejecución de ...",08/05/2026ZaragozaIngenieros/Industria
https://www.tecnoempleo.com/encargado-instalaciones-mecanicas-page-personnel/instalaciones/rf-7c3a118f6282c3209b41,Encargado de Instalaciones Mecánicas,Page Personnel,['instalaciones'],"La persona que se incorpore como encargado de instalaciones mecánicas realizará las siguientes funciones:

• Planificación y seguimiento de la ejecución de la obra...",08/05/2026MadridIngenieros/Industria
https://www.tecnoempleo.com/technical-consultant-sap-pi-po-cpi-accenture/sap/rf-2cdc1117a228d39b3e42,"Technical Consultant SAP PI, PO, CPI",Accenture,['SAP'],En Accenture creemos en la tecnología como motor de la reinvención total de la empresa. Trabajamos con las plataformas y los partners líderes en el mercado para impulsar ...,08/05/2026100% remotoConsultor
https://www.tecnoempleo.com/desarrollador-backend-java-tuyu-technology/springboot-quarkus/rf-3a9e1d6152e453d10145,Desarrollador/a Backend Java,Tuyú Technology,"['java', 'springboot', 'quarkus']","🚀 ¡Impulsa tu carrera con un proyecto internacional de alto nivel! 🚀
¿Te apasiona el desarrollo backend y te motiva trabajar en soluciones de alto impacto?
Estamos en ...",07/05/2026Barcelona (Híbrido)Desarrollador Web27.000€ - 33.000€ b/a
https://www.tecnoempleo.com/tecnico-cableado-presencial/cableado-routers/rf-60cc148ca2511327f64f,Tecnico/a Cableado,Grupo Sermicro,"['cableado', 'routers']","¡Te invitamos a formar parte de nuestro equipo!

Actualmente estamos buscando un/a Técnica/o Instalador/a de Cableado y Canalización para trabajar en un servicio para ...",07/05/2026Valladolid (Presencial) y otrasTécnico de MantenimientoContrato obra o servicio
https://www.tecnoempleo.com/ingeniero-hardware-senior-gmv/altium-gpu/rf-1fc41f9de2c253c7094f,Ingeniero/a de Hardware Senior,GMV,"['Altium', 'GPU', 'FPGA']",¿Buscas un sitio innovador y consolidado en el que desarrollarte profesionalmente? GMV somos un grupo tecnológico con amplia experiencia. Estamos ampliando nuestros equipos ...,07/05/2026Madrid (Híbrido)Electrónica
https://www.tecnoempleo.com/tecnico-electromecanico-a-michael-page/electromecanico/rf-84f21673e2ddc3ed0245,Técnico/a Electromecánico/a,Michael Page,['electromecanico'],"La persona seleccionada realizará las siguientes funciones:

• Realizar mantenimiento preventivo y correctivo de maquinaria industrial.

• Diagnosticar y solucionar ...",07/05/2026ZaragozaIngenieros/Industria
https://www.tecnoempleo.com/cloud-engineer-devoteam/aws-eks/rf-e67713d8e2d913852e46,Cloud Engineer,Devoteam,"['AWS', 'EKS', 'Kafka']","Descripción de la empresa

Devoteam es una consultora europea líder enfocada en estrategia digital, plataformas tecnológicas, ciberseguridad y transformación empresarial...",07/05/2026100% remotoDevOps
https://www.tecnoempleo.com/ingeniero-senior-integracion-gmv/rapita-vectorcast/rf-d773191c92536310fe4c,Ingeniero/a Senior de Integración,GMV,"['Rapita', 'VectorCAST', 'SonarQube']",¿Quieres liderar un equipo consolidado del sector Defensa y enfrentarte a nuevos retos? GMV somos un grupo tecnológico con amplia experiencia. Estamos ampliando nuestros ...,07/05/2026Madrid (Híbrido)Ingenieros/Industria
https://www.tecnoempleo.com/ingeniero-ia-michael-page/python/rf-7bb11e7e023be3c34644,Ingeniero/a de IA,Michael Page,"['Python', 'R']","Perfil buscado (Hombre/Mujer)

• Desarrollar e implementar modelos de inteligencia artificial para optimizar procesos internos.
• Colaborar con equipos ...",05/05/2026SevillaInteligencia Artificial/Machine Learning48.000€ - 60.000€ b/a
https://www.tecnoempleo.com/cybersecurity-architect-airbus/pki-cryptography/rf-8bf41512f2b2f3dcd44f,Cybersecurity Architect,Airbus,"['PKI', 'Cryptography', 'IAM']","Job Description:

Within our teams, the Confirmed Enterprise Cybersecurity Architect ensures that the technical and technological choices of IT and business projects respect...",05/05/2026MadridCiberseguridad
https://www.tecnoempleo.com/ingeniero-tecnico-data-center-page-personnel/cmms-bms/rf-a75f169042a5b375f040,Ingeniero/a técnico Data Center,Page Personnel,"['CMMS', 'BMS']","Perfil buscado (Hombre/Mujer)

• Realización de informes técnicos, análisis de documentación y redacción de propuestas técnico-económicas.
• Análisis técnico y...",05/05/2026MadridConsultor39.000€ - 48.000€ b/a
https://www.tecnoempleo.com/software-developper-engineer-ii-amazon/aws-machine-learning/rf-44d11559720713725c4d,Software Developper Engineer II,Amazon,"['AWS', 'Machine Learning', 'Javascript']",Amazon Business (AB) represents an incredible opportunity to address a vast new market segment and customer base for Amazon. AB is one of Amazon´s fastest growing businesses ...,04/05/2026MadridProgramador
https://www.tecnoempleo.com/data-center-technician-data-center-operations-amaz/aws-hardware/rf-9a0418c73269a3dfd74f,"Data Center Technician, Data Center Operations",Amazon,"['AWS', 'hardware', 'network']",Are you passionate about keeping the digital world running smoothly? Join our AWS Infrastructure Services team and become a critical guardian of cloud technology! You´ll be ...,04/05/2026HuescaSoporte Técnico
https://www.tecnoempleo.com/cloud-solution-architect-m-f-d-basf/angular-net/rf-c48617e4f280e355c94d,Cloud Solution Architect (m/f/d),BASF,"['angular', '.net', 'C#']","WELCOME TO BASF

As one of the world´s leading companies in this field, BASF Coatings S.L. develops and manufactures coatings for the automotive and industrial sectors. The...",04/05/2026MadridArquitecto TIC
https://www.tecnoempleo.com/data-scientist-consultant-accenture/python-r/rf-f3c7118012eab3d33b45,Data Scientist Consultant,Accenture,"['Python', 'R', 'SQL']","About Accenture Data & AI for Supply Chain Team

We are a global Center of Excellence specializing in Data & AI for Supply Chain, with a rapidly growing team of 180+ ...",04/05/2026BarcelonaBig Data
https://www.tecnoempleo.com/tecnico-cau-grupo-sermicro/software-hardware-ticketing/rf-62891098627ab310864d,Técnico/a CAU,Grupo Sermicro,"['Software', 'Hardware', 'Ticketing']","¿Quieres  formar parte de nuestro equipo?
Actualmente estamos buscando un Técnico/a Microinformática para trabajar en un servicio para grandes empresas.
Te invitamos a ...",04/05/2026Salamanca (Híbrido)Soporte Técnico
https://www.tecnoempleo.com/google-cloud-data-presales-engineer-devoteam/google-cloud-bigquery/rf-7c3d18e3e2e603afcc44,Google Cloud Data Presales Engineer,Devoteam,"['Google Cloud', 'BigQuery', 'Dataflow']","Descripción de la empresa

Devoteam es una consultora europea líder enfocada en estrategia digital, plataformas tecnológicas, ciberseguridad y transformación empresarial...",04/05/2026100% remotoConsultor
https://www.tecnoempleo.com/ingeniero-devops-devoteam/ci-cd-terraform/rf-b32d161ba2be73c24f4c,Ingeniero DevOps,Devoteam,"['CI/CD', 'Terraform', 'Ansible']","Descripción de la empresa

Devoteam es una consultora europea líder enfocada en estrategia digital, plataformas tecnológicas, ciberseguridad y transformación empresarial...",04/05/2026MadridDevOps
https://www.tecnoempleo.com/net-api-development-grupo-sermicro/net-c/rf-978a130182332343c14b,.NET API Development,Grupo Sermicro,"['.NET', 'C#']","Dimática Software (Microsoft PARTNER) es una empresa dentro del Grupo Sermicro, especializada en soluciones de desarrollo y mantenimiento de software.

Realizamos proyectos ...",01/05/2026Madrid (Híbrido)Programador
https://www.tecnoempleo.com/consultor-implantador-junior-eisi-hotel-eisi-soft/software/rf-5ef410f892a9537fb044,Consultor/a Implantador/a Junior EISI HOTEL,EISI Soft,['software'],"Somos una empresa de carácter tecnológico, cuyos principales pilares son el desarrollo de software, los servicios de consultoría, y la formación para diversos sectores. ...",01/05/2026MadridConsultor
https://www.tecnoempleo.com/data-ai-strategy-knowledge-graph-engineer-accentur/python-llm/rf-7dfa1e4b82eaa3dcb64b,Data & AI Strategy Knowledge Graph Engineer,Accenture,"['Python', 'LLM', 'SPARQL']","Are you ready to design the semantic backbone of next-generation AI systems? At Accenture, we are reinventing organizations through technology, data, and artificial ...",01/05/2026Madrid (Híbrido) y otrasBig Data
https://www.tecnoempleo.com/beca-ciberseguridad-bnp-paribas/ciberseguridad/rf-4a6b136ab2a21354e046,Beca Ciberseguridad,BNP Paribas,['ciberseguridad'],"GRUPO BNP PARIBAS 

El Grupo BNP Paribas es el principal banco de la Unión Europea y uno de los más importantes a nivel internacional. Contamos con cerca de 185.000 ...",01/05/2026MadridCiberseguridad
https://www.tecnoempleo.com/satellite-operations-engineer-junior-page-personne/satellite/rf-1e83109df2fb53bdac41,Satellite Operations Engineer Junior,Page Personnel,['satellite'],"Perfil buscado (Hombre/Mujer)

The Satellite Operations Engineer junior duties include:

• Execute planned tasks for LEO satellite operations from the SOC in a shift ...",01/05/2026BarcelonaIngenieros/Industria30.000€ - 39.000€ b/a
https://www.tecnoempleo.com/tecnico-especialista-en-redes-comunicaciones-7-pla/voip/rf-439111ba023353d5b742,Tecnico/a especialista en Redes y comunicaciones,7 PLAY,['VoIP'],"Somos 7PLAY, una empresa del sector de las telecomunicaciones joven y dinámica en plena fase de hiper-crecimiento a nivel nacional, y precisamos incorporar a nuestro equipo ...",01/05/2026LleidaRedes
https://www.tecnoempleo.com/junior-ai-engineer-menhir-ai/python-langchain/rf-a02b1ff582dab3109346,Junior AI Engineer,Menhir AI,"['Python', 'LangChain', 'LangGraph']",En Menhir Technologies buscamos un Junior AI Engineer con ganas de aprender y de construir producto real. Trabajarás codo a codo con ingenieros senior para llevar casos de ...,01/05/2026MadridInteligencia Artificial/Machine Learning
https://www.tecnoempleo.com/ingeniero-software-smartmind/python-fastapi/rf-b1b8173b82f35349fe45,Ingeniero/a de Software,Smartmind,"['Python', 'FastAPI', 'Embeddings']","Sobre el puesto
Buscamos un perfil técnico versátil para el diseño y desarrollo de soluciones donde la IA es la protagonista.
Tareas
Tu punto fuerte será el Frontend (...",01/05/2026PontevedraInteligencia Artificial/Machine Learning
https://www.tecnoempleo.com/ingeniero-automatizacion-plc-michael-page/automatizacion/rf-1e3a176d822ea3a43b45,Ingeniero/a Automatización PLC,Michael Page,"['PLC', 'Automatización']","• Liderar y guiar proyectos de automatización desde un rol técnico-consultivo, no orientado a la programación directa.
• Definir y establecer buenas prácticas de ...",01/05/2026Burgos (Presencial)Electrónica
https://www.tecnoempleo.com/full-stack-developer-stibo-step-m-f-d-basf/stibo-step-javascript/rf-a5311e4dc2a4c3bb8845,Full Stack Developer STIBO Step (m/f/d),BASF,"['Stibo STEP', 'JavaScript', 'Azure DevOps']","ABOUT US

At BASF Digital Hub Madrid we develop innovative digital solutions for BASF, create new exciting customer experiences and business growth, and drive efficiencies ...",30/04/2026MadridProgramador
https://www.tecnoempleo.com/ingeniero-datos-etl-arquitecturas-cloud-cajamar-te/devops-ci-cd/rf-ca9a17ef82fb83a93446,Ingeniero de datos - ETL y Arquitecturas Cloud,Cajamar Tecnología,"['DevOps', 'CI/CD', 'Power BI']","En Cajamar Tecnología, necesitamos incorporar a una persona en la oficina Plataforma Hub Data. 

¿Quiénes somos?  
Cajamar Tecnología es una empresa de servicios que forma...",30/04/2026Almería (Híbrido) y otrasBig Data
https://www.tecnoempleo.com/senior-php-developer-feverup/php/rf-105b105be215535ac04e,Senior PHP Developer,FeverUp,['PHP'],"Hey there! 
We´re Fever, the world´s leading tech platform for culture and live entertainment, 

Our mission? To democratize access to culture and entertainment. With our...",29/04/2026MadridProgramador
https://www.tecnoempleo.com/responsable-monitorizacion-michael-page/siem-python/rf-bfe81bf31243b367dc44,Responsable de Monitorización,Michael Page,"['SIEM', 'Python', 'Linux']","Perfil buscado (Hombre/Mujer)

* Diseño de Estrategias de Monitorización de Seguridad

* Desarrollar e implementar estrategias de monitorización de seguridad, ...",29/04/2026Málaga (Híbrido)Técnico de Sistemas60.000€ - 80.000€ b/a
https://www.tecnoempleo.com/gestor-proyectos-michael-page/pmp-prince/rf-c8ff1101d25133838644,Gestor de Proyectos,Michael Page,"['PMP', 'Prince']","Perfil buscado (Hombre/Mujer)

• Dirigirá y coordinará todos los proyectos de la empresa a nivel técnico y económico, siendo responsable de su planificación, ...",29/04/2026Las PalmasJefe de Proyecto
https://www.tecnoempleo.com/especialista-it-medios-pago-michael-page/medios-pago/rf-0e4918d8c27183ee9c49,Especialista IT Medios de Pago,Michael Page,['medios de pago'],"Perfil buscado (Hombre/Mujer)

• Supervisar el ciclo completo de gestión de medios de pago, con especial atención a Tarjetas.
• Colaborar en el diseño e implementaci...",29/04/2026Madrid (Híbrido)Consultor45.000€ - 48.000€ b/a
https://www.tecnoempleo.com/ai-program-manager-copilot-for-agents-santander/inteligencia-artificial/rf-83f1178f422e039d884b,AI Program Manager - Copilot for Agents,Santander,"['Inteligencia Artificial', 'AI']","AI Program Manager - Copilot for Agents

Country: Spain

IT STARTS HERE

WHY YOU SHOULD CONSIDER THIS OPPORTUNITY

Santander (www.santander.com) is evolving from a ...",29/04/2026MadridInteligencia Artificial/Machine Learning
https://www.tecnoempleo.com/ingeniero-automatizacion-page-personnel/plc-scada/rf-0db51f3b620e23d0ad43,Ingeniero/a de Automatización,Page Personnel,"['PLC', 'SCADA']","Perfil buscado (Hombre/Mujer)

• Diseño de la lógica de control y automatismos: análisis de requisitos, selección de hardware, definición de pruebas y validaciones...",28/04/2026LeónElectrónica30.000€ - 45.000€ b/a
https://www.tecnoempleo.com/senior-data-engineer-dbt-accenture/sql-oracle/rf-de6113cd327f33bd3446,Senior Data Engineer - DBT,Accenture,"['DBT', 'SQL', 'Oracle']","At Accenture, we believe in technology as the engine for the total reinvention of the company. We work with the leading platforms and partners in the market to drive our ...",28/04/2026MadridBase de Datos/DBA
https://www.tecnoempleo.com/data-ai-strategy-data-science-analyst-accenture/python-machine-learning/rf-f9ce101652ca23074647,Data & AI Strategy Data Science Analyst,Accenture,"['Python', 'Machine Learning', 'SQL']","Are you ready to design intelligent solutions that transform Supply Chain decision-making? At Accenture, we are reinventing organizations through technology, data, and ...",28/04/2026MadridBig Data
https://www.tecnoempleo.com/analistas-consultant-salesforce-security-accenture/saas-appomni/rf-d29d1b73129493fb2b49,Analistas y Consultant - Salesforce Security,Accenture,"['Salesforce', 'SaaS', 'AppOmni']","Buscamos profesionales con experiencia en seguridad en plataformas Salesforce, para participar en proyectos de evaluación y mejora del modelo de seguridad, protección del ...",28/04/2026MadridAnalista
https://www.tecnoempleo.com/java-software-engineer-sds-cards-santander/spring/rf-efac1b31527f73ca2744,Java Software Engineer - SDS Cards,Santander,"['Java', 'Spring']","Java Software Engineer - SDS Cards

Country: Spain

ES EL MOMENTO

Santander (www.santander.com) está evolucionando de una marca global de alto impacto a una organizaci...",28/04/2026MadridProgramador
https://www.tecnoempleo.com/administrador-sistemas-windows-gmv/sql-server-powershell/rf-b6b71a9ae28d7376bb44,Administrador/a de Sistemas Windows,GMV,"['Windows', 'SQL Server', 'PowerShell']","Buscamos una persona dinámica, proactiva y con ganas de aprender, con experiencia en administración de sistemas Windows y buena capacidad de comunicación para trabajar con ...",28/04/2026Madrid (Híbrido)Técnico de Sistemas
https://www.tecnoempleo.com/test-engineer-flight-physics-airbus/python-matlab/rf-f48e14b9a22053983744,Test Engineer - Flight Physics,Airbus,"['Python', 'Matlab']","Job Description:

A vacancy for a Test Engineer has arisen within Airbus Defense & Space in Getafe Spain. The successful applicant will join the Integration Test & Analysis ...",27/04/2026Madrid (Híbrido)Tester/QA
https://www.tecnoempleo.com/it-business-partner-innovation-seidorcons/sap/rf-f8f4120ea21423176742,IT Business Partner & Innovation,Seidorcons,['SAP'],"Humanizando la Tecnología.

Somos una gran empresa con alma de start-up. Nos organizamos por unidades de conocimiento expertas que colaboran entre sí.

Por ello buscamos...",24/04/2026BarcelonaConsultor
https://www.tecnoempleo.com/especialista-ciberseguridad-n3-seidorcons/ciberseguridad/rf-727e1c984221630ae649,Especialista Ciberseguridad N3,Seidorcons,['Ciberseguridad'],"Humanizando la Tecnología. 

Somos una gran empresa con alma de start-up. Nos organizamos por unidades de conocimiento expertas que colaboran entre sí. 

Por ello ...",24/04/2026BarcelonaCiberseguridad
https://www.tecnoempleo.com/consultor-sap-sd-mm-seidorcons/hana-abap/rf-1ef71f5572ba5397ba4c,Consultor/a SAP SD/MM,Seidorcons,"['SAP', 'HANA', 'ABAP']","Humanizando la Tecnología.

Somos una gran empresa con alma de start-up. Nos organizamos por unidades de conocimiento expertas que colaboran entre sí.

Por ello buscamos...",24/04/2026A CoruñaConsultor
https://www.tecnoempleo.com/arquitecto-soluciones-bbva-panel-sistemas-informat/microservicios-java/rf-ca211e38423d23bdff43,Arquitecto de Soluciones BBVA,PANEL Sistemas Informáticos,"['Microservicios', 'Java', 'Spring Boot']","Buscamos Arquitectos/as de Soluciones con experiencia en el diseño, análisis y definición de soluciones tecnológicas dentro de entornos complejos. Se valora especialmente ...",24/04/2026100% remotoArquitecto TIC
https://www.tecnoempleo.com/data-etl-developer-wayops/python-sql/rf-8cc61997328373fc4940,Data & ETL Developer,WayOps,"['Python', 'SQL', 'Pandas']","Desde WayOps buscamos un perfil Data & ETL Developer que quiera desarrollar su carrera profesional en el ámbito de la ingeniería de datos encargándose de la limpieza, ...",23/04/2026MadridAnalista
https://www.tecnoempleo.com/desarrollador-back-end-java-sg-tech/kafka-postgresql/rf-070211b0f290d3b6454a,Desarrollador Back-End Java,sg tech,"['Java', 'Kafka', 'PostgreSQL']","Descripción

Buscamos un profesional con experiencia en desarrollo Back-End Java para incorporarse a un equipo de ingeniería que trabaja en la construcción y evolución ...",23/04/2026MadridProgramador
https://www.tecnoempleo.com/senior-fullstack-engineer-wayops/python-fastapi/rf-7fbe1fe682dd5393424e,Senior Fullstack Engineer,WayOps,"['Python', 'FastAPI', 'Django']",Desde WayOps buscamos un perfil Senior Fullstack Engineer que quiera seguir creciendo profesionalmente participando en un proyecto dentro de un entorno exigente en el sector ...,23/04/2026MadridAnalista Programador
https://www.tecnoempleo.com/it-project-manager-michael-page/project-manager-pmo/rf-257b1ef4b2fe3344f141,IT Project Manager,Michael Page,"['project manager', 'PMO']","Perfil buscado (Hombre/Mujer)

• Actuar como PMO y Gestor/a de Proyectos IT de las iniciativas de digitalización.
• Planificar, priorizar y coordinar las actuaciones y...",23/04/2026SevillaJefe de Proyecto39.000€ - 45.000€ b/a
https://www.tecnoempleo.com/ingeniero-sistemas-qkd-gmv/java-c/rf-bc6a107d426a53d8f24e,Ingeniero/a Sistemas QKD,GMV,"['java', 'C', 'C++']","Ingeniero/a de Producto – Sistemas de Gestión de Clave QKD


Estamos ampliando nuestros equipos en el área de Producto para asumir proyectos de desarrollo y despliegue ...",23/04/2026Valencia (Híbrido) y otrasProgramador
https://www.tecnoempleo.com/c-c-team-lead-hays/net-c/rf-78271563029803a08644,C++ / C# Team Lead,HAYS,"['.net', 'C#', 'C++']","Tu nueva empresa Empresa que desarrolla soluciones industriales avanzadas y tecnología 4.0 para sectores clave a nivel global.

Tu nuevo puesto 
 - Buscamos un Team Lead ...",23/04/2026Barcelona (Híbrido)Jefe de Equipo
https://www.tecnoempleo.com/application-developer-wayops/python-fastapi/rf-3ca2170582d7b3ecb747,Application Developer,WayOps,"['Python', 'FastAPI', 'React']",Desde WayOps buscamos un perfil Junior Application Developer que quiera seguir creciendo profesionalmente participando en el desarrollo y evolución de una plataforma interna ...,23/04/2026MadridProgramador
https://www.tecnoempleo.com/arquitecto-software-datos-gmv/airflow-prefect/rf-a28614df02a453743b49,Arquitecto/a de Software y datos,GMV,"['Airflow', 'Prefect', 'Luigi']","¿Eres un/a apasionado/a de la tecnología y te encanta estar a la vanguardia de la innovación?
En GMV buscamos incorporar un/a Líder Técnico/a que impulse la Transformaci...",23/04/2026Madrid y otrasArquitecto TIC
https://www.tecnoempleo.com/senior-test-engineer-f-m-d-axpo-group/react-typescript/rf-9745124b926d13bcf24b,Senior Test Engineer (f/m/d),Axpo Group,"['React', 'TypeScript', 'Java']","Join Axpo Services EMEA to drive quality across our customer-facing platforms! As a Senior Testing Engineer, you will collaborate with cross-functional teams, QA engineers, ...",22/04/2026Madrid (Híbrido)Tester/QA
https://www.tecnoempleo.com/software-engineering-delivery-manager-julius-baer/servicenow-itil/rf-e0f11d48528d4314ef4c,Software Engineering Delivery Manager,Julius Baer,"['ServiceNow', 'ITIL', 'ITSM']","At Julius Baer, we celebrate and value the individual qualities you bring, enabling you to be impactful, to be entrepreneurial, to be empowered, and to create value beyond ...",21/04/2026MadridJefe de Proyecto
https://www.tecnoempleo.com/servicenow-developer-100-f-m-d-julius-baer/active-directory-entra-id/rf-f66319faa2b113c9c34b,ServiceNow Developer 100% (f/m/d),Julius Baer,"['Active Directory', 'Entra ID', 'ServiceNow']","At Julius Baer, we celebrate and value the individual qualities you bring, enabling you to be impactful, to be entrepreneurial, to be empowered, and to create value beyond ...",21/04/2026MadridArquitecto TIC
https://www.tecnoempleo.com/project-manager-it-michael-page/project-manager/rf-7cab1714a289d3b9e747,Project Manager IT,Michael Page,['Project Manager'],"Perfil buscado (Hombre/Mujer)

- Planificar y actualizar semanalmente el cronograma maestro, asignando recursos y priorizando tareas.
- Supervisar hitos, presupuesto y ...",21/04/2026Barcelona (Presencial)Jefe de Proyecto
https://www.tecnoempleo.com/servicenow-developer-100-f-m-d-julius-baer/itsm-grc/rf-b788165662fc03480249,ServiceNow Developer 100% (f/m/d),Julius Baer,"['ServiceNow', 'ITSM', 'GRC']","At Julius Baer, we celebrate and value the individual qualities you bring, enabling you to be impactful, to be entrepreneurial, to be empowered, and to create value beyond ...",21/04/2026MadridProgramador
https://www.tecnoempleo.com/tecnico-micro-grupo-sermicro/mdm-intune-ticketing/rf-7c311b8b22529357f748,Técnico/a micro,Grupo Sermicro,"['Mdm', 'Intune', 'ticketing']",Grupo Sermicro es una empresa de referencia de Soluciones y Servicios TIC que ayuda a las empresas a desplegar su estrategia de negocio mediante un uso eficiente e innovador ...,20/04/2026Madrid (Presencial)Soporte Técnico
https://www.tecnoempleo.com/programador-spring-boot-angular-remoto/spring-boot-angular/rf-922f1bd0529823bc344d,Programador Spring Boot y Angular,Alcorce Telecomunicaciones,"['spring boot', 'angular']","Descripción de la oferta
Debido a la expansión de Alcorce Telecomunicaciones, S.L. precisamos cubrir una posición de Analista Programador Full-Stack de Spring Boot y ...",17/04/2026100% remotoAnalista Programador
https://www.tecnoempleo.com/programador-java-senior-100-remoto-remoto/java-oracle-spring-hibernate/rf-256b1a10428423212d47,Programador/a Java Senior (100% Remoto),Alcorce Telecomunicaciones,"['java', 'oracle', 'spring']","Debido a la expansión de Alcorce Telecomunicaciones, S.L. precisamos cubrir una posición de Programador/a Java Senior en entorno de desarrollo Oracle en modalidad 100% ...",17/04/2026100% remotoProgramador
https://www.tecnoempleo.com/ingeniero-redes-gmv/ccna-aruba/rf-2883198ae240f356cd48,Ingeniero/a de redes,GMV,"['CCNA', 'Aruba', 'Cisco']",Si el único programa que se te resiste es el de la lavadora… ¡Tu sitio está con nosotros!Estamos ampliando nuestros equipo equipo corporativo de IT para trabajar en ...,17/04/2026MadridRedes
https://www.tecnoempleo.com/engineer-openshift-soluciones-red-hat-grupo-ns/red-hat-linux/rf-a13715bf92c89336eb4d,Engineer OpenShift - Soluciones Red Hat,Grupo NS,"['RED HAT', 'LINUX', 'docker']","En Grupo NS, consultora IT especializada en soluciones tecnológicas avanzadas, incorporamos un/a Ingeniero/a con experiencia en OpenShift u OpenStack, para incorporarse a un ...",17/04/2026100% remotoDevOps45.000€ - 60.000€ b/a
https://www.tecnoempleo.com/tech-risk-it-auditor-german-speaker-ey/sap-oracle/rf-930b157ab205a367e24d,Tech Risk IT Auditor (German speaker),EY,"['SAP', 'Oracle', 'Dynamics']","Technology Risk - IT Audit - STAFF - Hybrid (German speaker)

Our Technology Risk team supports the Financial Audit in account analysis of applications, systems and IT ...",17/04/2026MálagaConsultor
https://www.tecnoempleo.com/analista-programador-powerbuilder-sopra-steria/agile/rf-3d971ea552c783ad384e,Analista Programador/a Powerbuilder,Sopra Steria,"['Powerbuilder', 'Agile']","Descripción de la empresa

Porque trabajar en Sopra Steria, también es sentir Sopra Steria.

Somos un reconocido líder europeo en consultoría, servicios digitales y ...",17/04/2026MadridAnalista Programador
https://www.tecnoempleo.com/servicenow-junior-developer-julius-baer/itsm/rf-f94f15820244e39c5a44,ServiceNow Junior Developer,Julius Baer,"['ServiceNow', 'ITSM']","At Julius Baer, we celebrate and value the individual qualities you bring, enabling you to be impactful, to be entrepreneurial, to be empowered, and to create value beyond ...",17/04/2026MadridProgramador
https://www.tecnoempleo.com/devops-engineer-startup-smart-cities-page-personne/azure-rabbitmq/rf-f1051c51325113adcb4b,DevOps Engineer - StartUp Smart Cities,Page Personnel,"['azure', 'RabbitMQ', 'Kafka']","Perfil buscado (Hombre/Mujer)

• Diseñar, implementar y mantener la infraestructura cloud en Microsoft Azure, asegurando escalabilidad, resiliencia y costes optimizados...",17/04/2026Barcelona (Híbrido)DevOps48.000€ - 60.000€ b/a
https://www.tecnoempleo.com/ingeniero-diseno-page-personnel/cad/rf-f6cb19968222b324c648,Ingeniero/a de Diseño,Page Personnel,['CAD'],"Perfil buscado (Hombre/Mujer)

Las principales funciones que realizarás como Ingeniero/a de diseño son: 

Diseñar y desarrollar componentes y estructuras para ...",17/04/2026ValenciaIngenieros/Industria
https://www.tecnoempleo.com/servicenow-consultant-developer-ey/nowplatform-javascript/rf-837519afc2ec6309984d,ServiceNow Consultant / Developer,EY,"['ServiceNow', 'NowPlatform', 'JavaScript']","Senior ServiceNow Developer/ Consultant

The opportunity

ServiceNow is a global tool used widely to manage business processes of Enterprise clients and our ServiceNow ...",17/04/2026MálagaConsultor
https://www.tecnoempleo.com/analista-funcional-java-oracle-sopra-steria/db2-mongodb/rf-6ddd141862f523bbd741,Analista Funcional Java/Oracle,Sopra Steria,"['Java', 'Oracle', 'DB2']","Descripción de la empresa

Porque trabajar en Sopra Steria, también es sentir Sopra Steria.

Somos un reconocido líder europeo en consultoría, servicios digitales y ...",17/04/2026MadridAnalista Programador
https://www.tecnoempleo.com/it-risk-senior-ey/sap-hana-navision/rf-37b01ba082cba3ba6641,IT Risk - Senior,EY,"['SAP Hana', 'Navision', 'ACL']","En EY, damos forma al futuro con confianza.
Aquí encontrarás más que un trabajo: una oportunidad para crecer, aprender y dejar huella.

Únete a nuestros 7.000 ...",16/04/2026Madrid (Híbrido)Consultor
https://www.tecnoempleo.com/ingeniero-comunicaciones-it-ot-ey/ip-autocad/rf-b1a51888b2ea33d63a4a,Ingeniero/a de Comunicaciones IT/OT,EY,"['IP', 'AUTOCAD']","En EY, damos forma al futuro con confianza.
Aquí encontrarás más que un trabajo: una oportunidad para crecer, aprender y dejar huella.

Únete a nuestros 7.000 ...",16/04/2026Madrid (Híbrido)Consultor
https://www.tecnoempleo.com/referente-tecnico-java-sopra-steria/spring-boot-git/rf-bfe116a8b23d33de884d,Referente Técnico/a Java,Sopra Steria,"['Java', 'Spring Boot', 'Git']","Descripción de la empresa

Porque trabajar en Sopra Steria, también es sentir Sopra Steria.

Somos un reconocido líder europeo en consultoría, servicios digitales y ...",15/04/2026MadridProgramador
https://www.tecnoempleo.com/data-scientist-artificial-intelligence-airbus/python-pandas/rf-24ef166522d1c32c2d40,Data Scientist / Artificial Intelligence,Airbus,"['Python', 'Pandas', 'NumPy']","Job Description:

Data Scientist

You will join the ""Digital Innovation Team"", being part of Airbus Helicopters´ Transformation Department, which strives to develop ...",15/04/2026AlbaceteAnalista Programador
https://www.tecnoempleo.com/desarrollador-c-gmv/c-ciberseguridad/rf-3b07135e7260631b1c46,Desarrollador/a C++,GMV,"['C++', 'Ciberseguridad']","Si tu meta es salvar el mundo, pero consideras entrenamiento de élite comer palomitas sin despegar la vista de la pantalla… ¡Tu sitio está con nosotros!Buscamos expertos ...",14/04/2026Madrid (Híbrido)Ciberseguridad
https://www.tecnoempleo.com/ingeniero-verificacion-gmv/subversion-git/rf-dc0511c0b292f3aceb4a,Ingeniero/a de Verificación,GMV,"['Subversion', 'Git', 'QA']",¿Buscas un sitio innovador y consolidado en el que desarrollarte profesionalmente? ¡En GMV tienes tu oportunidad perfecta! Estamos ampliando nuestros equipos en el sector ...,14/04/2026Madrid (Híbrido)Tester/QA
https://www.tecnoempleo.com/senior-site-reliability-engineer-affirm/aws-kubernetes/rf-1731107492d123b12e4e,Senior Site Reliability Engineer,Affirm,"['AWS', 'Kubernetes']","Affirm is reinventing credit to make it more honest and friendly, giving consumers the flexibility to buy now and pay later without any hidden fees or compounding interest...",13/04/2026100% remotoDevOps80.000€ - 110.000€ b/a
https://www.tecnoempleo.com/desarrollador-react-con-ingles-devoteam/react-native-cloud/rf-5c5219cbe26f131eba48,Desarrollador/a React (con Inglés),Devoteam,"['React', 'React Native', 'Cloud']","Descripción de la empresa

Devoteam es una consultora europea líder enfocada en estrategia digital, plataformas tecnológicas, ciberseguridad y transformación empresarial...",10/04/2026Madrid (Híbrido)Programador
https://www.tecnoempleo.com/desarrollador-back-end-java-seidorcons/spring-webflux/rf-e2c0164eb241838baa4e,Desarrollador/a Back-end Java,Seidorcons,"['Java', 'Spring', 'WebFlux']","Humanizando la Tecnología.

Somos una gran empresa con alma de start-up. Nos organizamos por unidades de conocimiento expertas que colaboran entre sí.

Por ello buscamos...",10/04/2026BarcelonaProgramador
https://www.tecnoempleo.com/data-scientist-bnp-paribas/python-excel/rf-71341ebc8272e3679e42,Data Scientist,BNP Paribas,"['Python', 'Excel']","GRUPO BNP PARIBAS 

El Grupo BNP Paribas es el principal banco de la Unión Europea y uno de los más importantes a nivel internacional. Contamos con cerca de 185.000 ...",10/04/2026Madrid (Híbrido)Big Data
https://www.tecnoempleo.com/it-data-audit-assurance-deloitte/python-powerapps/rf-98b316a2122a4309b84f,IT & Data Audit & Assurance,Deloitte,"['Python', 'Powerapps', 'Power BI']","Te imaginas participando en la transformación de las principales organizaciones nacionales e internacionales?

En Deloitte estamos comprometidos con generar un impacto en ...",09/04/2026Madrid (Híbrido)Analista
https://www.tecnoempleo.com/isr-software-engineer-airbus/c-c/rf-8f091d1272cef3493844,ISR Software Engineer,Airbus,"['C', 'C++', 'Python']","Job Description:

Do you like to develop Software?

Would you like to be part of the SW team of one of the most successful Airbus products?

Would you like to develop ...",09/04/2026MadridElectrónica
https://www.tecnoempleo.com/staff-react-engineer-typescript-ai-experience-wize/javascript-redux/rf-21c31f18e2a443249c47,Staff React Engineer (TypeScript + AI Experience),WIZELINE,"['React', 'TypeScript', 'JavaScript']","Staff React Engineer (TypeScript + AI Experience)

We are:

Wizeline, a global AI-native technology solutions provider, develops cutting-edge, AI-powered digital products ...",07/04/2026MadridAnalista Programador
https://www.tecnoempleo.com/senior-software-engineer-ai-platform-feverup/llm-openai/rf-5f881c77a2fac36eec4a,Senior Software Engineer - AI Platform,FeverUp,"['LLM', 'OpenAI', 'Anthropic']","Hey there! 
We´re Fever, the world´s leading tech platform for culture and live entertainment, 

Our mission? To democratize access to culture and entertainment. With our...",07/04/2026MadridInteligencia Artificial/Machine Learning
https://www.tecnoempleo.com/desarrollador-java-microservicios-gfr-technologies/inteligencia-artificial/rf-67f81152a2488327a744,Desarrollador/a Java Microservicios,GFR Technologies SE,"['Java', 'Microservicios', 'Inteligencia Artificial']","GFT es una compañía pionera en transformación digital que desarrolla soluciones sostenibles basadas en nuevas tecnologías, como la inteligencia artificial y blockchain/DLT...",06/04/2026Madrid (Híbrido)Programador
https://www.tecnoempleo.com/data-scientist-analyst-for-supply-chain-accenture/python-sql/rf-9e391173a29f739fc94e,Data Scientist Analyst for Supply Chain,Accenture,"['Python', 'R', 'SQL']","About Accenture Data & AI for Supply Chain Team

We are a global Center of Excellence specializing in Data & AI for Supply Chain, with a rapidly growing team of 180+ ...",06/04/2026Barcelona y otrasBig Data
https://www.tecnoempleo.com/trade-marketing-horeca-page-personnel/marketing/rf-55661556d2c85325054d,Trade Marketing Horeca,Page Personnel,['Marketing'],"Perfil buscado (Hombre/Mujer)

Dependiendo de la Dirección Comercial de Marketing, su misión será diseñar e implementar estrategias de trade marketing para potenciar la ...",06/04/2026BarcelonaMarketing30.000€ - 33.000€ b/a
https://www.tecnoempleo.com/desarrollador-senior-ia-generativa-accenture/ia-generativa-llm/rf-2f5f163df2dba3324143,Desarrollador senior IA Generativa,Accenture,"['IA Generativa', 'LLM', 'TensorFlow']","En Accenture creemos en la tecnología como motor de la reinvención total de la empresa.

Trabajamos con las plataformas y los partners líderes en el mercado para impulsar...",06/04/2026MadridInteligencia Artificial/Machine Learning
https://www.tecnoempleo.com/ai-product-engineer-operations-domain-factorial/python/rf-b5d71b60d2c7b35e8548,AI Product Engineer - Operations Domain,Factorial,['Python'],"Hello!
Do you want to help us redefine how AI powers the future of Business Management software, not as an add-on, but as a core part of how people work, decide and grow?
We...",06/04/2026Barcelona (Híbrido)Inteligencia Artificial/Machine Learning
https://www.tecnoempleo.com/manager-generative-ai-accenture/generative-ai-genai/rf-e1ea1888120693a69144,Manager Generative AI,Accenture,"['Generative AI', 'AI', 'GenAI']",At Accenture we believe in technology as the engine for the total reinvention of the company. We work with the leading platforms and partners in the market to drive our ...,06/04/2026MadridConsultor
https://www.tecnoempleo.com/solution-architect-servicenow-michael-page/itil/rf-792b1a2692be73647244,Solution Architect ServiceNow,Michael Page,"['ServiceNow', 'ITIL']","Perfil buscado (Hombre/Mujer)

* Shape the strategic direction of the ServiceNow platform and advocate for its adoption across the organization.
 * Provide governance and ...",03/04/2026BarcelonaArquitecto TIC
https://www.tecnoempleo.com/consultor-funcional-it-aubay/sql-java/rf-175011ec82e903123748,Consultor Funcional IT,Aubay,"['SQL', 'Java', 'JavaScript']","Funciones

¿Quiénes somos Aubay?

Somos una multinacional europea creada en 1997 con presencia en España desde hace más de 20 años, cotizamos en bolsa con el índice...",03/04/2026MadridAnalista
https://www.tecnoempleo.com/ingeniero-senior-devops-iac-gmv/terraform-ci-cd/rf-6d25134802e873e5864d,Ingeniero/a sénior DevOps/IAC,GMV,"['IaC', 'Terraform', 'CI/CD']","Buscamos un perfil senior con capacidad de liderazgo técnico, experto en Infraestructura como Código (IaC) y con una fuerte orientación a la automatización y a las prá...",02/04/2026MadridDevOps
https://www.tecnoempleo.com/ingeniero-electronico-digital-fpga-gmv/fpga/rf-14fb18b5726eb36f2344,Ingeniero/a electrónico digital FPGA,GMV,['FPGA'],Si piensas que tu compañero de trabajo perfecto sería R2D2… ¡Tu sitio está con nosotros!Estamos ampliando nuestros equipos en el sector Aerospacial para formar parte ...,02/04/2026Madrid (Híbrido)Electrónica
https://www.tecnoempleo.com/cloud-on-prem-engineer-wayops/aws-terraform/rf-0cae1af9a20c63b96a4b,Cloud & On-Prem Engineer,WayOps,"['AWS', 'Terraform', 'CloudFormation']","Desde WayOps buscamos un perfil Cloud & On-Prem Engineer que quiera seguir creciendo profesionalmente, asumiendo la responsabilidad de gestionar y optimizar infraestructuras ...",01/04/2026MadridDevOps
https://www.tecnoempleo.com/senior-consultant-sap-scm-sg-tech/hana/rf-877d165e62230364d94a,Senior Consultant SAP SCM,sg tech,"['sap', 'hana']",Proyecto de implantación de un nuevo negocio en un importante cliente del sector automoción sobre la plataforma SAP S/4HANA. El objetivo principal es garantizar la correcta ...,01/04/2026MadridConsultor
https://www.tecnoempleo.com/consultor-junior-it-septiembre-deloitte/dynamics-365-business-central/rf-b8771e9dd2e7037bf546,Consultor/a Junior IT - Septiembre,Deloitte,"['Dynamics 365', 'Business Central', 'Power BI']","Te imaginas participando en la transformación de las principales organizaciones nacionales e internacionales?

En Deloitte estamos comprometidos con generar un impacto en ...",01/04/2026ZaragozaConsultor
https://www.tecnoempleo.com/junior-sap-bw-4hana-consultant-julius-baer/sap/rf-055616598278e3b5234c,Junior SAP BW/4HANA Consultant,Julius Baer,"['sap', 'hana']","At Julius Baer, we celebrate and value the individual qualities you bring, enabling you to be impactful, to be entrepreneurial, to be empowered, and to create value beyond ...",31/03/2026MadridConsultor
https://www.tecnoempleo.com/senior-consultant-sap-mm-sg-tech/s-4hana/rf-959d1b1dd2f103a4af48,Senior Consultant SAP MM,sg tech,"['SAP', 'S/4HANA']","Descripción

Tipologia: Implantación

Sector: Automoción

España. Disponibilidad para viajes puntuales a Madrid, Sevilla, Valladolid y Oporto (Portugal)

Proyecto ...",30/03/2026MadridConsultor
https://www.tecnoempleo.com/programador-angular-100-remoto-remoto/angular-javascript/rf-c1981dcc8234739eb446,Programador/a Angular (100% Remoto),Alcorce Telecomunicaciones,"['angular', 'Javascript']","Debido a la expansión de Alcorce Telecomunicaciones, S.L. precisamos cubrir una posición de Programador/a Angular para trabajar en modalidad 100% remoto en los servicios que...",27/03/2026100% remotoProgramador
https://www.tecnoempleo.com/python-developer-gfr-technologies-se/angular-api-rest/rf-ce09119c62cb63dec549,Python Developer,GFR Technologies SE,"['Python', 'Angular', 'API Rest']","GFT es una compañía pionera en transformación digital. Diseñamos soluciones de negocio centradas en la inteligencia artificial (AI-Centric), modernizamos infraestructuras ...",27/03/2026MadridProgramador
https://www.tecnoempleo.com/ios-junior-developer-santander/swift/rf-70d918e89229938fa24f,iOS Junior Developer,Santander,"['Swift', 'iOS']","Santander (www.santander.com) está evolucionando de una marca global de alto impacto a una organización impulsada por la tecnología, y nuestra gente está en el centro de ...",27/03/2026MadridDesarrollador Móvil
https://www.tecnoempleo.com/senior-full-stack-engineer-epam/java-javascript/rf-cc621c84b210f3b7c040,Senior Full Stack Engineer,EPAM,"['Java', 'JavaScript', 'React']",Are you a forward-thinking professional with a strong background in backend and frontend development and an interest in financial services? Join EPAM in Madrid as a Senior ...,27/03/2026MadridProgramador
https://www.tecnoempleo.com/tecnico-validacion-verificacion-sw-gmv/python-c/rf-fcb11163d2ddf3f2b440,Técnico/a Validación y Verificación SW,GMV,"['python', 'C++', 'linux']",¿Buscas un sitio innovador y consolidado en el que desarrollarte profesionalmente? GMV somos un grupo tecnológico con amplia experiencia.Estamos ampliando nuestros equipos ...,27/03/2026Madrid (Híbrido)Tester/QA
https://www.tecnoempleo.com/senior-data-engineer-sap-bi-airbus/sap-bw-hana/rf-99831edf12cdf30f7f4e,Senior Data Engineer - SAP BI,Airbus,"['SAP BW', 'HANA', 'ABAP']","Job Description:

An opportunity for a Senior Data Engineer has arisen within Airbus Helicopters (Albacete, Spain)

WHY JOIN US?

LIFE IN ALBACETE: QUALITY & CONVENIENCE...",27/03/2026AlbaceteBig Data
https://www.tecnoempleo.com/analista-programador-cobol-sopra-steria/ibm-3270-db2/rf-9a651fe692b103df3b49,Analista programador Cobol,Sopra Steria,"['COBOL', 'IBM 3270', 'DB2']","Descripción de la empresa

Porque trabajar en Sopra Steria, también es sentir Sopra Steria...

Somos un reconocido líder europeo en consultoría, servicios digitales y ...",26/03/2026MadridAnalista Programador
https://www.tecnoempleo.com/cyber-incident-response-manager-feverup/soar-aws/rf-323211b1329d63da8d43,Cyber Incident Response Manager,FeverUp,"['SOAR', 'AWS', 'CrowdStrike']","We´re Fever, the world´s leading tech platform for culture and live entertainment.

Our mission is to democratize access to culture and entertainment. With our proprietary...",25/03/2026MadridCiberseguridad
https://www.tecnoempleo.com/devops-engineer-gfr-technologies-se/python-go/rf-e1e9195492b0f351db49,DevOps Engineer,GFR Technologies SE,"['Python', 'Go', 'Rust']","GFT es una compañía pionera en transformación digital. Diseñamos soluciones de negocio centradas en la inteligencia artificial (AI-Centric), modernizamos infraestructuras ...",25/03/2026MadridDevOps
https://www.tecnoempleo.com/senior-ai-creative-designer-feverup/figma-adobe-after-effects/rf-c1a91932c277b3b2d742,Senior AI Creative Designer,FeverUp,"['Figma', 'Adobe After Effects', 'Adobe Premiere']","Hey there! We´re Fever, the world´s leading tech platform for culture and live entertainment.

Our mission? To democratize access to culture and entertainment. With our ...",25/03/2026Madrid (Híbrido)Diseño gráfico
https://www.tecnoempleo.com/consultores-sap-ariba-deloitte/sap/rf-118612df62d77370b449,Consultores/as SAP Ariba,Deloitte,['sap'],"´Te imaginas participando en la transformación de las principales organizaciones nacionales e internacionales? 

En Deloitte estamos comprometidos con generar un impacto ...",23/03/2026MadridConsultor
https://www.tecnoempleo.com/ingeniero-senior-integracion-gmv/python-c/rf-d4ee1e6d422ac31ba74d,Ingeniero/a Senior de Integración,GMV,"['Python', 'C++', 'DOORS']",¿Quieres enfrentarte a nuevos retos sin renunciar a la estabilidad que da un grupo tecnológico de amplia experiencia? En GMV estamos ampliando nuestros equipos en el sector ...,18/03/2026Madrid (Híbrido)Ingenieros/Industria
https://www.tecnoempleo.com/devops-engineer-wayops/kubernetes-grafana/rf-9b3c106d92659332dc46,DevOps Engineer,WayOps,"['Kubernetes', 'Grafana', 'Prometheus']","Desde WayOps buscamos un DevOps Engineer que quiera seguir creciendo profesionalmente participando en un proyecto dentro de un entorno exigente en el sector farmacéutico, con...",16/03/2026Madrid (Híbrido)DevOps
https://www.tecnoempleo.com/software-lead-wayops/python-fastapi/rf-79bc1508f2d453d68b45,Software Lead,WayOps,"['Python', 'FastAPI', 'Pytest']","Desde WayOps buscamos un perfil Software Lead que quiera seguir creciendo profesionalmente, desarrollando un papel clave en la definición técnica de un proyecto de alto ...",16/03/2026MadridArquitecto TIC
https://www.tecnoempleo.com/desarrollador-senior-front-cells-litelement-gfr-te/ecmascript6-polymer/rf-aadd11c8720bb3ed2b46,Desarrollador/a Senior Front (Cells / LitElement),GFR Technologies SE,"['Ecmascript6', 'LitElement', 'Polymer']","GFT es una compañía pionera en transformación digital que desarrolla soluciones sostenibles basadas en nuevas tecnologías, como la inteligencia artificial y blockchain/DLT...",13/03/2026Madrid (Híbrido)Programador
https://www.tecnoempleo.com/programador-senior-php-h-m-michael-page/mysql-symfony/rf-71291d9202e8832eac40,Programador Senior PHP (H/M),Michael Page,"['PHP', 'MySQL', 'Symfony']","Perfil buscado (Hombre/Mujer)

• Analizar y comprender los requisitos del cliente para transformarlos en soluciones técnicas eficientes.
• Diseñar, desarrollar y ...",13/03/2026Cantabria (Híbrido)Programador
https://www.tecnoempleo.com/ingeniero-calidad-michael-page/calidad/rf-a2331c20820ad3704348,Ingeniero/a de calidad,Michael Page,['calidad'],"Perfil buscado (Hombre/Mujer)

• Supervisar y evaluar los procesos de calidad en la producción.
• Implementar y mantener estándares de calidad según normativas ...",13/03/2026CantabriaSistemas de Calidad
https://www.tecnoempleo.com/jefe-proyecto-java-devoteam/kanban-scrum/rf-ab9e1d4d428a5307bb4c,Jefe de Proyecto (Java),Devoteam,"['Java', 'Kanban', 'Scrum']","Descripción de la empresa

Devoteam es una consultora europea líder enfocada en estrategia digital, plataformas tecnológicas, ciberseguridad y transformación empresarial...",13/03/2026MadridJefe de Proyecto
https://www.tecnoempleo.com/tech-risk-it-auditor-german-speaker-ey/sap-oracle/rf-0f37177302ca232c5f4a,Tech Risk IT Auditor (German speaker),EY,"['SAP', 'Oracle', 'MS Dynamics']","Senior IT Auditor

Our Risk Consulting - Technology Risk team support to the Financial Audit in account analysis of applications, systems and IT solutions, in order to ...",11/03/2026MálagaAnalista
https://www.tecnoempleo.com/it-data-audit-assurance-deloitte/python-powerapps/rf-8a3214a36208930ff749,IT&Data Audit&Assurance,Deloitte,"['Python', 'Powerapps', 'Power BI']","Te imaginas participando en la transformación de las principales organizaciones nacionales e internacionales?

En Deloitte estamos comprometidos con generar un impacto en ...",11/03/2026ValenciaConsultor
https://www.tecnoempleo.com/staff-react-engineer-typescript-ai-wizeline/javascript-redux/rf-489a1d2c32f3b3f87a4b,Staff React Engineer (TypeScript + AI),WIZELINE,"['React', 'TypeScript', 'JavaScript']","Staff React Engineer (TypeScript + AI Experience)

We are:

Wizeline, a global AI-native technology solutions provider, develops cutting-edge, AI-powered digital products ...",10/03/2026BarcelonaArquitecto TIC
https://www.tecnoempleo.com/ai-software-native-senior-engineer-accenture/anthropic-google/rf-f7ab12f1b2b71311334c,AI Software Native Senior Engineer,Accenture,"['AI', 'Anthropic', 'Google']","Accenture Technology:

Through unmatched industry experience, leading technologies from our ecosystem partners and startups, and the largest delivery network in the world, ...",10/03/2026MadridArquitecto TIC
https://www.tecnoempleo.com/sap-utilities-transmission-distribution-lead-accen/sap-utilities-hana/rf-f2621d2432eb837d6446,SAP Utilities Transmission & Distribution Lead,Accenture,"['SAP Utilities', 'SAP', 'HANA']","Accenture is a leading global professional services company, providing a broad range of services in strategy and consulting, interactive, technology, and operations-powered by...",10/03/2026MadridArquitecto TIC
https://www.tecnoempleo.com/experto-en-java-gfr-technologies-se/spring-boot-inteligencia-artificial/rf-30ed1a4f92ecf3ff9a4e,Experto/a en Java,GFR Technologies SE,"['Java', 'Spring Boot', 'Inteligencia Artificial']","GFT es una compañía pionera en transformación digital que desarrolla soluciones sostenibles basadas en nuevas tecnologías, como la inteligencia artificial y blockchain/DLT...",09/03/2026BarcelonaProgramador
https://www.tecnoempleo.com/programador-junior-con-frances-sopra-steria/java-net/rf-8ea81355528843e06048,Programador/a Junior con Francés,Sopra Steria,"['Java', '.NET']","Descripción de la empresa

Porque trabajar en Sopra Steria, también es sentir Sopra Steria

Somos un reconocido líder europeo en consultoría, servicios digitales y ...",06/03/2026BarcelonaProgramador
https://www.tecnoempleo.com/android-developer-core-team-veepee/kotlin/rf-1d34161412db630c3544,Android Developer - Core Team,Veepee,"['Kotlin', 'Android']","Pioneer of online flash sales since 2001 and key player in European e-commerce, Veepee collaborates with over 7,000 brands to offer highly discounted products available for a ...",05/03/2026BarcelonaDesarrollador Móvil
https://www.tecnoempleo.com/programador-junior-con-frances-sopra-steria/java-net/rf-9d051e377235f3ce2242,Programador/a Junior con Francés,Sopra Steria,"['Java', '.NET']","Descripción de la empresa

Porque trabajar en Sopra Steria, también es sentir Sopra Steria

Somos un reconocido líder europeo en consultoría, servicios digitales y ...",04/03/2026SevillaProgramador
https://www.tecnoempleo.com/ingeniero-ciberseguridad-gmv/nist-cvss/rf-3ff7148a4261d38cb84e,Ingeniero/a de ciberseguridad,GMV,"['ciberseguridad', 'NIST', 'CVSS']",¿Quieres formar parte de un equipo consolidado del sector de la ciberseguridad y enfrentarte a nuevos retos? ¡tu sitio está con nosotros!GMV es un gran referente ...,03/03/2026MadridCiberseguridad
https://www.tecnoempleo.com/especialista-ciberseguridad-n3-seidorcons/ciberseguridad/rf-02ab1dc58270135a4e46,Especialista de Ciberseguridad N3,Seidorcons,['Ciberseguridad'],"Humanizando la Tecnología. 

Somos una gran empresa con alma de start-up. Nos organizamos por unidades de conocimiento expertas que colaboran entre sí. 

Por ello ...",02/03/2026BarcelonaCiberseguridad
https://www.tecnoempleo.com/tecnico-microinformatica-grupo-sermicro/soporte-microinformatica/rf-7975136b2266f3454f43,Técnico/a Microinformática,Grupo Sermicro,"['soporte', 'microinformatica']","Grupo Sermicro somos una empresa Integradora de referencia en Soluciones y Servicios TIC con más de 35 años de experiencia y una amplia presencia internacional.

Actualmente...",02/03/2026Madrid (Híbrido)Redes
https://www.tecnoempleo.com/backend-engineer-wayops/python-node/rf-47c3129352cff31b8249,Backend Engineer,WayOps,"['Python', 'node', 'FastAPI']",Desde WayOps buscamos un perfil Backend Engineer que quiera seguir creciendo profesionalmente participando en el desarrollo de plataformas de datos y microservicios dentro de ...,02/03/2026MadridProgramador
https://www.tecnoempleo.com/lead-devops-engineer-wayops/aws-ci-cd/rf-34b81fa7528663eb8446,Lead DevOps Engineer,WayOps,"['AWS', 'CI/CD', 'Python']","En WayOps estamos buscando un/a DevOps Engineer con experiencia en entornos Data & AI, para incorporarse a un equipo de alto nivel que trabaja en proyectos innovadores con ...",02/03/2026MadridDevOps
https://www.tecnoempleo.com/calidad-junior-michael-page/calidad/rf-d7601855129e730b414c,Calidad junior,Michael Page,['calidad'],"Perfil buscado (Hombre/Mujer)

• Supervisar y garantizar el cumplimiento de los estándares de calidad en los procesos productivos.
• Establecer y realizar auditorías ...",27/02/2026ZaragozaSistemas de Calidad
https://www.tecnoempleo.com/data-scientist-veepee/python-sql/rf-a5e91551029c4345b942,Data Scientist,Veepee,"['Python', 'SQL', 'Pandas']","Pioneer of online flash sales since 2001 and key player in European e-commerce, Veepee collaborates with over 7,000 brands to offer highly discounted products available for a ...",26/02/2026BarcelonaBig Data
https://www.tecnoempleo.com/data-engineer-consultant-deloitte/synapse-databricks/rf-cf70182aa2e6f37e244a,Data Engineer Consultant,Deloitte,"['Synapse', 'Databricks', 'BI']","´Seguimos caminando juntos?

¿Qué buscamos?

Buscamos un/a Data Engineer con al menos 2 años de experiencia en proyectos de backend orientados a datos, que haya ...",26/02/2026MadridBig Data
https://www.tecnoempleo.com/data-engineer-consultant-deloitte/synapse-databricks/rf-c47713a2a29ad3782d41,Data Engineer Consultant,Deloitte,"['Synapse', 'Databricks', 'Fabric']","´Seguimos caminando juntos?

¿Qué buscamos?

Buscamos un/a Data Engineer con al menos 2 años de experiencia en proyectos de backend orientados a datos, que haya ...",25/02/2026ZaragozaBig Data
https://www.tecnoempleo.com/sap-ariba-fieldglass-accenture/sap-ariba/rf-8b691894c2d4a377c44e,SAP ARIBA & FIELDGLASS,Accenture,['SAP ARIBA'],"Location: Europe (any)

Career Level: Manager or associate manager

We are seeking experienced professionals to actively participate in sales process, design and delivery ...",24/02/2026MadridConsultor
https://www.tecnoempleo.com/senior-cakephp-developer-page-personnel/jquery-html/rf-0925116fd27aa3aa4945,Senior CakePHP Developer,Page Personnel,"['PHP', 'CakePHP', 'jQuery']","Perfil buscado (Hombre/Mujer)

• Develop and maintain PHP-based back-end systems.
• Collaborate with cross-functional teams to design and implement new features.
• ...",24/02/2026Barcelona (Híbrido)Programador27.000€ - 48.000€ b/a
https://www.tecnoempleo.com/cybersecurity-analyst-soc-l2-devoteam/waf-siem/rf-701313644268c369bc43,Cybersecurity Analyst (SOC L2),Devoteam,"['SOC', 'WAF', 'SIEM']","Company Description

Devoteam es una consultora europea líder enfocada en estrategia digital, plataformas tecnológicas, ciberseguridad y transformación empresarial a trav...",20/02/2026MadridCiberseguridad
https://www.tecnoempleo.com/php-wordpress-developer-feverup/mysql-jira/rf-aa081b8c622c43bd7e47,PHP/Wordpress Developer,FeverUp,"['WordPress', 'PHP', 'MySQL']","Hey there! 
We´re Fever, the world´s leading tech platform for culture and live entertainment, 

Our mission? To democratize access to culture and entertainment. With our...",20/02/2026100% remotoDesarrollador Web33.000€ - 54.000€ b/a
https://www.tecnoempleo.com/senior-data-scientist-credit-modelling-bnp-paribas/data/rf-1a211708d29ec373c649,Senior Data Scientist Credit Modelling,BNP Paribas,['data'],"GROUP BNP PARIBAS 

BNP Paribas Group is the top bank in the European Union and a major international banking establishment. It has close to 185,000 employees in 65 ...",20/02/2026MadridBig Data
https://www.tecnoempleo.com/devops-engineer-aws-michael-page/ci-cd-jenkins/rf-93c915581288f316ac40,Devops Engineer (AWS),Michael Page,"['AWS', 'CI/CD', 'Jenkins']","Perfil buscado (Hombre/Mujer)

• Diseñar, implementar y gestionar infraestructuras en AWS para proyectos críticos.
• Automatizar procesos mediante herramientas DevOps...",19/02/2026100% remotoDevOps39.000€ - 54.000€ b/a
https://www.tecnoempleo.com/digital-marketing-manager-michael-page/google-ads-seo/rf-155d1b9352da53718a4c,Digital Marketing Manager,Michael Page,"['Google Ads', 'marketing', 'SEO']","Perfil buscado (Hombre/Mujer)

• Desarrollar una estrategia de marketing desde cero

Idear e implementar una estrategia integral de promoción

• Crear y poner en ...",19/02/2026BarcelonaMarketing
https://www.tecnoempleo.com/programador-junior-sas-y-o-r-quental/sas/rf-7b9d1a6852e373ebe245,Programador/a Junior SAS y/o R,Quental,"['SAS', 'R']","¿Eres una persona a la que le gustaría afrontar nuevos retos y buscas seguir desarrollando tu carrera profesional en el mundo de la Ciencia de Datos?

Estamos buscando ...",19/02/2026100% remotoAnalista21.000€ - 24.000€ b/a
https://www.tecnoempleo.com/cloud-engineer-devops-devoteam/gcp-ci-cd/rf-f40e196d929f83dc334f,Cloud Engineer / DevOps,Devoteam,"['GCP', 'CI/CD']","Descripción de la empresa

Company Description

Devoteam es una consultora líder en Europa centrada en estrategia digital, plataformas tecnológicas, ciberseguridad y ...",19/02/2026100% remotoDevOps
https://www.tecnoempleo.com/ingeniero-datos-python-pyspark-quental/python/rf-58b31f5382769324b444,Ingeniero/a de datos Python-Pyspark,Quental,"['python', 'pyspark']","¡Buscamos talento en datos! 

Desde Quental, estamos en a búsqueda de un perfil junior para incorporarse a nuestro equipo de Business Analytics.

¿Qué harás?

Participar ...",19/02/2026100% remotoBig Data21.000€ - 27.000€ b/a
https://www.tecnoempleo.com/ai-architect-wayops/pyspark-machine-learning/rf-41be18b8c219d3c63b4a,AI Architect,WayOps,"['PySpark', 'Machine Learning', 'Python']",En WayOps buscamos un perfil AI Architect que quiera desarrollar su carrera profesional formando parte de un equipo Data & AI de primer nivel y trabajando en proyectos cloud ...,16/02/2026MadridArquitecto TIC
https://www.tecnoempleo.com/senior-sap-sd-devops-engineer-basf/hana/rf-030f18dc22d723a91247,Senior SAP SD DevOps Engineer,BASF,"['sap', 'hana']","WELCOME TO BASF

Digitalization will be a true part of BASF´s DNA that creates new exciting customer experiences and business growth and drives efficiencies in processes. ...",13/02/2026MadridDevOps
https://www.tecnoempleo.com/digital-marketing-manager-page-personnel/seo-google-ads/rf-4a3c1c622218c3a55d45,Digital Marketing Manager,Page Personnel,"['marketing', 'SEO', 'Google Ads']","Perfil buscado (Hombre/Mujer)

• Desarrollar una estrategia de marketing desde cero

Idear e implementar una estrategia integral de promoción

• Crear y poner en ...",12/02/2026BarcelonaMarketing
https://www.tecnoempleo.com/ingeniero-senior-sistemas-gmv/sistemas/rf-5c9516e65236039cb14d,Ingeniero senior de sistemas,GMV,['sistemas'],"¿Quieres liderar un equipo consolidado del sector espacial y enfrentarte a nuevos retos relacionados con Sistemas para Misiones Comerciales? Nos gusta ir al grano, te
vamos ...",12/02/2026MadridIngenieros/Industria
https://www.tecnoempleo.com/ingeniero-sistemas-gmv/telecomunicaciones/rf-a9cd1301223a03b9f342,Ingeniero/a de sistemas,GMV,"['sistemas', 'Telecomunicaciones']","Ingeniero/a de sistemas para servicios de comunicaciones por satélite

¿Quieres enfrentarte a nuevos retos dentro del sector de las comunicaciones por satélite? ...",12/02/2026MadridIngenieros/Industria
https://www.tecnoempleo.com/lead-software-engineer-swiss-re/kotlin-java/rf-f65f1a003281e36f4045,Lead Software Engineer,Swiss Re,"['Kotlin', 'Java', 'SpringBoot']","Overview

At iptiQ by Swiss Re, we are building the next generation of digital life and health insurance. Our engineering teams are driving innovation across large-scale, ...",12/02/2026MadridProgramador
https://www.tecnoempleo.com/senior-cloud-architect-swiss-re/azure-aks/rf-210e192e82c5435f6b40,Senior Cloud Architect,Swiss Re,"['azure', 'AKS', '.net']","About the Role

Are you looking for an exciting opportunity in Solution Architecture? Are you passionate about everything Azure Cloud? Then join us as a Senior Cloud ...",12/02/2026MadridArquitecto TIC
https://www.tecnoempleo.com/sap-ewm-manager-accenture/sap/rf-2c231c59924c6394ab49,SAP EWM Manager,Accenture,['sap'],"Come and work at the heart of change 

Our Intelligent Consulting Hub (ICH) is a part of Europe Strategy & Consulting practice, pulling together multinational and cross-...",11/02/2026BarcelonaConsultor
https://www.tecnoempleo.com/ingeniero-validacion-verificacion-gmv/linux-doors/rf-c90b1ff9d25d93338d4d,Ingeniero/a Validación y Verificación,GMV,"['Linux', 'DOORS', 'Jira']",Si la expresión ´Houston tenemos un problema´ te genera sentimientos encontrados… ¡Tu sitio está en GMV! Estamos ampliando nuestro equipo de Validación de Software ...,10/02/2026Madrid (Híbrido)Tester/QA
https://www.tecnoempleo.com/frontend-engineer-wayops/react-next/rf-f4fb19cee2b99355f646,Frontend Engineer,WayOps,"['react', 'Next']",Desde WayOps buscamos un perfil Frontend Engineer que quiera seguir creciendo profesionalmente participando en el desarrollo de aplicaciones de vanguardia dentro de un entorno...,06/02/2026MadridProgramador
https://www.tecnoempleo.com/senior-data-scientist-veepee/python-sql/rf-ab801c26e2c123d33446,Senior Data Scientist,Veepee,"['Python', 'SQL']","Pioneer of online flash sales since 2001 and key player in European e-commerce, Veepee collaborates with over 7,000 brands to offer highly discounted products available for a ...",03/02/2026BarcelonaBig Data
https://www.tecnoempleo.com/senior-machine-learning-engineer-accenture/machine-learning-llm/rf-95a21736a289d3df2747,Senior Machine Learning Engineer,Accenture,"['Machine Learning', 'LLM', 'LangChain']","At Accenture, we believe in technology as the engine for the total reinvention of the company. We work with the leading platforms and partners in the market to drive our ...",03/02/2026MadridInteligencia Artificial/Machine Learning
https://www.tecnoempleo.com/ingeniero-diseno-michael-page/solidworks-inventor/rf-9ce51a93f208c37cd041,Ingeniero/a de diseño,Michael Page,"['SolidWorks', 'Inventor', 'CAD']","Perfil buscado (Hombre/Mujer)

La persona seleccionada realizará las siguientes funciones:

• Diseño de soluciones containerizadas para diversas aplicaciones.

• C...",03/02/2026ZaragozaIngenieros/Industria
https://www.tecnoempleo.com/project-manager-h-m-michael-page/java-net/rf-b77616fc0228e360bd48,Project Manager (h/m),Michael Page,"['java', '.net', 'Docker']","Perfil buscado (Hombre/Mujer)

Las funciones que desempeñará son:

• Conceptualización y diseño de proyectos:

• Conceptualizar y diseñar nuevos proyectos y ...",30/01/2026La RiojaJefe de Proyecto39.000€ - 48.000€ b/a
https://www.tecnoempleo.com/data-engineer-ey/python-sql/rf-3fcd13e3521803bb8445,Data Engineer,EY,"['Python', 'SQL', 'Azure']","Data Engineer - EY GDS Spain - Hybrid 

The opportunity

This is a fantastic opportunity to be part of a leading firm whilst being instrumental in the growth as you get to...",30/01/2026Málaga (Híbrido) y otrasBig Data
https://www.tecnoempleo.com/cybersecurity-analyst-soc-l2-devoteam/ciberseguridad-paloalto/rf-914e1e6c32ec43279446,Cybersecurity Analyst (SOC L2),Devoteam,"['Ciberseguridad', 'PaloAlto', 'SIEM']","Company Description

Devoteam es una consultora europea líder enfocada en estrategia digital, plataformas tecnológicas, ciberseguridad y transformación empresarial a trav...",26/01/2026BarcelonaCiberseguridad
https://www.tecnoempleo.com/cyber-security-analyst-cognizant-technology-soluti/ciberseguridad/rf-da811060b2b7332dfb4d,Cyber Security Analyst,Cognizant Technology Solutions,['Ciberseguridad'],"Reverse Engineer (Android Developer + Cybersecurity Engineer)

English Required / Based in Barcelona, Spain / Hybrid 

Are you one of those Engineers who loves to learn ...",23/01/2026Barcelona (Híbrido)Ciberseguridad
https://www.tecnoempleo.com/delineante-proyectista-a-coruna/autocad/rf-c983199c922743f28544,Delineante proyectista,Michael Page,['AutoCAD'],"Perfil buscado (Hombre/Mujer)

• Elaboración de planos eléctricos y estructurales de subestaciones en AutoCAD u otro software de diseño.
• Interpretación y ...",21/01/2026A CoruñaIngenieros/Industria
https://www.tecnoempleo.com/data-architect-gfr-technologies-se/etl/rf-7d7a1e17021543e14c4f,Data Architect,GFR Technologies SE,"['ETL', 'data']","GFT es una compañía pionera en transformación digital. Diseñamos soluciones de negocio centradas en la inteligencia artificial (AI-Centric), modernizamos infraestructuras ...",21/01/2026MadridArquitecto TIC
https://www.tecnoempleo.com/appian-senior-developer-accenture/bpm/rf-f60815764260a3671e47,Appian Senior Developer,Accenture,"['Appian', 'BPM']","At Accenture, we believe in technology as the engine for the total reinvention of the company. We work with the leading platforms and partners in the market to drive our ...",20/01/2026MadridProgramador
https://www.tecnoempleo.com/ai-engineer-genai-llmops-wayops/python-langchain/rf-25fc193b928d030e544c,AI Engineer (GenAI & LLMOps),WayOps,"['GenAI', 'LLM', 'Python']","Buscamos un perfil AI Engineer que quiera desarrollar su carrera profesional en la vanguardia de la IA Generativa, construyendo agentes inteligentes en un entorno corporativo ...",20/01/2026MadridInteligencia Artificial/Machine Learning
https://www.tecnoempleo.com/senior-data-engineer-data-scraping-wayops/playwright-selenium/rf-94a11e86f2e1f376484f,Senior Data Engineer (Data Scraping),WayOps,"['Playwright', 'Selenium', 'BeautifulSoup']",Buscamos un perfil Senior Data Scraping & Analysis Specialist con sólida experiencia en Python que quiera desarrollar su carrera profesional construyendo pipelines de ...,20/01/2026MadridBig Data
https://www.tecnoempleo.com/tecnico-electronico-produccion-gmv/pcba/rf-837b1ee9f2bce3730c4d,Técnico/a Electrónico Producción,GMV,['PCBA'],Si el único programa que se te resiste es el de la lavadora… ¡Tu sitio está con nosotros!¿Te apasiona la electrónica y quieres formar parte de un equipo dinámico en un...,16/01/2026Valladolid (Híbrido)Electrónica
https://www.tecnoempleo.com/ingeniero-infraestructuras-it-gmv/hardware/rf-ee8714cf320c53f0c445,Ingeniero/a Infraestructuras IT,GMV,['hardware'],Si el único programa que se te resiste es el de la lavadora... ¡Tu sitio está con nosotros!Estamos ampliando nuestros equipos en el sector de la navegación por satélite ...,15/01/2026MadridTécnico Hardware
https://www.tecnoempleo.com/back-end-net-developer-f-m-d-axpo-group/net-sql/rf-d2921a9a02c713d5c646,Back-end .NET Developer (f/m/d),Axpo Group,"['.net', 'sql']","Workload: 100%
Join Axpo´s ETRM Development team in Madrid and help drive Trading & Sales success through innovative technology solutions. Work on our core ETRM system, ...",14/01/2026MadridProgramador
https://www.tecnoempleo.com/google-cloud-devops-engineer-devoteam/google-cloud-iac/rf-5eb017c30224638d5344,Google Cloud DevOps Engineer,Devoteam,"['Google Cloud', 'IaC', 'Terraform']","Company Description

Devoteam is a leading European consultancy focused on digital strategy, technology platforms, cybersecurity and business transformation through ...",14/01/2026MadridDevOps
https://www.tecnoempleo.com/lider-tecnico-cargas-utiles-gmv/rf-gnss/rf-7a3f1bb992ea03cdb441,Líder técnico de cargas útiles,GMV,"['RF', 'GNSS', 'SDR']",¿Te gustaría poder seguir desarrollándote en áreas tecnológicas y convertirte en un referente en cargas útiles de navegación RF y procesamiento de señal embarcado en ...,13/01/2026Madrid (Híbrido)Ingenieros/Industria
https://www.tecnoempleo.com/sw-technical-lead-gmv/javascript-node/rf-63cc182b2233e32da347,SW Technical Lead,GMV,"['JavaScript', 'Node', 'Angular']",¿Quieres liderar un equipo consolidado del sector espacio y enfrentarte a nuevos retos? GMV somos un grupo tecnológico con amplia experiencia. Estamos ampliando nuestros ...,09/01/2026Madrid (Híbrido)Programador
https://www.tecnoempleo.com/validation-engineer-satcom-projects-gmv/linux/rf-fc151a8be24a43e42844,Validation Engineer SATCOM projects,GMV,"['SATCOM', 'Linux']","¿Buscas un sitio innovador y consolidado en el que desarrollarte profesionalmente? GMV somos un grupo tecnológico con amplia experiencia.Estamos ampliando
nuestros equipos ...",07/01/2026Madrid (Híbrido)Ingenieros/Industria
https://www.tecnoempleo.com/ingeniero-software-gmv/java-c/rf-34761393724c33afbf47,Ingeniero/a de Software,GMV,"['Java', 'C++', 'REST']","Ingeniero/a de Software – Planificación de Misiones para Sistemas Espaciales

Cuando se produce una catástrofe natural... ¿Cómo sabe un satélite que tiene que enviar ...",02/01/2026Madrid (Híbrido)Programador
https://www.tecnoempleo.com/sap-co-consultant-accenture/hana/rf-cbfb118532f24386ff49,SAP CO Consultant,Accenture,"['SAP', 'HANA']","We are looking for passionate, curious and driven team players who are ready to ignite ideas, push boundaries and drive innovation. At Accenture you´ll work on innovative ...",30/12/2025MadridConsultor
https://www.tecnoempleo.com/big-data-consultant-accenture/snowflake-dbt/rf-e4141268d28ce3b9cf40,Big Data Consultant,Accenture,"['Snowflake', 'DBT', 'Databricks']",En Accenture creemos en la tecnología como motor de la reinvención total de la empresa. Trabajamos con las plataformas y los partners líderes en el mercado para impulsar ...,25/12/2025Barcelona (Híbrido)Big Data
https://www.tecnoempleo.com/tecnico-micro-presencial/ticketing-windows-directorio-activo/rf-1c011dcd52a833833841,Técnico/a micro,Grupo Sermicro,"['TICKETING', 'WINDOWS', 'DIRECTORIO ACTIVO']","¡Te invitamos a formar parte de nuestro equipo!
Actualmente estamos buscando un Técnico/a Microinformática para trabajar en un servicio para grandes empresas.
Te invitamos ...",19/12/2025Ciudad Real (Presencial)Soporte Técnico
https://www.tecnoempleo.com/full-stack-angular-nodejs-remoto/angular-nodejs-mongodb/rf-6690152202cb93bdd642,Full Stack Angular/NodeJS,Grupo Sermicro,"['Angular', 'NodeJS', 'MongoDB']","This opportunity is only for residents in Spain

At DIMÁTICA, a company recognised as a Microsoft GOLD PARTNER, we specialise in software design, development and maintenance ...",12/12/2025100% remotoAnalista Programador
https://www.tecnoempleo.com/ingeniero-infraestructuras-gmv/linux-windows/rf-4976112b22dde3b0dc4d,Ingeniero/a infraestructuras,GMV,"['Linux', 'Windows', 'shell']","Si te gustan los desafíos y crees que la seguridad lo es, ¡tu sitio está con nosotros! Estamos ampliando nuestros equipos en el sector de la ciberseguridad para asumir ...",12/12/2025MadridDevOps
https://www.tecnoempleo.com/senior-genai-engineer-accenture/python-tensorflow/rf-a54f1f24e2ae53eeb04c,Senior GenAI Engineer,Accenture,"['GenAI', 'Python', 'TensorFlow']","At Accenture, we believe in technology as the engine for the total reinvention of the company. We work with the leading platforms and partners in the market to drive our ...",09/12/2025Madrid (Híbrido) y otrasInteligencia Artificial/Machine Learning
https://www.tecnoempleo.com/technology-cloud-architect-accenture/aws-azure/rf-e5cf1015023ce37dd345,Technology Cloud Architect,Accenture,"['AWS', 'Azure', 'Google Cloud Platform']","At Accenture, we believe in technology as the engine for the total reinvention of the company. We work with the leading platforms and partners in the market to drive our ...",04/12/2025MadridArquitecto TIC
https://www.tecnoempleo.com/desarrollador-senior-net-grupo-sermicro/net-visual-studio/rf-008610ba428e03aa9a4e,Desarrollador/a Senior .NET,Grupo Sermicro,"['.net', 'Visual Studio']","En DIMÁTICA, una empresa reconocida como socio de Microsoft, nos especializamos en soluciones de diseño, desarrollo y mantenimiento de software en entornos multiplataforma...",02/12/2025100% remotoAnalista Programador
https://www.tecnoempleo.com/data-science-mlops-engineer-accenture/python-machine-learning/rf-cc941d029256c31fe048,Data Science/MLOps Engineer,Accenture,"['Python', 'Machine Learning']","THE WORK: Embrace the opportunity to innovate and create impactful solutions! You will be a subject matter expert, collaborating with various teams to contribute to key ...",02/12/2025MadridBig Data
https://www.tecnoempleo.com/ingeniero-egse-labview-python-gmv/c-c/rf-be0f1a72127793447543,Ingeniero/a EGSE (LabVIEW Python),GMV,"['LabVIEW', 'Python', 'C']","¿Buscas un sitio innovador y consolidado en el que desarrollarte profesionalmente? En
GMV tienes tu oportunidad perfecta! Estamos ampliando nuestros equipos en el sector ...",01/12/2025Madrid (Híbrido)Electrónica
https://www.tecnoempleo.com/senior-software-engineer-backend-affirm/python-kotlin/rf-c4f81ba0c22d53451042,"Senior Software Engineer, Backend",Affirm,"['Python', 'Kotlin', 'AWS']","Affirm is reinventing credit to make it more honest and friendly, giving consumers the flexibility to buy now and pay later without any hidden fees or compounding interest...",28/11/2025100% remotoProgramador
https://www.tecnoempleo.com/ingeniero-sistemas-aeronauticos-gmv/python-doors/rf-3d451005428d63f6dc43,Ingeniero/a de Sistemas Aeronáuticos,GMV,"['Python', 'DOORS']",¿Quieres enfrentarte a nuevos retos sin renunciar a la estabilidad de un grupo tecnológico con gran experiencia? En GMV estamos ampliando nuestros equipos en el sector ...,28/11/2025Madrid (Híbrido)Ingenieros/Industria
https://www.tecnoempleo.com/devsecops-engineer-accenture/ciberseguridad/rf-96e01519a2d333175c46,DevSecOps Engineer,Accenture,['Ciberseguridad'],"Accenture, reconocida como Great Place To Work®, una compañía líder mundial en servicios profesionales que ayuda a las principales empresas, administraciones públicas y ...",20/11/2025MadridCiberseguridad
https://www.tecnoempleo.com/fullstack-developer-remoto/nodejs-typescript-aws-angular-mongodb-docker-ku/rf-6bc8130a3237e339c342,Fullstack Developer,Grupo Sermicro,"['Nodejs', 'Typescript', 'AWS']","Descripción de la oferta de empleo
En DIMÁTICA, empresa reconocida como Microsoft GOLD PARTNER, estamos especializados en soluciones de diseño, desarrollo y mantenimiento ...",20/11/2025100% remotoProgramador36.000€ - 48.000€ b/a
https://www.tecnoempleo.com/technical-lead-salesforce-accenture/salesforce/rf-857712b0e26583555b46,Technical Lead Salesforce,Accenture,['Salesforce'],"Buscamos personas apasionadas por la tecnología, con ganas de crecer profesionalmente y de formar parte de un equipo diverso e inclusivo. En Accenture Technology, ayudamos a ...",20/11/2025MadridJefe de Equipo
https://www.tecnoempleo.com/salesforce-functional-consultant-accenture/salesforce/rf-cd731062e29183628e43,Salesforce Functional Consultant,Accenture,['Salesforce'],"Buscamos personas apasionadas por la tecnología, con ganas de crecer profesionalmente y de formar parte de un equipo diverso e inclusivo. En Accenture Technology, ayudamos a ...",20/11/2025MadridConsultor
https://www.tecnoempleo.com/tecnica-o-helpdesk-con-ingles-presencial/helpdesk-ticketing/rf-bb781fd3228a73317a46,Técnica/o HelpDesk con Inglés,Grupo Sermicro,"['helpdesk', 'ticketing']","¡Te invitamos a formar parte de nuestro equipo!

Actualmente estamos buscando un/a Técnica/o HelpDesk con Inglés para trabajar en un servicio para grandes empresas.

Te ...",17/11/2025Madrid (Presencial)HelpdeskJornada turno rotatorio
https://www.tecnoempleo.com/technnical-consultant-sap-btp-accenture/sap-btp/rf-4d4c1d64620c83ea2b44,Technnical Consultant SAP BTP,Accenture,['SAP BTP'],En Accenture creemos en la tecnología como motor de la reinvención total de la empresa. Trabajamos con las plataformas y los partners líderes en el mercado para impulsar ...,14/11/2025MadridConsultor
https://www.tecnoempleo.com/sap-bpc-consultant-accenture/hana/rf-a5a81207d257930ba74c,SAP BPC Consultant,Accenture,"['SAP', 'Hana']","We are looking for passionate, curious, and driven team players who are ready to ignite ideas, push boundaries and drive innovation. At Accenture you´ll work on innovative ...",14/11/2025MadridConsultor
https://www.tecnoempleo.com/salesforce-marketing-cloud-consultant-accenture/salesforce-marketing-cloud/rf-23a0131002e5b37e7e41,Salesforce Marketing Cloud Consultant,Accenture,['Salesforce Marketing Cloud'],"Job Description

´Tienes ganas de aportar, eres amigo de las ideas innovadoras, fan del trabajo en equipo y amante de la tecnología? Tenemos una oferta para ti. Lidera el ...",14/11/2025MadridConsultor
https://www.tecnoempleo.com/sap-analytics-sr-analyst-accenture/sap/rf-39841afc4233c3ed7742,SAP Analytics Sr Analyst,Accenture,['SAP'],"We are looking for passionate, curious, and driven team players who are ready to ignite ideas, push boundaries and drive innovation. At Accenture you´ll work on innovative ...",14/11/2025Sevilla y otrasAnalista
https://www.tecnoempleo.com/sap-successfactors-consultant-accenture/sap/rf-6bfb1574124f43f01543,SAP SuccessFactors Consultant,Accenture,"['SAP', 'SuccessFactors']","We are looking for passionate, curious and driven team players who are ready to ignite ideas, push boundaries and drive innovation. At Accenture you´ll work on innovative ...",14/11/2025MadridConsultor
https://www.tecnoempleo.com/sap-hcm-consultant-accenture/sap-hcm/rf-5f8e150c3297f3a8ea4f,SAP HCM Consultant,Accenture,['SAP HCM'],"We are looking for passionate, curious and driven team players who are ready to ignite ideas, push boundaries and drive innovation. At Accenture you´ll work on innovative ...",14/11/2025MadridConsultor
https://www.tecnoempleo.com/sap-analytics-consultant-accenture/hana/rf-a89c102a82ee33242744,SAP Analytics Consultant,Accenture,"['SAP', 'HANA']","We are looking for passionate, curious, and driven team players who are ready to ignite ideas, push boundaries and drive innovation. At Accenture you´ll work on innovative ...",14/11/2025MadridConsultor
https://www.tecnoempleo.com/administrador-azure-100-remoto-remoto/azure-windows/rf-e502133dd22e73a23641,Administrador/a Azure 100% remoto,Alcorce Telecomunicaciones,"['azure', 'windows']","Debido a la expansión de Alcorce Telecomunicaciones, S.L. precisamos cubrir una posición de Administrador/a Azure en modalidad 100% Teletrabajo.
 

Funciones:

- Actividades...",31/10/2025100% remotoAdministrador
https://www.tecnoempleo.com/platform-engineer-devops-cloud-cib-labs/kubernetes-amazon-web-services/rf-6d9e1155427c0309ab47,"Platform Engineer (DevOps, Cloud)",CIB labs,"['Kubernetes', 'Amazon Web Services', 'Linux']","Como Platform Engineer desempeñarás un papel fundamental en nuestras prácticas DevOps. Estarás a cargo del desarrollo y la gestión de nuestras plataformas internas, la ...",31/10/2025100% remotoArquitecto TIC
https://www.tecnoempleo.com/administrador-responsable-sistemas-michael-page/vmware-veeam/rf-b42e1d6dd216b31fa344,Administrador/Responsable de Sistemas,Michael Page,"['VMWare', 'Veeam', 'Azure']","Perfil buscado (Hombre/Mujer)

• Administración de Sistemas.
• Administración de entornos Cloud.
• Virtualización y copias de seguridad.
• Gestión de un ...",27/10/2025ZaragozaTécnico de Sistemas
https://www.tecnoempleo.com/desarrollador-golang-gcp-devoteam/golang/rf-7791175492701354b74d,Desarrollador Golang + GCP,Devoteam,"['Golang', 'GCP']","Descripción de la empresa

Devoteam es una consultora europea líder enfocada en estrategia digital, plataformas tecnológicas, ciberseguridad y transformación empresarial...",24/10/2025Madrid (Híbrido)Programador
https://www.tecnoempleo.com/programador-interoperabilidad-page-personnel/fhir-mirth/rf-efdb1e2d22f7d332a24d,Programador/a interoperabilidad,Page Personnel,"['FHIR', 'Mirth']","Perfil buscado (Hombre/Mujer)

• Participación en nuevos desarrollos.
• Consultoría sobre el producto.
• Integraciones de los productos.
• Colaboración con el ...",02/10/2025Barcelona (Híbrido)Consultor42.000€ - 45.000€ b/a
https://www.tecnoempleo.com/tecnico-microinformatica-grupo-sermicro/microinformatica-windows/rf-232412fa42ba03c29d47,Técnico/a microinformática,Grupo Sermicro,"['microinformática', 'windows']","¡Te invitamos a formar parte de nuestro equipo!
Actualmente estamos buscando un Técnico/a Microinformática para trabajar en un servicio para grandes empresas.
Te invitamos ...",05/09/2025Álava (Presencial)Soporte Técnico
https://www.tecnoempleo.com/programador-c-malaga/c/rf-c72212519261e3ca6b47,Programador/a C++,Alcorce Telecomunicaciones,['c++'],"Debido a la expansión de Alcorce Telecomunicaciones, S.L. precisamos cubrir una posición de Programador/a C++.

Requisitos:
Experiencia de al menos 2-3 años en programació...",04/09/2025MálagaAnalista Programador
https://www.tecnoempleo.com/desarrollador-c-madrid/c-linux/rf-909213c3d20e839ce947,Desarrollador/a C++,Alcorce Telecomunicaciones,"['c++', 'Linux']",Nuestros equipos de desarrollo Software necesitan crecer y queremos contar con profesionales interesados en participar en proyectos asociados a distintos sectores: transporte...,04/09/2025Madrid y otrasAnalista Programador30.000€ - 45.000€ b/a
https://www.tecnoempleo.com/responsable-servicios-ciberseguridad-gmv/ssdlc-sdlc/rf-85831a7742ce9391174b,Responsable Servicios de Ciberseguridad,GMV,"['SSDLC', 'SDLC']","Si quisiste ser Anonymous, pero la pandemia te ha enseñado que llevar máscara no es lo tuyo… ¡Tu sitio está en GMV! ¿Buscas un nuevo reto en ciberseguridad que te ...",29/08/2025Madrid (Híbrido)Ciberseguridad
https://www.tecnoempleo.com/senior-shopware-fullstack-entwickler-allers-techno/php-symfony/rf-e2141c35a2e583acae41,Senior Shopware Fullstack Entwickler,Allers Technology,"['Shopware', 'php', 'Symfony']","Wir sind ein sehr kleines, agiles Remote-Team mit großer Wirkung – und suchen Dich als erfahrenen Senior Shopware Fullstack Entwickler, der neben Backend- und Integrationsl...",28/08/2025BalearesProgramador
https://www.tecnoempleo.com/ingeniero-software-embebido-c-c-gmv/c/rf-036312bbe223a3207f4e,Ingeniero/a de software embebido C/C++,GMV,"['C', 'C++']",Si piensas que tu compañero de trabajo perfecto sería R2D2… ¡Tu sitio está con nosotros! Estamos ampliando nuestros equipos en el sector Defensa para contribuir al ...,26/08/2025Madrid (Híbrido)Electrónica
https://www.tecnoempleo.com/tecnico-redes-24-7-the-adecco-group/cisco-fortinet-ccna/rf-a2c619b082df43ef304d,Técnico/a redes 24/7,The Adecco Group,"['cisco', 'fortinet', 'CCNA']","En Adecco estamos colaborando con Fibratel, líder en soluciones tecnológicas, para incorporar un Analista de Monitorización l en su equipo. Si buscas un entorno dinámico, ...",25/08/2025Madrid (Presencial)Redes21.000€ - 24.000€ b/a
https://www.tecnoempleo.com/programador-python-pyspark-grupo-ns/python-pyspark/rf-5cec164f72a913fd204b,Programador Python y Pyspark,Grupo NS,"['python', 'pyspark']","En Grupo NS estamos seleccionando, para un importante proyecto dentro del sector bancario, Desarrolladores con experiencia en Python, y Pyspark para migrar procesos de SAS a ...",14/08/2025Madrid (Híbrido)Programador
https://www.tecnoempleo.com/lead-red-team-global-exchange/pentesting-ciberseguridad-python/rf-5af318948264a32f2743,Lead Red Team,Global Exchange,"['pentesting', 'ciberseguridad', 'Python']","Global Exchange Tecnologías Digitales (GETD) es la división tecnológica digital del Grupo Global Exchange, una multinacional española que opera en el mercado de divisas ...",07/08/2025Salamanca (Híbrido)Ciberseguridad
https://www.tecnoempleo.com/analista-forense-digital-paris-gmv/windows-linux-vulnerability-management/rf-1eb012eb225f63bf3e4d,Analista Forense Digital - París,GMV,"['Windows', 'Linux', 'Vulnerability Management']","JOB TITLE
Estamos ampliando nuestro equipo destinado en París en el sector de ciberseguridad - forense para participar en proyectos del sector espacial. Nos gusta ir al ...",06/08/2025MadridAnalista
https://www.tecnoempleo.com/ingeniero-cloud-remoto-remoto/cloud-aws-azure/rf-30df1c6c227f033d614c,Ingeniero/a Cloud (Remoto),Alcorce Telecomunicaciones,"['cloud', 'AWS', 'Azure']","Debido a la expansión de Alcorce Telecomunicaciones, SL precisamos cubrir una posición de Ingeniero/a Cloud para trabajar en modalidad Remota en los servicios que prestamos ...",04/08/2025100% remotoIngenieros/Industria
https://www.tecnoempleo.com/tecnico-micro-con-fpi-smr-presencial/windows-office-365/rf-4198142c32c01319c74f,Técnico/a Micro (Con FPI SMR),Grupo Sermicro,"['WINDOWS', 'OFFICE 365']","Grupo Sermicro somos una empresa Integradora de referencia en Soluciones y Servicios TIC con más de 35 años de experiencia y una amplia presencia internacional.

Actualmente...",31/07/2025Madrid (Presencial)Helpdesk
https://www.tecnoempleo.com/consultor-senior-ciberseguridad-devoteam/imperva-waf/rf-a635137f221133697a45,Consultor Senior de Ciberseguridad,Devoteam,"['Ciberseguridad', 'Imperva', 'WAF']","Company Description

Devoteam es una consultora líder en Europa centrada en estrategia digital, plataformas tecnológicas, ciberseguridad y transformación empresarial a ...",18/07/2025100% remotoCiberseguridad
https://www.tecnoempleo.com/ingeniero-senior-atm-gmv/vsphere-docker-kubernetes-doors-python/rf-d32c11bb52d9a30e0c47,Ingeniero/a Sénior ATM,GMV,"['Vsphere', 'Docker', 'Kubernetes']","Llevas ya varios años trabajando en integración de sistemas y quieres subir a otro nivel? Te gustaría formar parte de un proyecto en el sector aeronáutico, en gestión de ...",14/07/2025Madrid (Híbrido)Tester/QA
https://www.tecnoempleo.com/data-engineer-with-snowflake-dacdigital/snowflake-git-agile-data-managemen/rf-dd0a133a32934329774c,Data Engineer with Snowflake,DAC.digital,"['snowflake', 'git', 'agile']","At DAC.digital, we are constantly growing our business. As part of our growth strategy, we are starting a strategic partnership with one of the biggest consulting companies in...",10/07/2025100% remotoBig Data2.700€ - 6.000€ b/mContrato freelance/autónomo
https://www.tecnoempleo.com/ingeniero-qa-gmv/qa-unix-selenium-python/rf-6c9818c2b23b43b0914d,Ingeniero/a QA,GMV,"['QA', 'unix', 'selenium']","Sí eres de los que, tras aparcar, comprueba dos veces que ha cerrado el coche...¡Tu sitio está en GMV!Estamos ampliando nuestros equipos en el sector espacio 🛰️ ...",07/07/2025Madrid (Híbrido)Tester/QA
https://www.tecnoempleo.com/ingeniero-senior-integracion-sw-gmv/vsphere-docker-kubernetes/rf-2bb818db5204e381534e,Ingeniero/a Senior de integracion SW,GMV,"['vsphere', 'docker', 'kubernetes']",¿Llevas varios años trabajando en integración de sistemas y quieres subir a otro nivel? ¿Te gustaría formar parte de un proyecto en el sector espacio? ¿Te gustaría ...,04/07/2025Madrid (Híbrido)Técnico de Sistemas
https://www.tecnoempleo.com/tecnico-redes-seguridad-madrid/redes-seguridad/rf-46ea1864e29403705d4d,Técnico/a de Redes y Seguridad,Alcorce Telecomunicaciones,"['redes', 'seguridad']","Debido a la expansión de Alcorce Telecomunicaciones, S.L. precisamos cubrir una posición de Técnico/a de Redes y Seguridad para trabajar en los servicios que prestamos a un...",23/06/2025MadridRedes
https://www.tecnoempleo.com/ingeniero-junior-software-gmv/java-javascript-python/rf-e1491685229c3354dd44,Ingeniero/a Junior de software,GMV,"['Java', 'JavaScript', 'Python']","Si tu meta es salvar el mundo, pero consideras entrenamiento de élite comer palomitas sin despegar la vista de la pantalla... ¡Tu sitio está con nosotros! Estamos ampliando...",06/06/2025Madrid (Híbrido)Inteligencia Artificial/Machine Learning
https://www.tecnoempleo.com/ingeniero-software-gmv/java-javascript-python/rf-5cfd168fb22373f9ac4a,Ingeniero/a de software,GMV,"['Java', 'JavaScript', 'Python']","Si tu meta es salvar el mundo, pero consideras entrenamiento de élite comer palomitas sin despegar la vista de la pantalla... ¡Tu sitio está con nosotros! Estamos ampliando...",06/06/2025Madrid (Híbrido)Inteligencia Artificial/Machine Learning
https://www.tecnoempleo.com/coordinador-verificacion-gmv/doors-jira-redmine/rf-2e5516e352c223e08a45,Coordinador/a de Verificacion,GMV,"['DOORS', 'jira', 'Redmine']",¿Quieres enfrentarte a nuevos retos sin renunciar a la estabilidad que da un grupo tecnológico de amplia experiencia? Estamos ampliando nuestros equipos en el sector ...,05/06/2025Madrid (Híbrido)Tester/QA
https://www.tecnoempleo.com/tecnico-networking-lan-remoto-remoto/networking-lan/rf-e67b12dfb2a67324af47,Técnico/a de Networking LAN (Remoto),Alcorce Telecomunicaciones,"['networking', 'lan']","Debido a la expansión de Alcorce Telecomunicaciones, S.L. precisamos cubrir una posición de Técnico/a de Networking Redes LAN para trabajar en los servicios que prestamos a...",30/05/2025100% remotoRedes
https://www.tecnoempleo.com/tecnico-redes-sdn-sd-wan-90-remoto-madrid/redes-lan-wan/rf-524a1a3452c1e3db2049,Técnico/a Redes SDN/SD-WAN (90% Remoto),Alcorce Telecomunicaciones,"['redes', 'LAN', 'WAN']","Debido a la expansión de Alcorce Telecomunicaciones, S.L. precisamos cubrir una posición de Técnico/a de Redes SDN/SD-WAN para trabajar en modalidad 90% remoto en los ...",23/05/2025MadridRedes
https://www.tecnoempleo.com/tecnico-networking-madrid/networking-juniper/rf-c4031cd982c1139e0c49,Técnico/a de Networking,Alcorce Telecomunicaciones,"['networking', 'Juniper']","Debido a la expansión de Alcorce Telecomunicaciones, S.L. precisamos cubrir una posición de Técnico/a de Networking para trabajar formando parte de nuestros equipos que ...",23/05/2025MadridRedes
https://www.tecnoempleo.com/ingeniero-seguridad-la-informacion-madrid/iso-nist-cobit/rf-eaa417ef02e203dc4e4e,Ingeniero/a Seguridad de la Información,GMV,"['ISO', 'NIST', 'COBIT']","Si te apasiona la 🔎 seguridad de la información, el análisis de riesgos y el cumplimiento, ¡GMV es tu sitio!Estamos ampliando nuestros equipos en el 🛡️ sector de...",24/04/2025MadridCiberseguridad
https://www.tecnoempleo.com/ingeniero-software-embebido-gmv/c-c/rf-a1a51cafa2ab53832447,Ingeniero/a de Software Embebido,GMV,"['C', 'C++', 'Linux']","Desarrollar software para un computador embarcado que formará parte del control de un RPAS implica trabajar donde la ingeniería de bajo nivel, el tiempo real y la ...",11/04/2025Madrid (Híbrido)Electrónica
https://www.tecnoempleo.com/desarrollador-python-madrid/python/rf-b0ab198e12a8a3f61041,Desarrollador/a Python,Alcorce Telecomunicaciones,['python'],"Debido a la expansión de Alcorce Telecomunicaciones, S.L. precisamos cubrir una posición de Desarrollador/a Python para trabajar en los servicios que prestamos a un ...",28/02/2025MadridProgramador
https://www.tecnoempleo.com/ingeniero-software-java-espacio-gmv/java-spring/rf-9b37121142fd930d9042,Ingeniero/a de software Java Espacio,GMV,"['Java', 'Spring']","Si el único programa que se te resiste es el de la lavadora... ¡Tu sitio está con nosotros!
Estamos ampliando nuestros equipos en el sector Ciberseguridad para asumir ...",28/02/2025MadridProgramador
https://www.tecnoempleo.com/engineering-operations-technician-amazon-web-servi/aws/rf-0de4198da26b53cec144,Engineering Operations Technician,Amazon Web Services,['AWS'],"AWS Infrastructure Services owns the design, planning, delivery, and operation of all AWS global infrastructure. In other words, we’re the people who keep the cloud running...",28/02/2025Huesca (Presencial) y otrasTécnico de Sistemas
https://www.tecnoempleo.com/tecnico-micro-con-fpii-asir-presencial/windows-office-365-exchange-outlook/rf-29071c5c12ee13375e4a,Técnico/a Micro con FPII ASIR,Grupo Sermicro,"['WINDOWS', 'OFFICE 365', 'Exchange']","Grupo Sermicro somos una empresa Integradora de referencia en Soluciones y Servicios TIC con más de 35 años de experiencia y una amplia presencia internacional.

Actualmente...",25/02/2025Madrid (Presencial)Helpdesk
https://www.tecnoempleo.com/secure-software-development-life-cycle-madrid/sdlc-java-sonarqube-kiuwan-f/rf-3a40zd928qedc42e2bp7,Secure Software Development Life Cycle,Grupo SIA,"['SDLC', 'JAVA', 'SonarQube']",Somos la compañía de Indra especializada en ciberseguridad líder en España y Portugal. Contamos con el talento de más de 1.500 profesionales que trabajan cada día con ...,24/02/2025MadridAnalista
https://www.tecnoempleo.com/auditor-a-senior-de-seguridad-pentester-100-en-rem/owasp-osstmm/rf-1ab0lc47b4701m42c7y7,Auditor/a Senior de Seguridad/Pentester,Grupo SIA,"['OWASP', 'OSSTMM']","Para dar respuesta a nuestros objetivos de crecimiento en los mercados actuales y de expansión e internacionalización, queremos aumentar nuestro equipo de Red Team con ...",24/02/2025100% remotoCiberseguridad
https://www.tecnoempleo.com/analista-seguridad-n3-sme-protect-remoto/chronicle-akami-waf-zscaler-dns-p/rf-883d16e80216f3e1824a,Analista seguridad N3 SME Protect,Grupo SIA,"['CHRONICLE', 'AKAMI WAF', 'Zscaler DNS/PROXY']","Somos la empresa especializada en Ciberseguridad líder de España y Portugal del Grupo INDRA, siendo expertos en servicios de ingeniería de detección y consultoría de ...",24/02/2025100% remotoAnalista
https://www.tecnoempleo.com/programador-sap-abap-hays/sap-abap-c-erp-sap-b1-beas-sql/rf-fccf109ad20473cdef46,Programador/a SAP ABAP,HAYS,"['sap', 'abap', 'c#']","Desde Hays estamos en búsqueda de un/a Programador/a SAP ABAP para incorporarse a una importante empresa final en la provincia de Alicante. 
 
Qué necesitarás para encajar ...",18/02/2025Alicante (Presencial)Analista Programador
https://www.tecnoempleo.com/software-department-manager-hays/c-c-net/rf-c47414f1624af33e894d,Software department manager,HAYS,"['c++', 'c#', '.net']","Desde Hays estamos en búsqueda de un/a Software Department Manager que se incorpore a una empresa tecnológica con importantes proyectos a nivel internacional.

Reportando al...",17/02/2025ValenciaJefe de Equipo
https://www.tecnoempleo.com/arquitecto-it-autenticacion-hibrido/oauth2-openid-saml-jwt-ciberseguridad-/rf-107e16f472754307354c,Arquitecto IT Autenticación,Grupo SIA,"['OAuth2', 'OpenID', 'SAML']",Somos una empresa líder global de ciberseguridad que protege los activos digitales y habilita negocios de forma segura. La combinación de un equipo profesional con ...,14/02/2025Madrid (Híbrido)Arquitecto TIC
https://www.tecnoempleo.com/arquitecto-tecn-desarrollador-ad-azure-remoto/active-directory-azure-adfs-/rf-c21c1247726993a07145,Arquitecto técn./Desarrollador AD AZURE,Grupo SIA,"['Active Directory', 'AZURE', 'ADFS']","More cybersecure. More proximity. More SIA.

Somos una empresa líder global de ciberseguridad que protege los activos digitales y habilita negocios de forma segura. La ...",30/01/2025100% remotoArquitecto TIC
https://www.tecnoempleo.com/arquitecto-en-ldap-con-linux-remoto/ldap-linux-redhat/rf-220f17dc72e8f3ee0a44,Arquitecto en LDAP con LINUX,Grupo SIA,"['LDAP', 'Linux', 'RedHat']","More cybersecure. More proximity. More SIA.

Somos una empresa líder global de ciberseguridad que protege los activos digitales y habilita negocios de forma segura. La ...",30/01/2025100% remotoAdministrador
https://www.tecnoempleo.com/tecnico-comunicaciones-presencial/switch-router-telefonia-movil/rf-7d36129b2287736e9d4b,Técnico/a de Comunicaciones,Grupo Sermicro,"['switch', 'router', 'telefonía móvil']","¡Te invitamos a formar parte de nuestro equipo!
Actualmente estamos buscando un/a Técnico/a de Comunicaciones para trabajar en un servicio para grandes empresas.
Te ...",28/01/2025Madrid (Presencial)RedesContrato obra o servicio
https://www.tecnoempleo.com/arquitecto-pam-remoto/privileged-access-management-pam-cyberark-cibersegur/rf-414011cb92640358734e,Arquitecto PAM,Grupo SIA,"['Privileged Access Management', 'PAM', 'CYBERARK']",Somos la compañía de Indra especializada en ciberseguridad líder en España y Portugal. Contamos con el talento de más de 1.500 profesionales que trabajan cada día con ...,20/01/2025100% remotoArquitecto TIC
https://www.tecnoempleo.com/arquitecto-tecnico-sailpoint-remoto/iam-novell-identity-manager-sailpoint-/rf-58ab17bbe2e033b37c4b,Arquitecto técnico Sailpoint,Grupo SIA,"['IAM', 'Novell Identity Manager', 'Sailpoint']","More cybersecure. More proximity. More SIA.

Somos la empresa especializada en Ciberseguridad líder de España y Portugal del Grupo INDRA, siendo expertos en servicios de ...",20/01/2025100% remotoArquitecto TIC
https://www.tecnoempleo.com/auditor-seguridad-hacking-madrid/malware-hacking-python-powershell/rf-c77317fa82c923f6fd41,Auditor Seguridad / Hacking,Grupo SIA,"['malware', 'hacking', 'python']",Somos la compañía de Indra especializada en ciberseguridad líder en España y Portugal. Contamos con el talento de más de 1.500 profesionales que trabajan cada día con ...,17/01/2025MadridCiberseguridad
https://www.tecnoempleo.com/programador-microsoft-dynamics-hays/c-al-microsoft-dynamics-navision/rf-59e11a1ac2b63365fc4a,Programador Microsoft Dynamics,HAYS,"['C/AL', 'microsoft', 'dynamics']","Desde HAYS estamos en búsqueda de un/una Programador/a de Navision para incorporarse a un 
proyecto en empresa final.


¿Qué necesitarás para encajar con el puesto?

Al ...",17/01/2025Valencia (Presencial)Analista Programador
https://www.tecnoempleo.com/tecnico-cyberseguridad-n1-remoto-remoto/palo-alto-checkpoint-fortinet-rout/rf-f7c41910029ac3d82b47,Técnico/a de Cyberseguridad N1 (Remoto),Alcorce Telecomunicaciones,"['Palo Alto', 'Checkpoint', 'Fortinet']","Debido a la expansión de Alcorce Telecomunicaciones, SL precisamos cubrir una posición de Técnico/a de Cyberseguridad N1 para trabajar en modalidad Remota en los servicios ...",10/01/2025100% remotoCiberseguridad
https://www.tecnoempleo.com/tecnico-soporte-videoconferencias-presencial/soporte-cisco-teams-skype-goo/rf-9e4f1dad7295b347b642,Técnico/a Soporte Videoconferencias,Grupo Sermicro,"['soporte', 'CISCO', 'Teams']","¡Te invitamos a formar parte de nuestro equipo!

Actualmente estamos buscando un/a Técnico/a de soporte a Videoconferencia para trabajar en un servicio para grandes empresas...",03/01/2025Madrid (Presencial)Soporte Técnico
https://www.tecnoempleo.com/analista-ciberseguridad-n2-madrid/ciberseguridad-malware-seguridad-soc/rf-6132b2091dd9bxc40bs0,Analista Ciberseguridad N2,Grupo SIA,"['Ciberseguridad', 'malware', 'seguridad']",Somos la compañía de Indra especializada en ciberseguridad líder en España y Portugal. Contamos con el talento de más de 1.500 profesionales que trabajan cada día con ...,31/12/2024MadridAnalista
https://www.tecnoempleo.com/arquitecto-tenico-s-nior-pki-remoto/pki-microsoft-ejbca-entrust-primekey-c/rf-d759100142b0f34ee646,Arquitecto ténico SÉNIOR PKI,Grupo SIA,"['PKI', 'Microsoft', 'EJBCA']","More cybersecure. More proximity. More SIA

Somos una empresa líder global de ciberseguridad que protege los activos digitales y habilita negocios de forma segura. La ...",19/12/2024100% remotoArquitecto TIC
https://www.tecnoempleo.com/consultor-cyberark-madrid/java-sql-cyberark/rf-f932ie5f43586z1d30a3,Consultor/a Cyberark,Grupo SIA,"['JAVA', 'SQL', 'CYBERARK']",Somos la compañía de Indra especializada en ciberseguridad líder en España y Portugal. Contamos con el talento de más de 1.500 profesionales que trabajan cada día con ...,21/11/2024MadridConsultor
https://www.tecnoempleo.com/administrador-sistemas-linux-madrid/linux-ldap-apache-tomcat/rf-a95e11f1e24b135bbc4d,Administrador/a de sistemas Linux,Grupo SIA,"['linux', 'LDAP', 'APACHE']",Somos la compañía de Indra especializada en ciberseguridad líder en España y Portugal. Contamos con el talento de más de 1.500 profesionales que trabajan cada día con ...,05/11/2024MadridAdministrador
https://www.tecnoempleo.com/tecnico-micro-presencial/directorio-activo-ticketing-windows-office-365/rf-23d7139aa24543403b47,Técnico/a Micro,Grupo Sermicro,"['DIRECTORIO ACTIVO', 'TICKETING', 'WINDOWS']","Te invitamos a formar parte de nuestro equipo!

Actualmente estamos buscando un/a Técnico/a microinformático para trabajar en un servicio para grandes empresas.

Te ...",31/10/2024Bizkaia (Presencial)Soporte Técnico
https://www.tecnoempleo.com/net-core-developer-hibrido/net-core-xunit-azure/rf-d13017fb1251e357d04e,.NET Core Developer,HAYS,"['.NET Core', 'Xunit', 'Azure']",Desde HAYS estamos en búsqueda de un/a Desarrollador/a BackEnd .NET con sólida experiencia en el desarrollo de software para una empresa líder en software tecnológico para...,29/10/2024Valencia (Híbrido) y otrasProgramador36.000€ - 45.000€ b/a
https://www.tecnoempleo.com/odoo-developer-presencial/odoo/rf-b2e51c30823de3f43b46,ODOO Developer,HAYS,['odoo'],Desde Hays nos encontramos en búsqueda de un/a DESARROLLADOR/A ODOO para importante empresa final con presencia a nivel nacional para incorporarse a su equipo IT de su sede ...,25/10/2024Valencia (Presencial)Analista Programador36.000€ - 42.000€ b/a
https://www.tecnoempleo.com/odoo-developer-presencial/odoo-django/rf-5c751d05320bc361a54d,Odoo Developer,HAYS,"['Odoo', 'Django']","Desde Hays nos encontramos en búsqueda de un/a DESARROLLADOR/A ODOO para importante empresa final a nivel nacional para su sede en Valencia

¿Qué buscamos?

- Experiencia ...",25/10/2024Valencia (Presencial)Programador
https://www.tecnoempleo.com/tecnico-redes-seguridad-madrid/cisco-juniper-fortinet-stonegate-checkpoint/rf-34c4p05fcgd91y7684n1,Técnico Redes y Seguridad,Apolo IT Group,"['cisco', 'juniper', 'fortinet']","Empresa dedicada a la prestación de servicios de tecnologías de la información en todas las áreas de IT, y en actual expansión a otros campos de la Ingeniería, ...",21/10/2024MadridRedes30.000€ - 36.000€ b/a
https://www.tecnoempleo.com/analista-ciberseguridad-leon/malware/rf-4fc1y627067f3i393cwe,Analista de Ciberseguridad,Grupo SIA,['Malware'],Somos la compañía de Indra especializada en ciberseguridad líder en España y Portugal. Contamos con el talento de más de 1.500 profesionales que trabajan cada día con ...,18/10/2024LeónAnalista
https://www.tecnoempleo.com/programador-a-net-python-asturias/net-python/rf-c25bvd938r71291a14z9,Programador/a .NET y Python,The Adecco Group,"['net', 'python']",¿Tienes experiencia en entornos de programación .NET y Python? ¿Te gustaría desarrollar tu carrera profesional en una multinacional del sector metal con atractivos ...,17/10/2024AsturiasProgramadorContrato temporal
https://www.tecnoempleo.com/tecnico-redes-madrid/redes/rf-330b13c5228583520545,Técnico/a de Redes,Grupo Sermicro,['redes'],"¡Te invitamos a formar parte de nuestro equipo!

Actualmente estamos buscando un/a Técnico/a de Redes y Comunicaciones para trabajar en un servicio para grandes empresas.

...",14/10/2024MadridRedesJornada turno rotatorio
https://www.tecnoempleo.com/qa-tester-automatico-remoto/selenium-jmeter/rf-6b611178623bf371d546,QA TESTER (Automático),HAYS,"['Selenium', 'JMeter']","Desde Hays, estamos trabajando para una empresa tecnológica especializada en la creación de software para el sector sanitario de referencia regional y nacional,  que está ...",11/10/2024100% remotoTester/QA36.000€ - 45.000€ b/a
https://www.tecnoempleo.com/desarrollador-ruby-on-rails-remoto/ruby-on-rails-vue-react-api-rest/rf-51f0132d9238e3e8fc47,Desarrollador Ruby on Rails,HAYS,"['Ruby on Rails', 'Vue', 'React']","Desde HAYS, estamos buscando a un/a Desarrollador/a Ruby on Rails  apasionado por la innovación y la excelencia técnica para incorporarse a una empresa de producto propio ...",04/10/2024100% remotoAnalista Programador36.000€ - 45.000€ b/a
https://www.tecnoempleo.com/senior-mobile-app-developer-hibrido/react-native-express/rf-fc8f1a89027fe39a9047,Senior Mobile App Developer,HAYS,"['React Native', 'Express']","Desde Hays estamos trabajando para una compañía líder mundial en el sector medicinal e higiene, presente en más  de 70 países. En un contexto internacional están ...",04/10/2024Valencia (Híbrido)Desarrollador Móvil42.000€ - 45.000€ b/a
https://www.tecnoempleo.com/sap-developer-abap-hibrido/sap-abap-fiori-ui5/rf-471f116202f4e3764543,SAP Developer - ABAP,HAYS,"['SAP ABAP', 'Fiori UI5']","Desde Hays nos encontramos en búsqueda de un/a Desarrollador/a SAP-ABAP para empresa final ubicada en Valencia

¿Qué requisitos debes de cumplir?

- 3 años o más de ...",04/10/2024Valencia (Híbrido)Analista Programador
https://www.tecnoempleo.com/programador-microsoft-dynamics-365-bc-hibrido/microsoft-dynamics-365-bc/rf-503f149f32b83387c048,Programador Microsoft Dynamics 365 BC,HAYS,['Microsoft Dynamics 365 BC'],Desde HAYS estamos buscando un programador Microsoft Dynamics (Business Central) para incorporarse a la sede de Murcia de una de empres importante a nivel internacional y con ...,27/09/2024Murcia (Híbrido)Analista Programador36.000€ - 45.000€ b/a
https://www.tecnoempleo.com/net-developer-presencial/net/rf-83d612af0248c32adc4d,.NET Developer,HAYS,['.net'],"Desde Hays nos encontramos en búsqueda de un DESARROLLADOR/A .NET para sumarse a equipo al equipo IT de empresa final sector IT

¿Qué estamos buscando?

- Profesional con 3...",20/09/2024Valencia (Presencial)Desarrollador Web33.000€ - 36.000€ b/a
https://www.tecnoempleo.com/sap-abap-developer-presencial/sap-abap/rf-1da71fede29c63ab8a4c,SAP ABAP Developer,HAYS,"['sap', 'abap']",Desde Hays estamos colaborando con una gran empresa multinacional líder en su sector que busca incorporar en su equipo de IT un/a Senior Programador SAP ABAP en la zona de ...,16/09/2024Castellón (Presencial) y otrasAnalista Programador
https://www.tecnoempleo.com/programador-php-hibrido/php-symfony-html-javascript/rf-3c9c1feca29a33be0146,Programador PHP,HAYS,"['PHP', 'Symfony', 'HTML']","Desde HAYS nos encontramos en búsqueda de un Desarrollador Senior con PHP – Symfony para una importante empresa del sector jurídico financiero.

¿Qué necesitas?

Contar ...",13/09/2024Valencia (Híbrido)Desarrollador Web
https://www.tecnoempleo.com/python-developer-100-remoto-remoto/python-oop-unittest-apis/rf-157c1c76b2f1a3172642,Python Developer - 100% remoto,HAYS,"['python', 'OOP', 'UnitTest']","Desde Hays, estamos trabajando para una empresa de producto propio de la comunidad valenciana que busca incorporar un Python BackEnd Developer a su equipo de desarrollo.
...",09/09/2024100% remotoProgramador36.000€ - 42.000€ b/a
https://www.tecnoempleo.com/consultor-tecnico-hacking-etico-bizkaia/powershell-python-red-team-malware/rf-e678kba348e0e7c862i0,Consultor/a tecnico/a Hacking etico,Grupo SIA,"['Powershell', 'Python', 'Red Team']",Somos la compañía de Indra especializada en ciberseguridad líder en España y Portugal. Contamos con el talento de más de 1.500 profesionales que trabajan cada día con ...,06/09/2024BizkaiaCiberseguridad
https://www.tecnoempleo.com/ingeniero-redes-data-center-lan-madrid/redes-firewall-seguridad/rf-264916b60224b3a76b47,Ingeniero/a de Redes (Data Center/LAN),Alcorce Telecomunicaciones,"['redes', 'firewall', 'seguridad']","Debido a la expansión de Alcorce Telecomunicaciones, S.L. precisamos cubrir varias posiciones de Ingeniero/a de redes (Data Center/LAN), para trabajar en los servicios que ...",23/08/2024MadridRedes
https://www.tecnoempleo.com/odoo-developer-presencial/odoo-python-django/rf-51531192925353c12043,ODOO Developer,HAYS,"['Odoo', 'Python', 'Django']","Desde Hays nos encontramos en búsqueda de un/a DESARROLLADOR/A ODOO para importante empresa final a nivel nacional para su sede en Valencia
  
¿Que buscamos?
 
- Experiencia...",23/08/2024Valencia (Presencial) y otrasProgramador36.000€ - 45.000€ b/a
https://www.tecnoempleo.com/fullstack-engineer-c-python-angular-hibrido/c-python-javascript/rf-9d511826b2b033139549,"Fullstack Engineer - C#, Python, Angular",Kureos,"['C#', 'Python', 'Javascript']","Únete a Nuestro Equipo como Desarrollador de C#!

Estás listo para ser el pilar de nuestras principales aplicaciones en el mercado energético? Estamos buscando un ...",14/08/2024Madrid (Híbrido)Programador42.000€ - 54.000€ b/a
https://www.tecnoempleo.com/fullstack-engineer-hibrido/c-react-rabbitmq/rf-c8a313df42ed1370b749,Fullstack Engineer,Kureos,"['C#', 'React', 'RabbitMQ']","Únete a nuestro equipo como Ingeniero Fullstack!

Estás listo para sumergirte en el emocionante mundo de los sistemas de trading continuo intradía? Estamos buscando a una ...",12/08/2024Madrid (Híbrido)Programador45.000€ - 74.000€ b/a
https://www.tecnoempleo.com/desarrollador-android-100-remoto-remoto/android-kotlin/rf-066c179ac2555347ed48,Desarrollador/a Android (100% remoto),Alcorce Telecomunicaciones,"['android', 'kotlin']","Debido a la expansión de Alcorce Telecomunicaciones, S.L. precisamos cubrir varias posiciones de Desarrollador/a ANDROID en modalidad 100% teletrabajo. 

Rol:

Desarrollador/...",29/07/2024100% remotoDesarrollador Móvil
https://www.tecnoempleo.com/coordinador-informatica-presencial/hardware-software/rf-34901823326f63278b4d,Coordinador/a Informática,Grupo Sermicro,"['Hardware', 'Software']","Te invitamos a formar parte de nuestro equipo!

Actualmente estamos buscando un/a Técnico/a microinformático para trabajar en un servicio para grandes empresas.

Te ...",26/07/2024Ceuta (Presencial)Soporte Técnico
https://www.tecnoempleo.com/desarrollador-libreoffice-cib-labs/openoffice-c/rf-d33812ee12740317f644,Desarrollador/a LibreOffice,CIB labs,"['LibreOffice', 'OpenOffice', 'C']",En CIB somos expertos en digitalización y automatización con inteligencia artificial. Nuestra misión es liberar a las empresas y administraciones de las tareas tediosas del...,05/07/2024100% remotoAnalista Programador
https://www.tecnoempleo.com/programador-c-remoto-remoto/c-c/rf-dd261881926ea39eba41,Programador/a C++ (Remoto),Alcorce Telecomunicaciones,"['c++', 'c#']","Debido a la expansión de Alcorce Telecomunicaciones, SL precisamos cubrir una posición de Programador/a C++ para trabajar en modalidad Remota en los servicios que prestamos ...",28/06/2024100% remotoProgramador
https://www.tecnoempleo.com/frontend-developer-angular-hibrido/angular-html-css-javascript-typescript/rf-e524150cb26603fdc147,FrontEnd Developer - Angular,HAYS,"['Angular', 'HTML', 'CSS']","Desde Hays, estamos buscando un/a desarrollador FrontEnd con Angular para incorporarse a un equipo de profesionales con gran experiencia en una empresa con producto propio, ...",07/06/2024Valencia (Híbrido)Desarrollador Web
https://www.tecnoempleo.com/tecnico-help-desk-l2-presencial/citrix-helpdesk/rf-b08217e5c20b6302b34a,Técnico/a HELP DESK L2,The Adecco Group,"['Citrix', 'helpdesk']","¿Tienes experiencia como helpdesk L2? ¿Buscas una empresa estable con un buen ambiente de trabajo? Esta oferta te puede interesar.

Desde el grupo Adecco buscamos un help ...",31/05/2024Madrid (Presencial)Helpdesk21.000€ - 24.000€ b/a
https://www.tecnoempleo.com/senior-java-developer-madrid/java-aws-spring-dockers/rf-7bd32dbc0c41bxd274o1,Senior Java developer,Apolo IT Group,"['java', 'aws', 'spring']","Empresa dedicada a la prestación de servicios de tecnologías de la información en todas las áreas de IT, y en actual expansión a otros campos de la Ingeniería, ...",27/05/2024MadridDesarrollador Web
https://www.tecnoempleo.com/analistas-programadores-java-madrid/java-j2ee-javascript-jquery-oracle-pl-/rf-94ddib450g32d70833yf,Analistas Programadores Java,Apolo IT Group,"['java', 'j2ee', 'javascript']","Empresa dedicada a la prestación de servicios de tecnologías de la información en todas las áreas de IT, y en actual expansión a otros campos de la Ingeniería, ...",24/05/2024MadridAnalista Programador
https://www.tecnoempleo.com/tecnico-senior-net-madrid/net-asp-mvc/rf-75c52c947ufc1x5fab57,Técnico Senior .NET,Apolo IT Group,"['net', 'asp', 'mvc']","Empresa dedicada a la prestación de servicios de tecnologías de la información en todas las áreas de IT, y en actual expansión a otros campos de la Ingeniería.

Se ...",24/05/2024MadridDesarrollador Web
https://www.tecnoempleo.com/ai-developer-hibrido/python-llm-tensorflow-pytorch/rf-0cd11529f2be03117049,AI Developer,HAYS,"['Python', 'LLM', 'TensorFlow']","Desde Hays, estamos trabajando para una empresa líder en investigación y desarrollo en el ámbito de la neurociencia aplicada y las tecnologías emergentes, que está ...",20/05/2024Valencia (Híbrido)Inteligencia Artificial/Machine Learning
https://www.tecnoempleo.com/ios-swift-developer-hibrido/ios-swift-git/rf-4fb319cfb288d3da914a,iOS (SWIFT) Developer,HAYS,"['ios', 'swift', 'git']","Desde Hays nos encontramos en búsqueda de un/una DESARROLLADOR SWIFT para incorporarse al equipo IT de empresa de producto del sector energía.

¿Qué buscamos?

- ...",10/05/2024Valencia (Híbrido) y otrasDesarrollador Móvil39.000€ - 48.000€ b/a
https://www.tecnoempleo.com/senior-backend-developer-net-remoto/net-asp-entity-tdd-ddd/rf-28531eade2630313ba4a,Senior Backend Developer (.NET),HAYS,"['NET', 'ASP', 'Entity']",Importante empresa tecnológica líder a nivel internacional y experta en desarrollo de producto propio busca incorporar en su delegación de Valencia un/a Senior Backend ...,07/05/2024100% remotoAnalista Programador33.000€ - 39.000€ b/a
https://www.tecnoempleo.com/analista-programador-java-madrid/java-j2ee-uml-spring/rf-db881ebe92788339c846,Analista Programador Java,Indra Sistemas,"['java', 'j2ee', 'uml']",Sabes quién está detrás de más de 100 millones de aterrizajes seguros en más de 1.200 pistas de aeropuertos de todo el mundo? ¿Quién ha hecho más inteligente la ...,07/05/2024MadridAnalista Programador
https://www.tecnoempleo.com/tech-lead-net-hibrido/c-net-core-entity-linq-web-apis/rf-f34f1295f2960363c444,Tech Lead .NET,HAYS,"['C#', '.Net Core', 'Entity']","Desde HAYS estamos en búsqueda un desarrollador Senior con experiencia en liderazgo técnico para liderar un equipo multifuncional, en el departamento de desarrollo de una ...",03/05/2024Valencia (Híbrido)Desarrollador Web
https://www.tecnoempleo.com/php-laravel-developer-hibrido/php-laravel-docker-git/rf-26b412c9d291b36a174e,PHP (LARAVEL) Developer,HAYS,"['php', 'laravel', 'docker']","Desde Hays nos encontramos en búsqueda de un/una DESARROLLADOR PHP para incorporarse al equipo IT de empresa nacional:

¿Qué buscamos?

- Profesional con 3/4 años de ...",08/04/2024Valencia (Híbrido) y otrasAnalista Programador33.000€ - 33.000€ b/a
https://www.tecnoempleo.com/senior-aem-developer-back-end-remoto/aem-junit-mockito-git-maven/rf-b9881871c2a703826c4b,Senior AEM Developer (Back End),HAYS,"['AEM', 'JUnit', 'Mockito']","Desde Hays estamos trabajando para una empresa de desarrollo de software a nivel global, que está buscando incorporar a un Desarrollador Senior de AEM para unirse a su equipo...",04/04/2024100% remotoProgramador
https://www.tecnoempleo.com/fullstack-developer-javascript-hibrido/javascript-typescript-node-vue-next/rf-e14c1db812413356be4a,FullStack Developer - Javascript,HAYS,"['JavaScript', 'TypeScript', 'Node']",Desde Hays nos encontramos en búsqueda de un/a Desarrollador/a Full Stack - Javascript para incorporarse al equipo de desarrollo de una empresa de Valencia en plena expansió...,28/03/2024Valencia (Híbrido)Desarrollador Web
https://www.tecnoempleo.com/net-or-c-developer-zona-alzira-hibrido/net-c/rf-a9f91938420783e58a43,.NET or C# Developer zona Alzira,HAYS,"['.net', 'c#']","Desde Hays nos encontramos en búsqueda de un DESARROLLADOR/A SENIOR C# O .NET para sumarse a equipo al equipo IT de empresa final sector industrial.


¿Qué estamos buscando...",26/03/2024Valencia (Híbrido) y otrasDesarrollador Web42.000€ - 48.000€ b/a
https://www.tecnoempleo.com/analista-programador-java-madrid/java-javascript-j2ee-json-xml-html-pl-sql/rf-2ee8y6269nb5823e051f,Analista Programador Java,Apolo IT Group,"['java', 'javascript', 'j2ee']","Empresa dedicada a la prestación de servicios de tecnologías de la información en todas las áreas de IT, y en actual expansión a otros campos de la Ingeniería, ...",23/02/2024MadridAnalista Programador
https://www.tecnoempleo.com/cloud-developer-hibrido/aws-azure-python-java-nodejs/rf-a22913a68296f31bab49,Cloud Developer,HAYS,"['AWS', 'Azure', 'Python']","Desde Hays nos encontramos en búsqueda de un DESARROLLADOR/A CLOUD para sumarse a equipo al equipo IT de empresa final sector IT

¿Qué estamos buscando?
- Profesional con 4...",23/02/2024Valencia (Híbrido) y otrasDesarrollador Web45.000€ - 60.000€ b/a
https://www.tecnoempleo.com/nav-developer-hibrido/navision-business-central-dynamics-fo/rf-9d6c199fa2dc33eef04e,NAV Developer,HAYS,"['Navision', 'Business Central', 'Dynamics FO']","Desde Hays nos encontramos en búsqueda de un DESARROLLADOR/A SENIOR NAVISION para sumarse a equipo al equipo IT de empresa final sector industrial.

¿Qué estamos buscando...",13/02/2024Valencia (Híbrido) y otrasAnalista Programador45.000€ - 54.000€ b/a
https://www.tecnoempleo.com/administrador-sistemas-linux-madrid/linux-suse-redhat/rf-37d119e1c2edb34d8f43,Administrador/a de Sistemas Linux,Alcorce Telecomunicaciones,"['linux', 'Suse', 'RedHat']","Debido a la expansión de Alcorce Telecomunicaciones, SL precisamos cubrir una posición de Ingeniero/a de Sistemas Linux para trabajar en los servicios que prestamos a un ...",05/02/2024MadridTécnico de Sistemas
https://www.tecnoempleo.com/arquitecto-big-data-hibrido/big-data-datalakes-lakehouse-datamesh-datahubs/rf-5dbe18cb226ff3d2984b,Arquitecto/a Big Data,Randstad  Technologies Centro,"['Big Data', 'datalakes', 'lakehouse']","MISIÓN.

Participación en el diseño, implantación y soporte de la nueva arquitectura tecnológica BIG DATA. Establecer los pipelines y desarrollos necesarios para permitir...",30/01/2024Madrid (Híbrido)Big Data
https://www.tecnoempleo.com/programador-senior-j2ee-madrid/j2ee-struts-spring-hibernate-jboss-eclipse-/rf-316c1aabd29203ed7a43,Programador Senior J2EE,Indra Sistemas,"['j2ee', 'struts', 'spring']",Sabes quién está detrás de más de 100 millones de aterrizajes seguros en más de 1.200 pistas de aeropuertos de todo el mundo? ¿Quién ha hecho más inteligente la ...,24/01/2024MadridProgramador
https://www.tecnoempleo.com/programador-front-angular-html5-madrid/angular-html5-css3-git-jenkins/rf-19b61f00f2ba33be364a,Programador Front Angular-HTML5,Indra Sistemas,"['angular', 'html5', 'css3']","Desde Captación del Talento de Indra estamos en pleno proceso de selección para incorporar perfiles Senior en entorno Front. 
La incorporación seria como Indefinido y en ...",02/01/2024MadridProgramador
https://www.tecnoempleo.com/desarrollador-front-end-madrid/javascript-angular-vue-bootstrap-react/rf-440b1e94d255b36c6c4f,Desarrollador Front End,Indra Sistemas,"['javascript', 'angular', 'vue']","Desde la nueva división digital de Indra, MINSAIT, estamos buscando para plantilla un profesional con experiencia mínimo 2 años o más dedicados a realizar proyectos web y ...",01/01/2024MadridDesarrollador Web
https://www.tecnoempleo.com/desarrollo-software-junior-madrid/c-c-java/rf-1e191780c239e3477f44,Desarrollo software junior,Indra Sistemas,"['C++', 'C', 'Java']","Hay distintas oportunidades laborales en mercados como tecnología y gestión del producto, programador europeos de tráfico aéreo, defensa, etc...dónde se buscan perfiles ...",01/01/2024MadridProgramador
https://www.tecnoempleo.com/programador-net-madrid/net-sql-microsoft-dynamics-crm-oracle-sharepoint-c/rf-c08a117ef22f1369704c,Programador .Net,Indra Sistemas,"['.Net', 'SQL', 'Microsoft Dynamics']",En Indra apostamos por el talento.  Buscamos recién graduados en Ingenierías y con conocimiento en programación que quieran unirse a nuestros proyectos actuales y crecer ...,01/01/2024MadridAnalista Programador
https://www.tecnoempleo.com/desarrollador-java-madrid/java-xml-voip-linux-avaya/rf-a4fb1cf4b21fc32a4e48,Desarrollador Java,Indra Sistemas,"['java', 'xml', 'voip']",En Indra apostamos por el talento. Desde nuestro departamento de Transformación Digital buscamos talento Junior recién graduado en Ingenierías y con conocimiento en ...,01/01/2024MadridAnalista Programador
https://www.tecnoempleo.com/desarrollador-back-end-senior-hibrido/php-symfony-mysql-mariadb/rf-01b81c9bf2cff3b3f943,Desarrollador/a Back-End Senior,Gestionet Multimedia,"['PHP', 'Symfony', 'MySQL']","Buscamos un Desarrollador/a Senior con al menos 3 años de experiencia demostrable en funciones similares. 
Se incorporará a un equipo con altas competencias técnicas para ...",19/12/2023Bizkaia (Híbrido)Programador
https://www.tecnoempleo.com/project-manager-conocimientos-itil-hibrido-hibrido/pmp-itil/rf-59b81540c240b33a1a45,Project Manager. Conocimientos ITIL. Hibrido,Grupo NS,"['PMP', 'ITIL']","Desde Grupo NS precisamos incorporar un perfil Project Manager con al menos 3 años de experiencia desarrollando funciones propias del puesto. 

Se trata de una modadlidad Hí...",16/11/2023Barcelona (Híbrido)Jefe de Proyecto
https://www.tecnoempleo.com/programador-php-laravel-symfony-remoto/php-laravel-symfony-javascript-html/rf-f095e837el53cs7c6ega,Programador/a PHP (Laravel / Symfony),The Adecco Group,"['PHP', 'Laravel', 'Symfony']","¿Tienes experiencia como programador/a PHP? ¿Te gustaría poder incorporarte a una empresa estable con un potente equipo de desarrolladores/as? ¿Buscas el 100% remoto?

¡...",30/10/2023100% remotoDesarrollador Web21.000€ - 33.000€ b/a
https://www.tecnoempleo.com/consultor-grc-madrid/iso-27001-iso-22301-control-riesgos-pilar-seguridad-l/rf-2ef912f302d68357354f,Consultor/a GRC,Grupo SIA,"['ISO 27001', 'ISO 22301', 'control de riesgos']",Somos la compañía de Indra especializada en ciberseguridad líder en España y Portugal. Contamos con el talento de más de 1.500 profesionales que trabajan cada día con ...,20/10/2023MadridConsultor
https://www.tecnoempleo.com/oracle-sql-server-dba-madrid/oracle-sql-server/rf-3d4bba4f6rfdbca57b45,Oracle y SQL Server DBA,Apolo IT Group,"['oracle', 'sql server']","Empresa dedicada a la prestación de servicios de tecnologías de la información en todas las áreas de IT, y en actual expansión a otros campos de la Ingeniería.

Se ...",10/10/2023MadridBase de Datos/DBA
https://www.tecnoempleo.com/desarrollador-java-remoto/java-springboot/rf-73f5147e925063b8e645,Desarrollador Java,Talent Search People,"['java', 'springboot']","Buscamos Desarrolladores Java con o sin experiencia en microservicios para trabajar 100% remoto en TERRITORIO ESPAÑOL

•	Tendrás la posibilidad de asumir nuevos retos, ...",22/09/2023100% remotoDesarrollador Web
https://www.tecnoempleo.com/senior-angular-developer-madrid/angular-angularjs-javascript-selenium-git-/rf-2dcc18876271734ece4d,Senior Angular Developer,Talent Search People,"['Angular', 'AngularJS', 'JavaScript']","¿Cuentas con experiencia en desarrollo Front-End con Angular y te gustaría incorporarte a una de las mayores empresas tecnológicas del mundo? ¡Te estamos buscando!

...",12/09/2023MadridDesarrollador Web
https://www.tecnoempleo.com/administrador-a-de-seguridad-perimetral-100-en-rem/checkpoint-firewall/rf-8ac4uf852x6076dee64b,Administrador/a de Seguridad perimetral,Grupo SIA,"['checkpoint', 'firewall']","SIA, la compañía líder en ciberseguridad de Indra, cuenta con una sólida reputación en el mercado de la seguridad a nivel nacional y con más de 1.300 profesionales con ...",25/08/2023100% remotoAdministrador
https://www.tecnoempleo.com/tecnico-soporte-ingles-alto-madrid/soporte-microinformatica/rf-aac918e922c923a1fd47,Técnico/a de soporte (Inglés alto),The Adecco Group,"['soporte', 'microinformática']","¿Tienes experiencia realizando soporte técnico en empresas? ¿Tienes nivel de inglés alto? ¡No pierdas esta oportunidad!

Desde Adecco estamos seleccionando un técnico de...",04/08/2023MadridHelpdesk24.000€ - 24.000€ b/aContrato temporal
https://www.tecnoempleo.com/ingeniero-cpm-barcelona-o-sevilla-barcelona/gmao-sap/rf-9c6f195bd2ec331cb24c,Ingeniero/a CPM Barcelona o Sevilla,The Adecco Group,"['GMAO', 'SAP']","¿Eres titulado/a en Ingeniería Industrial en especialidades de Electrónica Industrial y Automática, ó Telecomunicaciones.?
¿Tienes movilidad geográfica a nivel nacional...",06/07/2023Barcelona y otrasIngenieros/IndustriaContrato temporal
https://www.tecnoempleo.com/desarrollador-java-team-lead-madrid/java/rf-0dc71af2329e63728742,Desarrollador Java (team lead),ElCactus,['java'],"Java Developer
Complete dedication in Madrid.

ElCactus is looking for Java Software Developers to work in a long term project with our client, a global Swiss company leader ...",23/06/2023Madrid y otrasProgramador48.000€ - 54.000€ b/a
https://www.tecnoempleo.com/ingeniero-pruebas-automatizadas-madrid/python-linux/rf-7df11452a29e036fd94e,Ingeniero/a pruebas automatizadas,The Adecco Group,"['Python', 'Linux']","¿Tienes experiencia como Desarrollador/a Python? ¿Buscas unas empresa estable donde seguir desarrollándote? Esta puede ser tu oportunidad.

Desde Adecco buscamos un/a ...",23/06/2023MadridDesarrollador Móvil30.000€ - 39.000€ b/a
https://www.tecnoempleo.com/programador-php-presencial-valencia/php-lamp-apis-sql/rf-7fee1917721863b1e945,Programador PHP - Presencial,The Adecco Group,"['php', 'LAMP', 'APIs']","¿Te encuentras en busca de una nueva oportunidad laboral? ¿Tienes experiencia trabajando con entorno LAMP?

Desde Adecco selección nos encontramos en busca de un perfil ...",05/05/2023ValenciaProgramador24.000€ - 27.000€ b/a
https://www.tecnoempleo.com/fullstack-con-frances-remoto/java-nodejs-angular-mongodb-agile-scrum/rf-c7751cacc2d4c3b34e4d,Fullstack con Frances,Sopra Steria,"['Java', 'NodeJs', 'Angular']",Sopra Steria trabajamos para hacer posible la transformación digital de nuestros clientes y para conseguirlo necesitamos seguir creciendo y sumando gracias a personas como t...,03/03/2023100% remotoDesarrollador Web
https://www.tecnoempleo.com/programador-cobol-junior-con-frances-valencia/cobol/rf-ced484d76i5f41d94b93,Programador/a Cobol Junior con Francés,Sopra Steria,['cobol'],En Sopra Steria trabajamos para hacer posible la transformación digital de nuestros clientes y para conseguirlo necesitamos seguir creciendo y sumando gracias a personas como...,03/03/2023ValenciaAnalista Programador
https://www.tecnoempleo.com/programadores-java-j2ee-junior-frances-valencia/java-j2ee-javascript-pl-sq/rf-0b8fdb6f7v510843f832,Programadores Java/J2EE Junior Frances,Sopra Steria,"['java', 'J2EE', 'javascript']","En SOPRA STERIA estamos construyendo una gran empresa con personas como tú, interesadas en crecer, evolucionar y transformar nuestro entorno. Nuestros valores de espíritu de...",03/03/2023Valencia y otrasProgramador
https://www.tecnoempleo.com/programador-java-con-franc-s-madrid/java-j2ee/rf-9529609a6r968w04e31c,Programador/a Java con FRANCÉS,Sopra Steria,"['java', 'J2EE']",Sopra Steria trabajamos para hacer posible la transformación digital de nuestros clientes y para conseguirlo necesitamos seguir creciendo y sumando gracias a personas como t...,28/02/2023Madrid y otrasAnalista Programador
https://www.tecnoempleo.com/programadores-java-j2ee-con-frances-barcelona/java-j2ee/rf-5f6ez7781b76av7268va,Programadores Java/J2EE  con Frances,Sopra Steria,"['Java', 'J2EE']","En SOPRA STERIA estamos construyendo una gran empresa con personas como tú, interesadas en crecer, evolucionar y transformar nuestro entorno. Nuestros valores de espíritu de...",24/02/2023Barcelona y otrasProgramador
https://www.tecnoempleo.com/senior-frontend-developer-granada/javascript-vuejs-nuxtjs-html-css-git/rf-3bd91808727ab3fae94d,Senior frontend Developer,The Adecco Group,"['JavaScript', 'Vue.js', 'Nuxt.js']","Buscamos un desarrollador frontend con experiencia de al menos 3 años en JavaScript (ECMAScript 6) y frameworks como Vue.js y Nuxt.js. Además, experiencia en HTML y CSS/SASS...",24/02/2023GranadaDesarrollador Web21.000€ - 33.000€ b/a
https://www.tecnoempleo.com/it-project-manager-con-frances-sevilla/project-manager-gestion-proyectos-i/rf-ba12p0af5p6fb7bff4p6,IT Project Manager con Francés,Sopra Steria,"['Project Manager', 'gestión proyectos', 'it']",En Sopra Steria trabajamos para hacer posible la transformación digital de nuestros clientes y para conseguirlo necesitamos seguir creciendo y sumando gracias a personas como...,06/02/2023SevillaJefe de Proyecto
https://www.tecnoempleo.com/qa-tester-con-frances-valencia/hp-alm-selenium/rf-2ac0ceecce02047c8av3,QA Tester con Francés,Sopra Steria,"['HP ALM', 'Selenium']",En Sopra Steria trabajamos para hacer posible la transformación digital de nuestros clientes y para conseguirlo necesitamos seguir creciendo y sumando gracias a personas como...,27/01/2023ValenciaTester/QA
https://www.tecnoempleo.com/it-project-manager-con-frances-barcelona/project-manager-it-frances-desarr/rf-d65fyb5454581h6af7yc,IT Project Manager con Francés,Sopra Steria,"['Project Manager', 'it', 'frances']",En Sopra Steria trabajamos para hacer posible la transformación digital de nuestros clientes y para conseguirlo necesitamos seguir creciendo y sumando gracias a personas como...,27/01/2023Barcelona y otrasJefe de Proyecto
https://www.tecnoempleo.com/programador-net-con-frances-valencia/net/rf-f604ra9528d00p500075,Programador/a .NET con Francés,Sopra Steria,['.net'],En Sopra Steria trabajamos para hacer posible la transformación digital de nuestros clientes y para conseguirlo necesitamos seguir creciendo y sumando gracias a personas como...,23/01/2023ValenciaProgramador
https://www.tecnoempleo.com/consultor-sap-modulo-mm-madrid/sap-sap-mm/rf-d3ec1241525ba3b1754e,Consultor/a SAP Módulo MM,The Adecco Group,"['SAP', 'SAP MM']","¿Tienes experiencia como técnico de SAP? ¿Estás buscando una empresa donde desarrollarte y tener una posición estable? ¡Sigue leyendo!
Nuestra empresa cliente está ...",23/12/2022Madrid y otrasConsultor
https://www.tecnoempleo.com/operador-fraude-barcelona/phishing-malware/rf-5472f174frfc8nef4bs1,Operador/a Fraude,Grupo SIA,"['Phishing', 'Malware']",Somos la compañía de Indra especializada en ciberseguridad líder en España y Portugal. Contamos con el talento de más de 1.500 profesionales que trabajan cada día con ...,02/12/2022Barcelona y otrasCiberseguridad
https://www.tecnoempleo.com/tecnico-junior-seguridad-perimetral-asturias/seguridad-tcp-ip/rf-4bd41728728e038f144c,Tecnico/a junior seguridad perimetral,Grupo SIA,"['seguridad', 'TCP/IP']","SIA, la compañía líder en ciberseguridad de Indra, cuenta con una sólida reputación en el mercado de la seguridad a nivel nacional y con más de 1.500 profesionales con ...",08/11/2022AsturiasTécnico de Sistemas
https://www.tecnoempleo.com/tecnico-microinformatico-a-barcelona/microinformatica-software-hardware/rf-81d1v3ced6cbfrec64z0,Técnico/a microinformático/a,The Adecco Group,"['microinformática', 'Software', 'Hardware']","¿Tienes experiencia en el campo de la informática? ¿Te apasiona el mundo de los componentes, el diseño y la reparación? Si todas tus respuestas han sido afirmativas ¡...",28/10/2022BarcelonaTécnico de MantenimientoContrato temporal
https://www.tecnoempleo.com/padawan-del-switching-routing-lava/switch-routiing-dns-dhcp/rf-246569fa68121hc492k4,Padawan del switching y routing,The Adecco Group,"['switch', 'routiing', 'DNS']","Si tienes un perfil junior y lo que quieres es ganar experiencia y desarrollarte en una gran empresa

Esta oferta es perfecta para ti

El alcance de tu entramiento será el ...",22/09/2022ÁlavaRedes18.000€ - 18.000€ b/aContrato temporal
https://www.tecnoempleo.com/tecnico-soporte-con-ingles-belgica-madrid/soporte/rf-ea7a1d3ef22f5361a740,Técnico/a Soporte con inglés Bélgica,Sopra Steria,['soporte'],En Sopra Steria trabajamos para hacer posible la transformación digital de nuestros clientes y para conseguirlo necesitamos seguir creciendo y sumando gracias a personas como...,17/08/2022Madrid y otrasHelpdesk
https://www.tecnoempleo.com/desarrollador-java-asturias/java-html-html5-xls-xml/rf-fa4azd1aeb36di0c7a73,Desarrollador Java,Apolo IT Group,"['java', 'HTML', 'HTML5']","Empresa dedicada a la prestación de servicios de tecnologías de la información en todas las áreas de IT, y en actual expansión a otros campos de la Ingeniería, ...",26/07/2022AsturiasDesarrollador Web
https://www.tecnoempleo.com/big-data-developer-madrid/java-unix-oracle/rf-6c7c39021p0d0k1045o5,Big Data Developer,Apolo IT Group,"['java', 'unix', 'oracle']","Empresa dedicada a la prestación de servicios de tecnologías de la información en todas las áreas de IT, y en actual expansión a otros campos de la Ingeniería, ...",26/07/2022MadridBig Data
https://www.tecnoempleo.com/tecnico-sistemas-aplicaciones-madrid/jboss-websphere-tomcat/rf-840fx5063vb698fa98jc,Técnico/a de Sistemas de aplicaciones,Grupo SIA,"['Jboss', 'Websphere', 'Tomcat']","SIA, la compañía líder en ciberseguridad de Indra, cuenta con una sólida reputación en el mercado de la seguridad a nivel nacional y con más de 1.500 profesionales con ...",20/07/2022MadridAdministrador
https://www.tecnoempleo.com/ingeniero-a-de-seguridad-cloud-100-en-remoto/cloud-seguridad-unix/rf-c96a05bbeo7fcs751a1b,Ingeniero/a de Seguridad Cloud,Grupo SIA,"['Cloud', 'Seguridad', 'unix']","SIA, la compañía líder en ciberseguridad de Indra, cuenta con una sólida reputación en el mercado de la seguridad a nivel nacional y con más de 1.300 profesionales con ...",14/03/2022100% remotoCiberseguridad
https://www.tecnoempleo.com/beca-en-ciberseguridad-madrid/java-python/rf-af7fu120ej08e734f0d9,Beca en Ciberseguridad,Grupo SIA,"['Java', 'Python']","Que estés cursando tu último año de carrera o postgrado en las áreas de Telecomunicaciones, Ingeniería Informática o Industrial, Ciberseguridad, Desarrollo de software...",25/01/2022Madrid y otrasCiberseguridadContrato prácticas
https://www.tecnoempleo.com/fullstack-net-angular-barcelona/net-angular/rf-6d4cwa441o6d2reff4zd,Fullstack .NET / ANGULAR,Adecco Outsourcing,"['net', 'angular']","Desde Modis IT del Grupo ADECCO, buscamos un perfill full stack con .net y angular para una posición ESTABLE, ubicada en Barcelona.

Las principales funciones serán:

· An...",13/12/2021BarcelonaProgramador
https://www.tecnoempleo.com/analista-programador-java-j2ee-salamanca/java-j2ee-swing-java-fx-hibernate/rf-47d3k002eqad779ef438,Analista Programador JAVA/J2EE,The Adecco Group,"['Java', 'J2EE', 'Swing']","¿Te apasiona el mundo de la informática? ¿Buscas una oportunidad estable? ¿Tienes experiencia en desarrollos en Java/J2EE, Swing, Java FX e Hibernate? ¿Tienes la titulaci...",09/11/2021Salamanca y otrasAnalista Programador
https://www.tecnoempleo.com/service-desk-analyst-frances-madrid/active-directory/rf-2fd94934aka0ak8000r7,Service Desk Analyst (FRANCES),Adecco Outsourcing,['Active Directory'],"Desde MODIS IT consultora GLOBAL especializada en IT y perteneciente al Grupo Adecco, te estamos buscando a ti!

¡¡!! Si te interesa un proyecto ESTABLE en un ambiente ...",28/09/2021MadridHelpdesk21.000€ - 21.000€ b/a
https://www.tecnoempleo.com/admin-de-sistemas-senior-con-ingles-madrid/powershell-sccm-microsoft-excha/rf-416ao0cc3o3bc382f323,Admin de Sistemas Senior con Ingles,Adecco Outsourcing,"['powershell', 'sccm', 'Microsoft Exchange']","Desde MODIS IT consultora GLOBAL especializada en IT, te estamos buscando a ti!



Si te interesa un proyecto ESTABLE en un gran ambiente de trabajo, esta es TU OPORTUNIDAD...",21/09/2021MadridAdministrador
https://www.tecnoempleo.com/dba-oracle-ingles-alto-madrid/oracle-rman-rac-linux/rf-699b14656qd8eoaa56p6,DBA Oracle - Inglés Alto,Adecco Outsourcing,"['oracle', 'RMAN', 'RAC']","Desde MODIS IT consultora GLOBAL especializada en IT buscamos un/a Administrador/a de Bases de Datos Oracle.

PROYECTO ESTABLE Y DE LARGA DURACIÓN

Buscamos personas con ...",20/09/2021Madrid y otrasAdministrador
https://www.tecnoempleo.com/tecnico-a-sistemas-was-tomcat-script-madrid/tomcat-was/rf-41c0ga909n96aid49fm2,"Técnico/a Sistemas WAS, tomcat + script",Adecco Outsourcing,"['tomcat', 'WAS']","Desde MODIS IT consultora GLOBAL especializada en IT, te estamos buscando a ti!

¡Si te interesa un proyecto ESTABLE en un gran ambiente de trabajo, esta es TU OPORTUNIDAD!

...",14/09/2021MadridAdministrador
https://www.tecnoempleo.com/devops-barcelona/gitlab-sonar-nexus-artifactory-saucelabs-appcenter/rf-1e85hd86d88a7macfcw7,DevOps,Adecco Outsourcing,"['GitLab', 'Sonar', 'Nexus']","Desde Modis IT del Grupo ADECCO, buscamos un DevOps para una posición ESTABLE, ubicada en Barcelona.

¿Qué buscamos?

·Desarrollo de pipelines en Jenkins con integraciones...",24/08/2021BarcelonaDevOps30.000€ - 42.000€ b/a
https://www.tecnoempleo.com/service-desk-analyst-barcelona/service-desk/rf-553ah9339o7c1od13bv3,Service Desk Analyst,The Adecco Group,['Service Desk'],"Adecco Granollers precisa incorporar a un Service Desk Analyst para una importante empresa ubicada en Sant Celoni.
La vacante es temporal, para 3 meses de duración, con ...",27/07/2021BarcelonaHelpdesk27.000€ - 27.000€ b/aContrato temporal
https://www.tecnoempleo.com/tecnico-de-sistemas-exchange-asturias/exchange-office-365-powershell-activ/rf-e53bz2ebbj7d7j333e0f,Técnico de sistemas Exchange,Apolo IT Group,"['exchange', 'office 365', 'powershell']","Empresa dedicada a la prestación de servicios de tecnologías de la información en todas las áreas de IT, y en actual expansión a otros campos de la Ingeniería, ...",21/07/2020Asturias y otrasTécnico de Sistemas
https://www.tecnoempleo.com/ingeniero-a-informatico-a-tarragona/plc/rf-c6e3sf888o76b4780fsa,Ingeniero/a Informático/a,The Adecco Group,['PLC'],"Si te gustaría trabajar en una empresa en expansión con muy buen clima y beneficios sociales, en una gran planta con un departamento informático especializado en maquinaria...",07/07/2020TarragonaHelpdesk
https://www.tecnoempleo.com/arquitecto-java-madrid/java/rf-6468e7eadpd27n48cb23,Arquitecto Java,Indra Sistemas,['java'],Como parte esencial de nuestro equipo en nuestras oficinas de Miguel Yuste (Madrid) buscamos incorporar un profesional con experiencia en Arquitectura Java para integrarse en ...,03/06/2020MadridArquitecto TIC
https://www.tecnoempleo.com/sql-server-data-analyst-and-bi-developer-sta-cruz-/sql-bi-azure/rf-830ci03411f942248ba9,SQL Server/Data Analyst and BI Developer,The Adecco Group,"['sql', 'bi', 'azure']","If you have a Bachelor´s degree in Computer Science, Engineering or equivalent and at least 3 years working as administrator of MS SQL Server, we are looking for you!

We are...",23/09/2019Sta. Cruz De TenerifeAdministrador
https://www.tecnoempleo.com/senior-full-stack-developer-sta-cruz-de-tenerife/net-c-asp-net-angular-rea/rf-329fb6305e62378006xc,Senior Full-Stack developer,The Adecco Group,"['net', 'c#', 'asp net']","Do you have at least 4 years of progressive development experience in .NET technologies and a degree in Computer Science, Engineering or equivalent? Look no further...

We are...",23/07/2019Sta. Cruz De TenerifeDesarrollador Web
https://www.tecnoempleo.com/fp-superior-informatica-ai-madrid/python-powershell-automatismos/rf-7bfdi0c505023v613f21,FP Superior Informática - AI,Indra Sistemas,"['python', 'powershell', 'automatismos']",Se buscan recién graduados en el FP superior de Informática con interés en desarrollarse en el lenguaje python en un proyecto de inteligencia artificial...,28/01/2019MadridProgramador
https://www.tecnoempleo.com/desarrollo-software-madrid/java-c-html/rf-5e7ab8faf4140wc532re,Desarrollo de  Software,Indra Sistemas,"['JAVA', 'C++', 'HTML']",Buscamos perfiles Junior para el mercado de transportes con interés en desarrollarse en el campo de la programación...,07/11/2018Madrid y otrasProgramador
https://www.tecnoempleo.com/fp-superior-elecctronica-java-madrid/java-c-c/rf-78a86486065a5m9d98x3,FP Superior Elecctrónica- JAVA,Indra Sistemas,"['JAVA', 'C', 'C++']",Buscamos recién graduados en el FP Superior en Electrónica o en el FP Superior de Informática con interés en el campo de la programación...,06/11/2018MadridAnalista Programador
https://www.tecnoempleo.com/fp-automatizacion-robotica-industrial-madrid/robotica/rf-93e0n9f4221546a464qe,FP Automatización y Robótica Industrial,Indra Sistemas,['robótica'],"Buscamos un técnico superior de Automatizacion y Robotica para el área de Transporte y Defensa de la compañía.
Se requiere inglés B1 alto...",23/10/2018MadridDiseño gráfico
https://www.tecnoempleo.com/junior-android-madrid/android/rf-2184804ecu754e9b94qf,Junior Android,Indra Sistemas,['android'],- Buscamos perfiles con experiencia en Android con al menos 6 meses-  1año de experiencia para iniciarse en nuestros proyectos...,10/10/2018MadridProgramadorContrato prácticas
https://www.tecnoempleo.com/beca-ingenieria-para-sistemas-radar-madrid/c-c/rf-ab9dl93cfgb32ebbdej3,Beca Ingeniería para sistemas radar,Indra Sistemas,"['C', 'c++']","Perfil buscado: Estudiante de ingeniería (industrial, telecomunicaciones, informática, del software, de computadores).

Dentro del sector de tecnología y gestión de ...",19/09/2018MadridProgramadorJornada media jornadaContrato prácticas
https://www.tecnoempleo.com/ingeniero-telecomunicaciones-informatica-madrid/c-c-java/rf-b2a1wec96ga1ed074au4,Ingeniero telecomunicaciones/informática,Indra Sistemas,"['C', 'c++', 'Java']","BUSCAMOS INGENIEROS DE TELECOMUNICACIONES/ INFORMÁTICA/ SOFTWARE/ COMPUTADORES/ INDUSTRIALES PARA NUESTRAS ÁREAS DE TRANSPORTE Y DEFENSA, DONDE SE BUSCAN PERFILES ORIENTADOS...",19/09/2018MadridProgramador
https://www.tecnoempleo.com/ingeniero-para-sw-de-guerra-electronica-madrid/c-c-ada/rf-786cwa7c3w6d6k34c2qa,Ingeniero para SW de guerra electrónica,Indra Sistemas,"['C', 'C++', 'ADA']","Dentro del sector de Defensa de la compañía, buscamos un ingeniero para llevar a cabo el desarrollo software de un sistema de guerra electrónica para aviones de combate.

...",15/08/2018MadridProgramador
https://www.tecnoempleo.com/beca-ingenieria-para-defensa-seguridad-madrid/visual-basic-access/rf-b4a6h5a7308f3cb531x5,Beca Ingeniería para Defensa y Seguridad,Indra Sistemas,"['Visual Basic', 'Access']","Buscamos estudiantes del grado o máster de Ingeniería (telecomunicaciones, informática, del software, de computadores/ industrial) para dar soporte transversal a ...",15/08/2018MadridSoporte TécnicoJornada media jornadaContrato prácticas
https://www.tecnoempleo.com/beca-practicas-desarrollo-software-madrid/c-c-java/rf-230f4b7efaf365beac86,Beca/Prácticas Desarrollo Software,Indra Sistemas,"['c', 'c++', 'java']","Hay distintas oportunidades laborales en mercados como tecnología y gestión del producto, programas europeos de tráfico aéreo, defensa, etc...dónde se buscan perfiles ...",15/08/2018MadridProgramadorJornada media jornadaContrato prácticas
https://www.tecnoempleo.com/consultor-tecnico-ivr-vxml-madrid/ivr-avaya-genesys-vxml/rf-bf3c0dd9ch833f1f5cz1,Consultor técnico IVR/VXML,Indra Sistemas,"['IVR', 'Avaya', 'Genesys']","Desde la nueva división digital de Indra, MINSAIT, estamos buscando para plantilla un profesional con experiencia mínimo 2 años o más dedicados a realizar proyectos de ...",04/07/2018MadridConsultor
https://www.tecnoempleo.com/administrador-sistemas-linux-madrid/linux-docker-ansible-python/rf-7cf7oaf68796cz4b2as0,Administrador Sistemas Linux,Stratio,"['linux', 'docker', 'ansible']","En Stratio buscamos un Administrador de Sistemas Linux, con experiencia en Ansible, Puppet o Chef, contenedores docker y scripting en Python.  
Si eres una persona proactiva...",16/05/2018MadridAdministrador33.000€ - 42.000€ b/aJornada intensiva mañana
https://www.tecnoempleo.com/desarrolladores-java-madrid/java-spring-boot-spring-cloud/rf-b935nda87na80d1a1eh1,Desarrolladores Java,Stratio,"['java', 'spring boot', 'Spring Cloud']","Desde StratioBD estamos seleccionando Desarrolladores Java con experiencia en Spring Boot y Microservicios, para formar parte de proyecto en nuestras oficinas. 

¿Qué ...",08/11/2017Madrid y otrasAnalista Programador
https://www.tecnoempleo.com/arquitecto-fullstack-madrid/jee-java-oracle-weblogic-eclipse/rf-c5a0n1a8a1be4i0ba92d,Arquitecto Fullstack,Stratio,"['jee', 'java', 'oracle']","Experiencia de al menos 4 años realizando diseño de arquitectura y soluciones fullstack con JEE
Experiencia previa con herramientas Weblogic  y Wclipse
Experiencia con ...",25/10/2017MadridArquitecto TIC30.000€ - 36.000€ b/a
https://www.tecnoempleo.com/spark-engineer-madrid/spark-hadoop-cassandra-mongo-db-hbase/rf-5756uf6581d48v88fbud,Spark Engineer,Stratio,"['Spark', 'Hadoop', 'Cassandra']","Más de 3 años de experiencia demostrable en desarrollo de sistemas de backend
• Muy buenos conocimientos de arquitectura y programación (best-practices): unit testing, ...",03/10/2017MadridArquitecto TIC
https://www.tecnoempleo.com/arquitecto-big-data-madrid/scala-spark-hadoop-mapreduce-nosql-postgresql-c/rf-edfbmbcaec97985a89j1,Arquitecto Big Data,Stratio,"['Scala', 'Spark', 'Hadoop']","Arquitectura Big Data y bases de dato NoSQL. Postgre, cassandra, mongo etc... 
Capacidad de crear documentos de arquitectura de sistemas distribuidos. 
Experiencia en grandes ...",20/09/2017MadridArquitecto TIC
